counter,timestamp,deadtime,height_1,height_2,time_difference
3.0,1751874180.982688,0.021881588694512507,1354.0,827.0,73.0
7.0,1751874181.004821,0.003913357760662031,238.0,288.0,73.0
8.0,1751874181.017807,0.00616651418115279,1439.0,615.0,73.0
28.0,1751874181.2194974,0.0034506101469504633,1281.0,1331.0,74.0
29.0,1751874181.2337396,0.0064827099743042845,594.0,203.0,73.0
31.0,1751874181.256155,0.02834008097165992,1388.0,197.0,73.0
34.0,1751874181.2897804,0.013873760247663819,317.0,721.0,90.0
38.0,1751874181.3262103,0.005833675028888806,1372.0,1339.0,74.0
40.0,1751874181.3385096,0.014899836030512583,943.0,255.0,73.0
41.0,1751874181.343573,0.007972826343350474,483.0,567.0,74.0
42.0,1751874181.3569272,0.006475831272572008,1437.0,838.0,77.0
60.0,1751874181.5184634,0.1400593471810089,1369.0,1336.0,74.0
65.0,1751874181.5902383,0.01878506952915345,578.0,985.0,74.0
71.0,1751874181.675142,0.013086085089539528,1374.0,198.0,72.0
73.0,1751874181.6920846,0.0154547223663726,1373.0,656.0,74.0
81.0,1751874181.8035803,0.02398224518864487,3365.0,784.0,74.0
82.0,1751874181.811447,0.021942053582252395,1420.0,484.0,74.0
89.0,1751874181.8870993,0.024326846174353507,222.0,259.0,73.0
91.0,1751874181.8922193,0.04258985721319547,1298.0,234.0,72.0
94.0,1751874181.9590082,0.002801231275668062,1435.0,1013.0,74.0
95.0,1751874181.9622972,0.06182834216936524,715.0,665.0,74.0
96.0,1751874181.9626899,0.17136659436008678,1345.0,420.0,74.0
102.0,1751874182.0401406,0.4312796208530806,757.0,302.0,72.0
103.0,1751874182.047171,0.03128210226331312,1053.0,322.0,87.0
104.0,1751874182.0555458,0.02348370139702311,1376.0,278.0,116.0
108.0,1751874182.1021411,0.01170605409574175,1816.0,649.0,91.0
109.0,1751874182.1288018,0.005395860783206504,801.0,1340.0,74.0
110.0,1751874182.1470299,0.005102777012579854,2478.0,538.0,73.0
113.0,1751874182.1719787,0.02613228623654458,1426.0,423.0,73.0
126.0,1751874182.2815952,0.006820975364852933,1328.0,963.0,75.0
128.0,1751874182.2862947,0.032567049808429116,590.0,2149.0,73.0
130.0,1751874182.289126,0.016830430975775853,1389.0,1335.0,74.0
138.0,1751874182.4386983,0.01475442632789837,1362.0,538.0,74.0
147.0,1751874182.5267124,0.012943919646060027,840.0,817.0,74.0
153.0,1751874182.6594849,0.0032235829236782693,585.0,713.0,74.0
154.0,1751874182.7021182,0.003654189447059021,727.0,464.0,73.0
156.0,1751874182.734003,0.01169213772785859,1335.0,782.0,74.0
161.0,1751874182.773636,0.020147718773373225,1319.0,824.0,74.0
163.0,1751874182.7861645,0.02915686933154182,2047.0,644.0,-8.0
164.0,1751874182.80571,0.010554537844690582,697.0,1331.0,73.0
168.0,1751874182.8430943,0.021451392058420813,1407.0,360.0,74.0
175.0,1751874182.900953,0.015868130364898602,1357.0,373.0,72.0
176.0,1751874182.9588397,0.0026421710250141986,1349.0,445.0,73.0
179.0,1751874182.9731522,0.019954830925347274,1405.0,732.0,73.0
192.0,1751874183.1690383,0.00899597473105187,1340.0,1335.0,74.0
197.0,1751874183.2091227,0.03220815752461322,1396.0,828.0,73.0
201.0,1751874183.3353443,0.0031583615801311494,1377.0,849.0,75.0
204.0,1751874183.4012532,0.008364675793591094,1304.0,191.0,100.0
207.0,1751874183.4152877,0.041805833890002225,1313.0,869.0,74.0
214.0,1751874183.52449,0.09389895138226882,1326.0,333.0,73.0
229.0,1751874183.685392,0.015373503920759389,824.0,550.0,73.0
238.0,1751874183.8014781,0.004476789567932412,1055.0,1330.0,73.0
241.0,1751874183.8423924,0.0041353737862552245,1385.0,198.0,73.0
252.0,1751874183.9733908,0.06032632030914556,1275.0,1335.0,74.0
260.0,1751874184.0004675,0.009279033802194565,1289.0,499.0,74.0
265.0,1751874184.041098,0.2138364779874214,1911.0,880.0,74.0
271.0,1751874184.1362693,0.0027033346830995955,1097.0,1340.0,73.0
277.0,1751874184.2321455,0.014923576844385606,1379.0,878.0,73.0
286.0,1751874184.3050504,0.11469072164948453,1390.0,463.0,72.0
288.0,1751874184.3213997,0.023290258876057183,2801.0,797.0,73.0
294.0,1751874184.5053296,0.054721877468125915,1333.0,355.0,73.0
300.0,1751874184.618741,0.010402659021135158,1307.0,295.0,73.0
305.0,1751874184.6504524,0.015093556326542716,1454.0,677.0,74.0
307.0,1751874184.7054214,0.015871816189252513,1375.0,871.0,74.0
319.0,1751874184.8540566,0.02948847993044486,578.0,460.0,73.0
324.0,1751874184.98298,0.006047106963243668,1372.0,873.0,74.0
333.0,1751874185.0804656,0.036677740863787375,1384.0,1223.0,75.0
344.0,1751874185.1876113,0.004873245126754873,1366.0,508.0,73.0
345.0,1751874185.1972718,0.0062159484893511635,202.0,829.0,73.0
346.0,1751874185.2151484,0.005204728182737873,1308.0,273.0,73.0
348.0,1751874185.2572372,0.004585348379007702,1408.0,345.0,74.0
349.0,1751874185.2575762,0.2835164835164835,1375.0,1982.0,73.0
350.0,1751874185.2620497,0.030894904958894066,782.0,1088.0,74.0
368.0,1751874185.478556,0.009316469426097736,336.0,526.0,73.0
374.0,1751874185.5398183,0.012704856412569538,1361.0,705.0,74.0
380.0,1751874185.6521103,0.039586696803358086,1388.0,208.0,72.0
392.0,1751874185.7368796,0.014850310765289178,1390.0,653.0,73.0
394.0,1751874185.7718523,0.007668904478137336,1372.0,811.0,73.0
395.0,1751874185.7820058,0.009369394883413575,1334.0,497.0,82.0
397.0,1751874185.7893481,0.04490891658676894,1074.0,1278.0,74.0
399.0,1751874185.8275728,0.007135681873289688,1355.0,1333.0,74.0
400.0,1751874185.8307204,0.04544051843851257,1399.0,934.0,77.0
403.0,1751874185.8484025,0.06810532567808354,1414.0,730.0,74.0
407.0,1751874185.8652172,0.012405067752110095,572.0,600.0,74.0
412.0,1751874185.903323,0.020802448472096027,1451.0,507.0,73.0
413.0,1751874185.9587834,0.003536283383330544,1346.0,630.0,73.0
416.0,1751874185.9815552,0.006824006198223971,1046.0,889.0,73.0
417.0,1751874185.995688,0.009914489631026124,221.0,1335.0,72.0
421.0,1751874186.0374591,0.02506997687720579,1338.0,632.0,72.0
423.0,1751874186.0611215,0.025623107384113674,1357.0,870.0,74.0
424.0,1751874186.1047957,0.0024355558461513316,1322.0,400.0,73.0
427.0,1751874186.1414213,0.03557944583093364,515.0,836.0,74.0
428.0,1751874186.15689,0.006042249385730401,1404.0,865.0,73.0
429.0,1751874186.1602216,0.019284940411700976,1485.0,832.0,74.0
430.0,1751874186.1697075,0.007134602823694921,1340.0,1332.0,74.0
434.0,1751874186.2034748,0.0042970514226724306,1351.0,557.0,73.0
436.0,1751874186.2246463,0.014532058670644337,1298.0,346.0,73.0
437.0,1751874186.225063,0.14553990610328638,1367.0,728.0,73.0
442.0,1751874186.2589679,0.022076675512393427,1358.0,220.0,71.0
449.0,1751874186.3216538,0.13306772908366535,1383.0,1330.0,73.0
463.0,1751874186.444379,0.18042671614100186,1328.0,444.0,75.0
464.0,1751874186.4898376,0.0033311160810152573,1390.0,361.0,73.0
466.0,1751874186.4977827,0.052471018913971934,1338.0,491.0,74.0
467.0,1751874186.4981487,0.1355397951142632,632.0,874.0,73.0
468.0,1751874186.4985876,0.09293478260869566,892.0,1341.0,73.0
469.0,1751874186.530851,0.002810999048244417,1410.0,1332.0,74.0
472.0,1751874186.5643039,0.023742321102440643,1316.0,584.0,73.0
475.0,1751874186.5881803,0.0045871559633027525,672.0,777.0,74.0
478.0,1751874186.594769,0.007123448630388485,267.0,1230.0,74.0
481.0,1751874186.6024876,0.021867021867021868,4154.0,1330.0,74.0
482.0,1751874186.6165533,0.0066616944096009765,1859.0,483.0,93.0
486.0,1751874186.6907969,0.011907888976446896,570.0,1109.0,76.0
492.0,1751874186.757708,0.0048650697275096876,1364.0,586.0,73.0
497.0,1751874186.871918,0.0019529433646424254,865.0,865.0,74.0
498.0,1751874186.9588013,0.0014895362138348561,514.0,1337.0,73.0
502.0,1751874187.0081713,0.012414531934335319,1342.0,886.0,74.0
504.0,1751874187.0139136,0.0056933138850985745,1394.0,619.0,74.0
518.0,1751874187.1509402,0.050025201612903226,252.0,380.0,74.0
526.0,1751874187.2343032,0.023196963306621677,1394.0,785.0,73.0
528.0,1751874187.2460592,0.009630319975147562,633.0,1331.0,74.0
538.0,1751874187.356431,0.006495492170612116,1357.0,351.0,72.0
541.0,1751874187.4110465,0.01679995040605046,516.0,1341.0,75.0
542.0,1751874187.4675505,0.0020445587336382605,1346.0,1334.0,73.0
545.0,1751874187.4837039,0.017327250659188883,1351.0,570.0,73.0
546.0,1751874187.5019162,0.006693510432463526,1384.0,263.0,71.0
549.0,1751874187.5227447,0.030542102796438056,1361.0,1339.0,74.0
553.0,1751874187.6193485,0.007345766019733276,1327.0,625.0,74.0
555.0,1751874187.6363974,0.2,1304.0,706.0,73.0
557.0,1751874187.685788,0.006229243335427699,1385.0,652.0,73.0
565.0,1751874187.7749045,0.011021830334921425,1390.0,2224.0,75.0
569.0,1751874187.8099139,0.018503668062609523,1351.0,401.0,72.0
577.0,1751874187.86825,0.012063099288586452,1402.0,982.0,74.0
586.0,1751874188.0348368,0.014696992594831494,1359.0,430.0,73.0
595.0,1751874188.134631,0.022155876807039596,1459.0,476.0,73.0
603.0,1751874188.211801,0.010693940963231487,1401.0,434.0,74.0
604.0,1751874188.2179382,0.012939938418365358,1098.0,223.0,73.0
610.0,1751874188.325419,0.016261122923064808,724.0,1326.0,74.0
611.0,1751874188.3281646,0.05351763246500089,271.0,620.0,73.0
614.0,1751874188.370347,0.04723422915492075,1260.0,427.0,72.0
629.0,1751874188.5444903,0.009661052665704883,1429.0,348.0,74.0
633.0,1751874188.592179,0.003585477526278455,767.0,546.0,73.0
636.0,1751874188.641717,0.016099417227706966,496.0,608.0,73.0
645.0,1751874188.7340798,0.16782608695652174,1417.0,824.0,73.0
647.0,1751874188.742882,0.017098671313439336,2132.0,827.0,-82.0
651.0,1751874188.7819457,0.05771912884883596,784.0,507.0,73.0
668.0,1751874188.9725378,0.010805126996501024,1406.0,610.0,74.0
669.0,1751874188.9782975,0.04463634152274386,1343.0,464.0,73.0
671.0,1751874189.006541,0.010243439772368005,1405.0,340.0,73.0
676.0,1751874189.032918,0.035490475895017685,888.0,2938.0,74.0
677.0,1751874189.0507526,0.009460902054977315,619.0,652.0,73.0
678.0,1751874189.0789206,0.005192846916905978,1378.0,678.0,74.0
679.0,1751874189.0985289,0.004597336715282181,1466.0,701.0,72.0
681.0,1751874189.172898,0.0035551424671062186,781.0,438.0,73.0
687.0,1751874189.2321544,0.01310483870967742,1333.0,506.0,72.0
689.0,1751874189.235398,0.05550535691235317,1351.0,1337.0,75.0
692.0,1751874189.2662494,0.011574604629841853,407.0,874.0,74.0
694.0,1751874189.3124175,0.002026273131091977,1404.0,867.0,75.0
697.0,1751874189.3579035,0.21467146714671467,1342.0,720.0,73.0
705.0,1751874189.5147576,0.0434349306536002,1152.0,495.0,73.0
706.0,1751874189.515234,0.15485714285714286,648.0,509.0,73.0
718.0,1751874189.670592,0.01595159515951595,1397.0,718.0,74.0
725.0,1751874189.7369063,0.14655172413793102,1328.0,475.0,74.0
728.0,1751874189.778906,0.028123854891901796,1424.0,471.0,74.0
754.0,1751874190.2261236,0.00913067836410666,672.0,1104.0,73.0
757.0,1751874190.2736518,0.025254367830070127,1352.0,804.0,73.0
761.0,1751874190.2964673,0.01530517478361009,1335.0,889.0,73.0
770.0,1751874190.412811,0.028602227811713978,1348.0,200.0,73.0
773.0,1751874190.4441776,0.04042163153070578,1261.0,983.0,73.0
774.0,1751874190.4616628,0.011470875366091766,1364.0,1339.0,74.0
781.0,1751874190.5088031,0.023399532009359812,1267.0,816.0,74.0
783.0,1751874190.5301416,0.00683748877684923,446.0,616.0,73.0
790.0,1751874190.5833054,0.009248686914820736,624.0,454.0,74.0
791.0,1751874190.6194775,0.003097991238801847,614.0,242.0,72.0
794.0,1751874190.6314764,0.025044722719141325,568.0,806.0,74.0
797.0,1751874190.6524096,0.0254880694143167,1335.0,1192.0,75.0
802.0,1751874190.6965172,0.008784680528344814,1405.0,278.0,81.0
803.0,1751874190.724612,0.006926472826914294,2807.0,803.0,74.0
809.0,1751874190.7946615,0.24818577648766327,1379.0,1339.0,74.0
815.0,1751874190.9588547,0.002555960285307445,1374.0,999.0,85.0
821.0,1751874191.0825548,0.005456758136065638,1306.0,460.0,92.0
824.0,1751874191.094274,0.06718346253229975,372.0,223.0,72.0
825.0,1751874191.107471,0.005325990471187116,1448.0,540.0,-802.0
827.0,1751874191.151113,0.005477185989866229,683.0,219.0,129.0
837.0,1751874191.3028517,0.002072878443207322,742.0,355.0,73.0
838.0,1751874191.3170884,0.010949332174320054,592.0,1412.0,74.0
841.0,1751874191.333818,0.01042894030935847,550.0,1336.0,74.0
846.0,1751874191.3726866,0.011075891047141646,1300.0,783.0,73.0
847.0,1751874191.3787315,0.0328125,334.0,295.0,73.0
865.0,1751874191.6728446,0.002008613513806956,1433.0,1323.0,74.0
872.0,1751874191.7671201,0.023340070935509705,411.0,757.0,74.0
873.0,1751874191.767615,0.22938689217758984,1401.0,746.0,74.0
875.0,1751874191.7768753,0.015280668244148587,1422.0,478.0,74.0
884.0,1751874191.8705325,0.009025850402550634,1382.0,744.0,74.0
887.0,1751874191.9596057,0.002769873396301195,1381.0,739.0,74.0
888.0,1751874191.9982412,0.0023670321248903006,1388.0,338.0,90.0
891.0,1751874192.0220237,0.0073663739760740175,833.0,680.0,73.0
892.0,1751874192.0454757,0.003832940864654373,1350.0,1333.0,73.0
897.0,1751874192.1125786,0.004784832306229268,1343.0,234.0,73.0
899.0,1751874192.1156073,0.07097882083571837,1467.0,1336.0,73.0
904.0,1751874192.1736877,0.014662433707081644,289.0,400.0,73.0
907.0,1751874192.2035792,0.0065307737977439145,554.0,787.0,73.0
912.0,1751874192.302485,0.0073094279460642585,974.0,834.0,75.0
915.0,1751874192.3245597,0.015357396902985754,1345.0,1331.0,74.0
919.0,1751874192.3490374,0.04012934250891303,1411.0,364.0,73.0
920.0,1751874192.3833733,0.005777343668821048,567.0,874.0,73.0
922.0,1751874192.4126203,0.2708333333333333,679.0,1329.0,74.0
923.0,1751874192.4149556,0.04811030651721059,218.0,839.0,73.0
928.0,1751874192.4562404,0.008653370693917917,1371.0,1335.0,75.0
934.0,1751874192.5118997,0.017645966194043714,686.0,491.0,73.0
939.0,1751874192.5855334,0.017468995866115482,1421.0,310.0,73.0
943.0,1751874192.621229,0.02679934069959099,1340.0,843.0,74.0
951.0,1751874192.719015,0.0025883376295494807,615.0,687.0,74.0
959.0,1751874192.8474543,0.015804098645362974,1414.0,1335.0,75.0
969.0,1751874193.0901208,0.0054560387984981225,860.0,1958.0,73.0
972.0,1751874193.1381633,0.025131342536787282,1368.0,1341.0,74.0
973.0,1751874193.1524897,0.00965558932679552,1363.0,803.0,74.0
978.0,1751874193.2310367,0.002085017658823029,1389.0,642.0,74.0
979.0,1751874193.23199,0.10459433040078202,1370.0,882.0,74.0
983.0,1751874193.2955925,0.029163222191604665,1353.0,848.0,73.0
984.0,1751874193.302708,0.0204560697518444,305.0,738.0,73.0
991.0,1751874193.3757603,0.33985330073349634,1356.0,548.0,73.0
998.0,1751874193.4467862,0.014412532637075717,1349.0,954.0,73.0
1000.0,1751874193.4626362,0.011367380560131795,816.0,379.0,73.0
1008.0,1751874193.5642133,0.026185331130036862,1028.0,526.0,73.0
1010.0,1751874193.5895033,0.004473544197965189,1379.0,441.0,74.0
1011.0,1751874193.5933163,0.015115102453832532,1184.0,664.0,76.0
1022.0,1751874193.775436,0.0061404331114652665,416.0,915.0,74.0
1023.0,1751874193.801029,0.002756565468429875,233.0,1336.0,74.0
1024.0,1751874193.8033793,0.017776407727085903,367.0,231.0,73.0
1027.0,1751874193.8164556,0.047257150753074476,1548.0,1336.0,-710.0
1029.0,1751874193.821708,0.30558789289871946,743.0,589.0,-128.0
1038.0,1751874193.8820019,0.01760988625193091,1375.0,1261.0,74.0
1040.0,1751874193.8929973,0.03059243730103269,1013.0,790.0,74.0
1045.0,1751874193.9899378,0.015162181188065197,674.0,451.0,72.0
1047.0,1751874194.035664,0.04655881855588749,1394.0,919.0,74.0
1049.0,1751874194.0496418,0.009299574065309986,1372.0,779.0,73.0
1050.0,1751874194.0530858,0.02700457000415455,1359.0,1331.0,74.0
1054.0,1751874194.0781,0.010178354654963116,1304.0,265.0,73.0
1055.0,1751874194.0823278,0.0405412900005546,1463.0,746.0,73.0
1061.0,1751874194.1085856,0.03266969021446691,1363.0,854.0,73.0
1063.0,1751874194.124146,0.01864445986583391,855.0,1328.0,73.0
1072.0,1751874194.2481983,0.03742112825638783,1373.0,351.0,72.0
1078.0,1751874194.3103878,0.05792552432586674,262.0,2506.0,-779.0
1079.0,1751874194.3329158,0.006808537589461017,369.0,2149.0,73.0
1082.0,1751874194.380699,0.004418637799233302,1328.0,1013.0,73.0
1084.0,1751874194.436339,0.006799426069950009,537.0,372.0,73.0
1085.0,1751874194.4366984,0.297951582867784,1443.0,1335.0,74.0
1099.0,1751874194.5770228,0.010840475625868085,1302.0,1330.0,74.0
1100.0,1751874194.58259,0.013957869498201747,1367.0,1327.0,73.0
1104.0,1751874194.6032617,0.007235285932934465,1364.0,872.0,74.0
1111.0,1751874194.6836996,0.022080775080268122,237.0,820.0,75.0
1114.0,1751874194.7145982,0.007254003465082012,1348.0,656.0,74.0
1117.0,1751874194.7814384,0.004140158243177781,1325.0,439.0,73.0
1120.0,1751874194.8140776,0.05723808143747283,2681.0,552.0,74.0
1125.0,1751874194.8483665,0.005059939692579245,665.0,958.0,73.0
1128.0,1751874194.8703792,0.011149110807113543,211.0,504.0,74.0
1130.0,1751874194.8974822,0.01051913415617441,1357.0,529.0,73.0
1136.0,1751874194.9892893,0.008646869276954818,1372.0,1333.0,73.0
1141.0,1751874195.0331197,0.03263020707631414,1400.0,879.0,74.0
1142.0,1751874195.0614755,0.005533364167682799,1366.0,755.0,74.0
1145.0,1751874195.096806,0.055325321176958146,1353.0,919.0,73.0
1152.0,1751874195.1428683,0.01875641804807511,1373.0,233.0,73.0
1154.0,1751874195.1578856,0.2187910643889619,693.0,3346.0,74.0
1156.0,1751874195.182998,0.007906020216130221,1473.0,860.0,73.0
1167.0,1751874195.2828517,0.008062714514917038,713.0,803.0,75.0
1174.0,1751874195.3672187,0.007020974049057945,1384.0,608.0,73.0
1178.0,1751874195.403477,0.3712784588441331,1418.0,759.0,73.0
1184.0,1751874195.4710531,0.009758838572067476,674.0,1334.0,74.0
1188.0,1751874195.535557,0.02038369304556355,1356.0,200.0,72.0
1194.0,1751874195.6104438,0.007896338533491367,1422.0,2588.0,73.0
1195.0,1751874195.622486,0.009074158460959325,1404.0,885.0,73.0
1197.0,1751874195.631856,0.03326944140197152,860.0,477.0,73.0
1201.0,1751874195.6429758,0.07862190812720848,1350.0,635.0,74.0
1205.0,1751874195.6670358,0.047701784868109304,335.0,1334.0,73.0
1212.0,1751874195.7841578,0.007728200641586468,1387.0,1583.0,74.0
1214.0,1751874195.7929444,0.01715464616775944,431.0,616.0,74.0
1215.0,1751874195.8092425,0.011324003677382637,1410.0,2630.0,74.0
1217.0,1751874195.847211,0.02797085201793722,347.0,1335.0,74.0
1223.0,1751874195.9594707,0.0030435673085624742,559.0,763.0,74.0
1230.0,1751874196.0230346,0.018955859287474792,1402.0,836.0,74.0
1237.0,1751874196.086228,0.018821315139395365,1329.0,585.0,74.0
1243.0,1751874196.1401906,0.003247236869544493,1335.0,873.0,73.0
1247.0,1751874196.1834872,0.011577730144404332,1384.0,325.0,73.0
1251.0,1751874196.2014782,0.011868750120421571,249.0,839.0,75.0
1254.0,1751874196.2477622,0.006522583149993529,570.0,1339.0,74.0
1257.0,1751874196.2791133,0.00702819595774765,1639.0,576.0,74.0
1259.0,1751874196.3075519,0.004883593651328253,368.0,419.0,73.0
1260.0,1751874196.312689,0.009577649037563073,1201.0,582.0,74.0
1261.0,1751874196.3311033,0.00470326773739227,1447.0,581.0,73.0
1265.0,1751874196.356762,0.004880374371134279,1377.0,1333.0,74.0
1276.0,1751874196.4995124,0.01666225087579852,509.0,732.0,74.0
1284.0,1751874196.6099184,0.010134928872336529,1415.0,1332.0,74.0
1300.0,1751874196.7694664,0.006084927264399904,1438.0,1202.0,75.0
1307.0,1751874196.8625877,0.009018936557184123,800.0,479.0,74.0
1318.0,1751874197.0549927,0.019058574804128838,281.0,442.0,73.0
1320.0,1751874197.0580266,0.13277052954719878,1437.0,392.0,73.0
1325.0,1751874197.1454077,0.20709382151029748,1440.0,402.0,73.0
1327.0,1751874197.149846,0.2642369020501139,522.0,357.0,73.0
1331.0,1751874197.1996183,0.007167421430760325,410.0,630.0,74.0
1335.0,1751874197.2402487,0.03118411529626483,711.0,1331.0,74.0
1344.0,1751874197.386672,0.0034271093243638242,1307.0,287.0,72.0
1354.0,1751874197.5359821,0.003685825137598123,552.0,331.0,72.0
1359.0,1751874197.6217916,0.0031663369715661674,1366.0,1332.0,73.0
1360.0,1751874197.6494422,0.005186123243653029,1337.0,447.0,72.0
1362.0,1751874197.6717608,0.006787809343512971,1373.0,328.0,72.0
1363.0,1751874197.702009,0.006112719491472088,1347.0,732.0,75.0
1365.0,1751874197.7229362,0.006181556579893954,426.0,325.0,73.0
1366.0,1751874197.730719,0.004331664157783171,314.0,578.0,74.0
1370.0,1751874197.7951434,0.007590818724019519,582.0,798.0,74.0
1372.0,1751874197.8325634,0.03418349273822175,1348.0,489.0,73.0
1377.0,1751874197.8654778,0.018747337025990626,1348.0,533.0,73.0
1378.0,1751874197.8732631,0.023483839728846385,617.0,1991.0,74.0
1380.0,1751874197.8855245,0.01300790403940104,502.0,290.0,72.0
1389.0,1751874198.0384815,0.01048951048951049,1365.0,801.0,73.0
1400.0,1751874198.2603278,0.007444674155472498,705.0,787.0,74.0
1412.0,1751874198.4056077,0.020838913590828734,1455.0,501.0,73.0
1422.0,1751874198.4738262,0.02299186801614696,1214.0,807.0,74.0
1427.0,1751874198.5527005,0.005520810272304627,1358.0,1334.0,75.0
1429.0,1751874198.5584896,0.025676115998696646,1289.0,909.0,74.0
1435.0,1751874198.6055794,0.017675817976682964,293.0,782.0,75.0
1440.0,1751874198.6425905,0.02742330769880842,1458.0,815.0,74.0
1443.0,1751874198.6518672,0.3078947368421053,1392.0,688.0,74.0
1446.0,1751874198.6926708,0.013528007473272671,1276.0,895.0,74.0
1451.0,1751874198.7504268,0.029262554223954122,1408.0,2557.0,74.0
1453.0,1751874198.7946239,0.004804650902073207,1347.0,218.0,72.0
1456.0,1751874198.805396,0.014771470367859564,477.0,881.0,74.0
1462.0,1751874198.9586544,0.0021574635732599587,1375.0,587.0,73.0
1465.0,1751874199.0000746,0.02418090902306142,1352.0,1335.0,74.0
1466.0,1751874199.000546,0.24800910125142206,539.0,813.0,73.0
1468.0,1751874199.0285027,0.020502007011838828,1370.0,780.0,74.0
1475.0,1751874199.0672984,0.02646915978630403,1418.0,1336.0,73.0
1479.0,1751874199.1126375,0.017614146577329556,346.0,2215.0,74.0
1482.0,1751874199.1458595,0.023871871384203155,570.0,337.0,115.0
1489.0,1751874199.2142766,0.026349940754951194,956.0,663.0,74.0
1503.0,1751874199.3895497,0.0028035538005923,397.0,437.0,74.0
1505.0,1751874199.4422708,0.0024488603156049096,2366.0,515.0,73.0
1511.0,1751874199.503667,0.0710880195599022,785.0,923.0,298.0
1516.0,1751874199.5500436,0.024169879726074695,1342.0,655.0,72.0
1518.0,1751874199.6116524,0.010121942732537909,788.0,666.0,74.0
1524.0,1751874199.7654395,0.005764423812681732,1381.0,1338.0,74.0
1529.0,1751874199.8395855,0.0063877282353614565,1542.0,212.0,71.0
1531.0,1751874199.877506,0.005228862047043865,1366.0,1333.0,73.0
1532.0,1751874199.8871245,0.005664444333049276,631.0,602.0,74.0
1535.0,1751874199.9588208,0.0028912566257964342,446.0,469.0,74.0
1536.0,1751874199.9624815,0.041636801980843165,1155.0,742.0,74.0
1547.0,1751874200.058018,0.23947836395969177,449.0,264.0,73.0
1549.0,1751874200.083573,0.008290076335877862,729.0,817.0,74.0
1552.0,1751874200.1131513,0.015873015873015872,688.0,418.0,72.0
1558.0,1751874200.1558256,0.004587399236317353,1350.0,623.0,74.0
1561.0,1751874200.1643972,0.19108453384071758,839.0,1337.0,74.0
1562.0,1751874200.1690524,0.020499479708636838,1358.0,780.0,73.0
1576.0,1751874200.2818244,0.01586989052532094,1391.0,297.0,73.0
1584.0,1751874200.4102738,0.00581973613908183,1402.0,590.0,73.0
1585.0,1751874200.4124527,0.02737668938431327,566.0,873.0,73.0
1587.0,1751874200.4483974,0.00523097939260666,1329.0,417.0,72.0
1590.0,1751874200.4858367,0.01487703673717235,338.0,585.0,73.0
1591.0,1751874200.5097153,0.0038433363772289847,1249.0,759.0,75.0
1592.0,1751874200.5207305,0.0029171020550330896,1390.0,424.0,73.0
1593.0,1751874200.5252452,0.03607296577167452,752.0,692.0,73.0
1594.0,1751874200.525666,0.19679633867276888,323.0,280.0,73.0
1603.0,1751874200.6191192,0.0022722199646289186,1429.0,1335.0,74.0
1604.0,1751874200.6328995,0.0040256112161857335,796.0,535.0,73.0
1606.0,1751874200.6472666,0.019418206450156173,1308.0,208.0,73.0
1610.0,1751874200.6971433,0.06705143439144458,1403.0,663.0,74.0
1615.0,1751874200.7317295,0.023202684372099665,408.0,918.0,74.0
1626.0,1751874200.8056433,0.024865634915495694,1360.0,628.0,73.0
1627.0,1751874200.815814,0.01376639133883989,1341.0,835.0,75.0
1629.0,1751874200.846247,0.013849615059134348,1409.0,437.0,79.0
1630.0,1751874200.8476048,0.03265700483091787,1397.0,413.0,73.0
1632.0,1751874200.8712213,0.01900380076015203,332.0,714.0,73.0
1637.0,1751874200.9809754,0.036796855809383446,212.0,1335.0,74.0
1639.0,1751874200.9887784,0.018317254854072536,232.0,222.0,73.0
1651.0,1751874201.1675138,0.004632441211778829,452.0,1332.0,73.0
1652.0,1751874201.168162,0.0919452887537994,1338.0,1334.0,73.0
1656.0,1751874201.205871,0.004417797412432944,739.0,556.0,78.0
1664.0,1751874201.3028564,0.04209231933409005,1381.0,1337.0,74.0
1668.0,1751874201.350632,0.009304143862392493,1331.0,773.0,73.0
1670.0,1751874201.358689,0.01100762066045724,1375.0,787.0,73.0
1673.0,1751874201.3807595,0.01913265306122449,444.0,565.0,73.0
1684.0,1751874201.4727285,0.004361651236739174,540.0,743.0,73.0
1687.0,1751874201.494039,0.01587116076854752,1400.0,1330.0,73.0
1690.0,1751874201.5128925,0.05436374601533557,561.0,494.0,73.0
1692.0,1751874201.5266118,0.008339839591170416,1344.0,480.0,74.0
1693.0,1751874201.5302093,0.026115922718187874,1395.0,446.0,72.0
1694.0,1751874201.5645618,0.005818056035973711,569.0,900.0,73.0
1696.0,1751874201.5883286,0.009253339223230996,1147.0,505.0,72.0
1698.0,1751874201.5990117,0.02108887454271573,1370.0,715.0,73.0
1701.0,1751874201.6949327,0.0034625732428747802,1370.0,459.0,74.0
1702.0,1751874201.6954079,0.2633986928104575,1380.0,324.0,73.0
1715.0,1751874201.828488,0.048862868723260525,1330.0,495.0,73.0
1719.0,1751874201.867193,0.0065561369223980336,1384.0,1270.0,74.0
1734.0,1751874202.0743413,0.019363979848866498,1433.0,460.0,73.0
1738.0,1751874202.1336415,0.05220154334997731,1406.0,537.0,73.0
1739.0,1751874202.1605115,0.003914015904572564,1369.0,647.0,74.0
1752.0,1751874202.256184,0.12727875372886974,1394.0,363.0,73.0
1758.0,1751874202.3035715,0.01705237515225335,1352.0,1075.0,74.0
1772.0,1751874202.4122128,0.014249040929937408,210.0,762.0,73.0
1776.0,1751874202.4980798,0.0035726029840431163,1402.0,808.0,74.0
1779.0,1751874202.5180757,0.05758683729433273,213.0,741.0,75.0
1784.0,1751874202.5857906,0.00808808732067733,840.0,2313.0,74.0
1788.0,1751874202.6374097,0.005199032329008137,518.0,550.0,73.0
1810.0,1751874202.838525,0.01964028017317236,647.0,563.0,75.0
1820.0,1751874202.9976728,0.005056383915648923,854.0,482.0,74.0
1822.0,1751874203.014782,0.03244578643974746,878.0,1330.0,72.0
1825.0,1751874203.0983038,0.011947847418871239,798.0,863.0,74.0
1826.0,1751874203.1101878,0.011945048747079204,528.0,948.0,73.0
1834.0,1751874203.1982596,0.06583210603829161,337.0,1335.0,73.0
1836.0,1751874203.2241073,0.0060022223104091435,1420.0,323.0,72.0
1838.0,1751874203.2513232,0.004424462998644116,1406.0,616.0,73.0
1839.0,1751874203.2524238,0.02238638907544213,292.0,594.0,74.0
1844.0,1751874203.2827969,0.007340842931274522,646.0,1341.0,74.0
1846.0,1751874203.3209164,0.005749160584290729,757.0,722.0,73.0
1851.0,1751874203.3541057,0.07872696817420435,1454.0,396.0,74.0
1858.0,1751874203.4310257,0.011151300270204584,386.0,700.0,73.0
1860.0,1751874203.4402082,0.5192307692307693,345.0,765.0,73.0
1864.0,1751874203.6153812,0.0053301987171042635,486.0,365.0,73.0
1870.0,1751874203.6599472,0.03468410603760364,514.0,859.0,74.0
1875.0,1751874203.7299068,0.009151764816028462,1017.0,735.0,86.0
1883.0,1751874203.8311353,0.6585051546391752,1466.0,1332.0,74.0
1884.0,1751874203.8320568,0.030644694998554496,1441.0,527.0,73.0
1890.0,1751874203.890748,0.013935795797930962,1360.0,964.0,73.0
1898.0,1751874204.0039413,0.028314215188035428,1426.0,408.0,74.0
1900.0,1751874204.0256212,0.27505827505827507,946.0,2025.0,87.0
1905.0,1751874204.148828,0.0032267352389273338,386.0,1205.0,138.0
1906.0,1751874204.16777,0.007562550950021948,448.0,708.0,73.0
1909.0,1751874204.2530417,0.00470255293549453,1335.0,806.0,73.0
1911.0,1751874204.2874923,0.0065923004570881665,865.0,976.0,74.0
1924.0,1751874204.4055877,0.018919602224844092,922.0,1044.0,74.0
1925.0,1751874204.418429,0.007385607438093989,436.0,1244.0,73.0
1928.0,1751874204.4428785,0.02916877423705952,1377.0,577.0,73.0
1930.0,1751874204.4612257,0.0894044050566923,434.0,1089.0,73.0
1936.0,1751874204.4997003,0.02830990519777705,713.0,541.0,74.0
1942.0,1751874204.5945492,0.008903941223062846,458.0,2810.0,73.0
1943.0,1751874204.612565,0.011362136767927368,400.0,269.0,70.0
1945.0,1751874204.6295354,0.0324138495539003,1388.0,672.0,74.0
1952.0,1751874204.7540565,0.025178191243173192,758.0,1334.0,73.0
1958.0,1751874204.8113437,0.01652044533374378,309.0,745.0,62.0
1959.0,1751874204.821472,0.018160061941296542,1891.0,565.0,73.0
1963.0,1751874204.8457358,0.015583055064492896,1435.0,432.0,74.0
1965.0,1751874204.8854876,0.006725222013353212,1396.0,937.0,73.0
1969.0,1751874204.9591753,0.004489759808908745,1347.0,627.0,72.0
1972.0,1751874204.985246,0.010559352359721937,365.0,579.0,73.0
1978.0,1751874205.0791862,0.01282566857208514,1499.0,506.0,75.0
1982.0,1751874205.1201446,0.03442650615964449,399.0,1339.0,74.0
1988.0,1751874205.1643264,0.07522567703109329,603.0,775.0,73.0
1993.0,1751874205.2239707,0.06960527954177562,629.0,1330.0,75.0
1998.0,1751874205.259486,0.00986096921778528,828.0,467.0,73.0
2003.0,1751874205.299811,0.02485616935709099,1471.0,346.0,75.0
2004.0,1751874205.3048856,0.039524599226091764,539.0,224.0,73.0
2009.0,1751874205.353936,0.24507658643326038,1417.0,745.0,74.0
2010.0,1751874205.3805466,0.0021543405473820275,1408.0,1331.0,73.0
2032.0,1751874205.683123,0.009612066840834032,1366.0,345.0,73.0
2036.0,1751874205.7467194,0.024776437771761424,1321.0,524.0,81.0
2045.0,1751874205.846773,0.0260462393912789,1339.0,1338.0,73.0
2057.0,1751874206.0152328,0.011023841182473175,1640.0,830.0,73.0
2063.0,1751874206.0684435,0.01135770635724591,1371.0,1015.0,74.0
2064.0,1751874206.0772605,0.020803807792068883,527.0,966.0,85.0
2074.0,1751874206.1499562,0.005632259478413324,478.0,227.0,73.0
2077.0,1751874206.1818573,0.007826247462007014,1390.0,644.0,72.0
2090.0,1751874206.2575777,0.026137645731478,1129.0,1330.0,74.0
2095.0,1751874206.30556,0.00453142605202567,1438.0,196.0,71.0
2099.0,1751874206.3415673,0.085,764.0,466.0,74.0
2103.0,1751874206.3609052,0.026485131748289644,782.0,1329.0,74.0
2108.0,1751874206.4108171,0.014840115423119958,714.0,836.0,73.0
2112.0,1751874206.4301481,0.008056592650815484,317.0,707.0,73.0
2118.0,1751874206.46763,0.01934984520123839,316.0,887.0,74.0
2119.0,1751874206.4836056,0.006671243507850278,507.0,407.0,74.0
2121.0,1751874206.5051017,0.01650485436893204,1386.0,581.0,351.0
2124.0,1751874206.536017,0.01028574427330692,1318.0,585.0,73.0
2134.0,1751874206.6279562,0.03431472081218274,1109.0,528.0,74.0
2137.0,1751874206.6454465,0.09709216362740267,832.0,692.0,73.0
2139.0,1751874206.6702373,0.021475409836065575,842.0,209.0,72.0
2141.0,1751874206.6941626,0.027017713143566064,1376.0,196.0,122.0
2142.0,1751874206.697108,0.03180640984137261,1384.0,215.0,73.0
2144.0,1751874206.7215126,0.022240294180043845,1365.0,1284.0,75.0
2148.0,1751874206.7458467,0.008653007846556234,1085.0,3342.0,73.0
2149.0,1751874206.7466493,0.07625272331154684,1414.0,1336.0,73.0
2151.0,1751874206.7516515,0.383808095952024,1347.0,1341.0,74.0
2153.0,1751874206.7720501,0.01213327436237653,1093.0,1332.0,73.0
2169.0,1751874206.98062,0.019141881028938906,1449.0,321.0,72.0
2170.0,1751874206.981424,0.10792227204783258,875.0,2078.0,73.0
2171.0,1751874206.9847894,0.043088470359302244,1495.0,695.0,73.0
2173.0,1751874207.0129826,0.00890129675709575,1365.0,1332.0,73.0
2177.0,1751874207.0603735,0.004593050928129462,750.0,963.0,74.0
2193.0,1751874207.2703178,0.01260348800819369,1437.0,558.0,72.0
2195.0,1751874207.2925975,0.012878697059478344,1672.0,296.0,73.0
2217.0,1751874207.5455341,0.03700830165257196,1322.0,591.0,73.0
2221.0,1751874207.5799546,0.014908411502975904,1384.0,595.0,74.0
2226.0,1751874207.6395755,0.012417437252311756,440.0,973.0,72.0
2227.0,1751874207.6398795,0.36281179138321995,1387.0,1337.0,74.0
2230.0,1751874207.6646025,0.004267929029372297,680.0,479.0,73.0
2241.0,1751874207.776225,0.01633433890074314,1405.0,357.0,73.0
2243.0,1751874207.7895143,0.05107902499611861,1367.0,313.0,75.0
2246.0,1751874207.8678265,0.007340149721096758,1346.0,1332.0,72.0
2255.0,1751874207.9716785,0.02218293795620438,3231.0,599.0,73.0
2256.0,1751874207.988113,0.0057587977603063625,1373.0,238.0,71.0
2260.0,1751874208.0394332,0.010081702386792294,1449.0,785.0,73.0
2262.0,1751874208.0761096,0.023904122972708917,557.0,907.0,75.0
2264.0,1751874208.0940402,0.010425988902810095,715.0,712.0,73.0
2278.0,1751874208.185737,0.013448128646648641,843.0,1334.0,73.0
2279.0,1751874208.2117796,0.008464098041711367,478.0,889.0,74.0
2286.0,1751874208.2879133,0.004136529097527537,1351.0,944.0,74.0
2297.0,1751874208.417382,0.0028865368958626305,1110.0,1333.0,73.0
2302.0,1751874208.4796526,0.04860442733397498,276.0,308.0,73.0
2315.0,1751874208.661705,0.0049944002179374645,1388.0,845.0,73.0
2321.0,1751874208.7566621,0.014018794427694272,1404.0,473.0,73.0
2324.0,1751874208.7909367,0.002642376850200864,310.0,444.0,73.0
2328.0,1751874208.8074186,0.04593535024779939,1411.0,882.0,74.0
2330.0,1751874208.8341942,0.004418169384155779,1417.0,425.0,73.0
2336.0,1751874208.8646605,0.052056096981221774,1412.0,833.0,73.0
2344.0,1751874208.9949245,0.005656587016282512,404.0,2788.0,74.0
2349.0,1751874209.0921814,0.0013067128574467438,286.0,419.0,73.0
2351.0,1751874209.119791,0.014132462686567164,529.0,1332.0,73.0
2358.0,1751874209.2017274,0.014273835920177384,1347.0,2362.0,73.0
2367.0,1751874209.2687209,0.03802710843373494,1146.0,1249.0,74.0
2411.0,1751874209.8098602,0.0055041280960720545,1410.0,294.0,72.0
2416.0,1751874209.906468,0.011956376981014812,783.0,292.0,74.0
2418.0,1751874209.9928992,0.004187054382776457,1388.0,869.0,73.0
2423.0,1751874210.076473,0.012707630823029848,1441.0,683.0,73.0
2425.0,1751874210.0815096,0.06684689112804129,1393.0,398.0,75.0
2426.0,1751874210.0979633,0.012088688853305636,662.0,1044.0,75.0
2428.0,1751874210.1160095,0.04477611940298507,465.0,3349.0,74.0
2435.0,1751874210.213576,0.009991339165798491,220.0,2294.0,-699.0
2437.0,1751874210.278502,0.0025299483635144735,1399.0,361.0,74.0
2458.0,1751874210.566455,0.002657218777679362,1347.0,450.0,73.0
2463.0,1751874210.6690168,0.003494919911230544,1193.0,978.0,74.0
2478.0,1751874210.7622123,0.2145214521452145,2811.0,1341.0,74.0
2485.0,1751874210.8154228,0.019006940736785907,1425.0,851.0,73.0
2487.0,1751874210.8305683,0.010537150906086626,1366.0,1325.0,74.0
2492.0,1751874210.9669883,0.012555607586045422,1352.0,926.0,73.0
2493.0,1751874210.9738638,0.022728835705934942,1275.0,600.0,73.0
2496.0,1751874211.058984,0.4750593824228028,1392.0,970.0,-704.0
2498.0,1751874211.0663006,0.041566145936325884,501.0,878.0,75.0
2510.0,1751874211.2294893,0.042211554378414166,1316.0,671.0,73.0
2526.0,1751874211.382202,0.008711465696770598,1346.0,211.0,73.0
2535.0,1751874211.421635,0.010624635143023935,1084.0,1341.0,74.0
2537.0,1751874211.45887,0.006496110353677119,501.0,2837.0,74.0
2539.0,1751874211.5112474,0.002783321792730778,798.0,230.0,73.0
2540.0,1751874211.5178673,0.014023037847892966,1366.0,725.0,72.0
2543.0,1751874211.5395255,0.015409570154095702,1358.0,697.0,74.0
2545.0,1751874211.5627708,0.02248042434958323,909.0,650.0,73.0
2546.0,1751874211.5664012,0.026188293832656803,1380.0,510.0,72.0
2552.0,1751874211.629794,0.007017607158320104,1367.0,793.0,73.0
2553.0,1751874211.63458,0.019671314741035856,2698.0,2637.0,271.0
2557.0,1751874211.7407622,0.0033715386624869385,221.0,474.0,73.0
2564.0,1751874211.815605,0.01849130541268675,720.0,375.0,96.0
2571.0,1751874211.9641066,0.039045650611071174,1308.0,608.0,73.0
2579.0,1751874212.0658205,0.010212765957446808,1382.0,305.0,73.0
2592.0,1751874212.19572,0.00798539392151077,1329.0,225.0,74.0
2597.0,1751874212.283951,0.03574744661095636,3361.0,399.0,74.0
2599.0,1751874212.347681,0.0042282331699178355,1372.0,443.0,74.0
2603.0,1751874212.395868,0.012309867035766349,1383.0,610.0,73.0
2606.0,1751874212.4223764,0.030114615326990786,1384.0,1333.0,74.0
2616.0,1751874212.5664122,0.0037270642201834864,1374.0,749.0,74.0
2620.0,1751874212.5979245,0.016918455693965898,256.0,623.0,-98.0
2625.0,1751874212.6297302,0.18322399250234303,1393.0,914.0,74.0
2626.0,1751874212.6352348,0.01757195412248431,1405.0,506.0,74.0
2631.0,1751874212.6947815,0.01711369095276221,987.0,1058.0,75.0
2637.0,1751874212.7417912,0.1018935978358882,1337.0,911.0,73.0
2638.0,1751874212.7555075,0.004559323209208792,1368.0,235.0,73.0
2644.0,1751874212.8039558,0.020522960488187365,1389.0,689.0,74.0
2648.0,1751874212.8581412,0.005097603609654448,204.0,269.0,73.0
2660.0,1751874213.020085,0.017496123350595395,399.0,1336.0,74.0
2665.0,1751874213.1093163,0.007472293742303817,520.0,207.0,72.0
2674.0,1751874213.2366605,0.07824074074074074,392.0,374.0,72.0
2675.0,1751874213.251631,0.006315054582381315,1412.0,485.0,75.0
2685.0,1751874213.3945699,0.05112190608373814,1362.0,838.0,74.0
2687.0,1751874213.4094474,0.006162962962962963,922.0,530.0,75.0
2689.0,1751874213.4493372,0.008722192732712445,954.0,547.0,73.0
2692.0,1751874213.4629054,0.012989556135770235,2277.0,444.0,73.0
2693.0,1751874213.4820194,0.007872351009849766,1343.0,1340.0,74.0
2694.0,1751874213.4828851,0.1395281933256617,560.0,3132.0,74.0
2696.0,1751874213.5312855,0.03711691829262176,452.0,523.0,73.0
2700.0,1751874213.5803216,0.023112480739599383,807.0,271.0,74.0
2704.0,1751874213.6063092,0.4401294498381877,1467.0,1336.0,74.0
2711.0,1751874213.679278,0.008726970494528329,898.0,1325.0,224.0
2714.0,1751874213.7422278,0.019924146649810365,324.0,416.0,73.0
2723.0,1751874213.8091342,0.026278836509528586,578.0,736.0,73.0
2727.0,1751874213.8398943,0.005661518958165264,1398.0,951.0,74.0
2728.0,1751874213.84182,0.021406727828746176,776.0,686.0,72.0
2736.0,1751874213.9610739,0.04188425876585314,1366.0,1336.0,74.0
2739.0,1751874213.9994438,0.15481832543443919,1377.0,444.0,73.0
2745.0,1751874214.068229,0.005309170707535483,323.0,1107.0,73.0
2749.0,1751874214.1309898,0.00898366739812374,1402.0,654.0,73.0
2753.0,1751874214.1784399,0.006140976076830594,676.0,338.0,73.0
2764.0,1751874214.3045702,0.013114071606994172,1377.0,310.0,73.0
2766.0,1751874214.317168,0.026458861906487857,440.0,846.0,73.0
2775.0,1751874214.4221795,0.3270082226438963,786.0,850.0,74.0
2776.0,1751874214.4575198,0.005955064496376495,771.0,392.0,73.0
2782.0,1751874214.5071652,0.025407166123778503,1408.0,471.0,73.0
2783.0,1751874214.5094876,0.01765818793357158,1420.0,557.0,-843.0
2785.0,1751874214.5228333,0.017765649365114725,225.0,765.0,74.0
2787.0,1751874214.542654,0.0029341157642037877,447.0,768.0,74.0
2800.0,1751874214.7899013,0.024254600512462147,870.0,912.0,79.0
2810.0,1751874214.9604373,0.06842619745845552,828.0,494.0,73.0
2811.0,1751874214.9630616,0.012347937437116985,1378.0,965.0,74.0
2814.0,1751874214.9704006,0.02230151650312221,712.0,1219.0,80.0
2815.0,1751874214.995853,0.005881582884500299,1396.0,857.0,73.0
2816.0,1751874215.0027206,0.020919484310386767,1329.0,845.0,73.0
2828.0,1751874215.1159747,0.007394933372382486,1413.0,640.0,75.0
2838.0,1751874215.2398903,0.14850746268656717,477.0,480.0,73.0
2842.0,1751874215.3039417,0.004533542187547068,1022.0,2487.0,132.0
2859.0,1751874215.4917152,0.00423534726710296,1388.0,693.0,74.0
2863.0,1751874215.534917,0.06775067750677506,227.0,575.0,73.0
2871.0,1751874215.6429465,0.010290299740382347,1306.0,516.0,74.0
2882.0,1751874215.8406816,0.0048278423258528306,1364.0,202.0,74.0
2886.0,1751874215.8803866,0.011131824234354194,617.0,938.0,73.0
2888.0,1751874215.958795,0.0022499357161223964,265.0,307.0,73.0
2890.0,1751874215.9651136,0.04416184971098266,1392.0,1335.0,74.0
2894.0,1751874215.998052,0.023416990444187755,2583.0,533.0,74.0
2895.0,1751874216.0036585,0.01666595626784877,732.0,401.0,74.0
2898.0,1751874216.0147538,0.042092646125643375,1418.0,1339.0,74.0
2899.0,1751874216.031333,0.014483843294252216,321.0,475.0,74.0
2900.0,1751874216.0321946,0.130580731789191,500.0,740.0,74.0
2907.0,1751874216.1534417,0.031604692933847975,622.0,592.0,74.0
2913.0,1751874216.20045,0.11378353376503238,529.0,672.0,73.0
2914.0,1751874216.2495625,0.0038849060259639606,1387.0,1329.0,74.0
2935.0,1751874216.4640038,0.006468907153459314,1308.0,803.0,74.0
2936.0,1751874216.4864466,0.008719975418781322,1348.0,258.0,73.0
2944.0,1751874216.5359266,0.004574339193432733,1397.0,526.0,73.0
2956.0,1751874216.7022455,0.009628269393021987,1437.0,553.0,74.0
2959.0,1751874216.7364736,0.006238999817928021,582.0,1338.0,73.0
2960.0,1751874216.7368832,0.24290220820189273,645.0,2574.0,74.0
2965.0,1751874216.7805192,0.013978380105436923,1233.0,367.0,74.0
2974.0,1751874216.9969733,0.01772740482417902,1357.0,535.0,73.0
2976.0,1751874217.0091667,0.016651319828115407,897.0,454.0,73.0
2988.0,1751874217.1288257,0.05355805243445693,1331.0,326.0,99.0
2997.0,1751874217.208496,0.002611618925902259,219.0,1335.0,74.0
3000.0,1751874217.2250535,0.009490415100678187,1377.0,269.0,72.0
3009.0,1751874217.3158908,0.011098580701947408,722.0,365.0,74.0
3022.0,1751874217.4766715,0.01019233125076565,3379.0,829.0,74.0
3023.0,1751874217.4869275,0.01418754674644727,1414.0,415.0,74.0
3028.0,1751874217.5205786,0.052078158635535686,1331.0,237.0,72.0
3032.0,1751874217.542676,0.025254034668260608,369.0,1340.0,74.0
3042.0,1751874217.6597714,0.03793103448275862,221.0,1332.0,75.0
3050.0,1751874217.7256892,0.04781387886081027,253.0,802.0,73.0
3051.0,1751874217.7292342,0.04712636005607102,1408.0,2522.0,-324.0
3055.0,1751874217.7731316,0.0071188980873536966,1390.0,1329.0,74.0
3056.0,1751874217.7737472,0.0878099173553719,1362.0,790.0,73.0
3057.0,1751874217.784179,0.01270524289434945,522.0,816.0,75.0
3072.0,1751874217.972417,0.03902439024390244,257.0,510.0,74.0
3074.0,1751874217.983648,0.03036991931800883,390.0,776.0,74.0
3075.0,1751874217.9873922,0.03819815291826349,2134.0,1328.0,74.0
3076.0,1751874217.993142,0.015334981355009008,1358.0,1019.0,74.0
3079.0,1751874218.0281174,0.004038267390990818,1389.0,660.0,74.0
3083.0,1751874218.0750875,0.013741554329732023,1402.0,410.0,73.0
3089.0,1751874218.105299,0.08354030255136599,1328.0,307.0,72.0
3091.0,1751874218.128619,0.018837620173003236,1377.0,387.0,73.0
3093.0,1751874218.136291,0.04439390635222281,1372.0,739.0,73.0
3098.0,1751874218.1766312,0.07161932507890265,1392.0,1340.0,74.0
3099.0,1751874218.1801448,0.042193813340398754,497.0,319.0,72.0
3101.0,1751874218.1997492,0.010769787707185893,283.0,673.0,75.0
3102.0,1751874218.2030485,0.029572100664625494,1408.0,1335.0,74.0
3106.0,1751874218.2481644,0.50418410041841,833.0,803.0,73.0
3111.0,1751874218.2832067,0.01567557445897868,691.0,935.0,74.0
3113.0,1751874218.3270965,0.010603015896355112,1446.0,730.0,73.0
3116.0,1751874218.3600504,0.019311204058022603,1398.0,310.0,73.0
3119.0,1751874218.3835382,0.0872631115028647,1398.0,603.0,72.0
3126.0,1751874218.4944842,0.029325004338018393,1393.0,365.0,73.0
3129.0,1751874218.5170898,0.033391543631264224,1365.0,768.0,74.0
3131.0,1751874218.5292594,0.019834077855775366,1399.0,526.0,73.0
3133.0,1751874218.5577466,0.01119205113176477,245.0,440.0,72.0
3138.0,1751874218.5966396,0.018037146214260683,828.0,1339.0,74.0
3139.0,1751874218.6107867,0.015393684210526316,1264.0,459.0,74.0
3141.0,1751874218.6245728,0.019358000490075963,1346.0,463.0,74.0
3147.0,1751874218.6898527,0.009905894006934125,1355.0,906.0,74.0
3149.0,1751874218.757846,0.004493472120721325,453.0,378.0,73.0
3162.0,1751874218.9609644,0.06354272450311911,1969.0,851.0,74.0
3166.0,1751874218.9985223,0.03148861900952658,3420.0,328.0,73.0
3168.0,1751874219.0188527,0.015615800117758493,1366.0,644.0,73.0
3175.0,1751874219.0744479,0.009464870768110666,1396.0,270.0,72.0
3179.0,1751874219.0909595,0.009149130832570906,516.0,330.0,74.0
3187.0,1751874219.1853478,0.053844184657393976,870.0,1335.0,74.0
3202.0,1751874219.4681327,0.01595157346793911,1409.0,1333.0,74.0
3204.0,1751874219.5477197,0.0034294150089778518,1401.0,859.0,74.0
3206.0,1751874219.5792768,0.03707121981233656,1041.0,220.0,72.0
3220.0,1751874219.6918178,0.01639919599272565,291.0,1332.0,72.0
3222.0,1751874219.7059705,0.006080114449213162,1440.0,745.0,73.0
3235.0,1751874219.8358347,0.007819044959508517,670.0,538.0,73.0
3236.0,1751874219.844511,0.01650630391506304,1242.0,293.0,117.0
3242.0,1751874219.886854,0.024360631339834724,598.0,455.0,73.0
3243.0,1751874219.8877642,0.1100251326445127,3394.0,744.0,73.0
3253.0,1751874220.0045562,0.018867357668619498,515.0,2307.0,74.0
3259.0,1751874220.0344179,0.057544052863436126,564.0,738.0,73.0
3262.0,1751874220.0627978,0.018097680313614525,1395.0,1051.0,74.0
3269.0,1751874220.1574378,0.00596384127729514,520.0,1331.0,74.0
3272.0,1751874220.2067268,0.011405465699944228,1321.0,798.0,74.0
3290.0,1751874220.3920753,0.04112305604842918,315.0,526.0,72.0
3292.0,1751874220.3983293,0.05241090146750524,1363.0,1338.0,73.0
3296.0,1751874220.4358902,0.16744980777445537,876.0,1300.0,73.0
3298.0,1751874220.4477239,0.01613308538975725,1030.0,251.0,73.0
3301.0,1751874220.463595,0.018393898609241812,927.0,429.0,72.0
3316.0,1751874220.6081395,0.026025899764547594,771.0,1342.0,73.0
3318.0,1751874220.6603444,0.0052786851275227805,1146.0,848.0,73.0
3320.0,1751874220.6777525,0.030286241920590953,367.0,366.0,72.0
3324.0,1751874220.737696,0.003767373003071348,1363.0,1338.0,74.0
3328.0,1751874220.7971432,0.021548703573931325,841.0,586.0,74.0
3331.0,1751874220.833336,0.11910231489662484,778.0,1327.0,73.0
3338.0,1751874221.0100117,0.012339585389930898,752.0,1338.0,73.0
3340.0,1751874221.0176756,0.5646481178396072,1358.0,231.0,72.0
3342.0,1751874221.026763,0.016135513585360577,1433.0,1330.0,74.0
3345.0,1751874221.0391972,0.013246848163712771,1364.0,379.0,74.0
3362.0,1751874221.2094734,0.031571507107515905,1373.0,552.0,73.0
3363.0,1751874221.2241862,0.00636922029723028,1403.0,351.0,73.0
3372.0,1751874221.3169992,0.0040703353956366,536.0,822.0,74.0
3373.0,1751874221.3246543,0.02217867363444071,1457.0,1332.0,75.0
3377.0,1751874221.3652563,0.013606987781480359,634.0,796.0,73.0
3379.0,1751874221.3776486,0.06618209640397858,1353.0,451.0,74.0
3383.0,1751874221.4217079,0.014401175606171933,796.0,1335.0,74.0
3384.0,1751874221.4412444,0.007991242474001094,888.0,303.0,73.0
3388.0,1751874221.4779718,0.027445915402001936,1363.0,772.0,73.0
3392.0,1751874221.5588515,0.002564896502960029,1372.0,522.0,74.0
3395.0,1751874221.6185381,0.03972672064777328,429.0,539.0,73.0
3396.0,1751874221.6200073,0.01962428715196243,1329.0,916.0,74.0
3398.0,1751874221.6529713,0.01092858378004496,606.0,1333.0,74.0
3399.0,1751874221.680598,0.00484460142142851,635.0,2825.0,74.0
3400.0,1751874221.6982217,0.006352087114337568,1319.0,2498.0,-834.0
3414.0,1751874221.8404975,0.004088423213748429,466.0,839.0,74.0
3432.0,1751874222.167915,0.022611612306268795,518.0,331.0,74.0
3437.0,1751874222.2188768,0.0025560361777428233,937.0,733.0,75.0
3441.0,1751874222.2532945,0.2364341085271318,344.0,398.0,72.0
3447.0,1751874222.3446834,0.0029042052305029557,1381.0,1343.0,75.0
3449.0,1751874222.361227,0.029459241323648102,883.0,953.0,74.0
3451.0,1751874222.3896585,0.008595201892211522,488.0,847.0,73.0
3458.0,1751874222.5340135,0.007780921584478577,1317.0,1337.0,73.0
3459.0,1751874222.5416346,0.014274061990212071,1272.0,1334.0,73.0
3468.0,1751874222.6065807,0.046283934134401426,1393.0,1044.0,74.0
3476.0,1751874222.7178173,0.013120519410252942,1378.0,1337.0,73.0
3487.0,1751874222.8146083,0.0051528996417631485,578.0,855.0,73.0
3493.0,1751874222.8689358,0.017757862418056592,471.0,858.0,75.0
3498.0,1751874222.9588227,0.0014278165255764634,3790.0,770.0,73.0
3505.0,1751874223.0274277,0.019814732253430424,1357.0,1323.0,75.0
3507.0,1751874223.0428703,0.016518920607646346,505.0,1228.0,75.0
3515.0,1751874223.1094227,0.03295327225993541,1374.0,375.0,73.0
3518.0,1751874223.1421778,0.011157321095654668,1384.0,1335.0,74.0
3521.0,1751874223.1542933,0.03812564921324972,393.0,533.0,73.0
3522.0,1751874223.1734917,0.008267657621707902,370.0,445.0,73.0
3525.0,1751874223.1922426,0.011034381964996894,677.0,2915.0,72.0
3535.0,1751874223.3071408,0.004326092883758975,1339.0,793.0,74.0
3539.0,1751874223.3339894,0.01745792514443607,1401.0,676.0,74.0
3541.0,1751874223.395351,0.0069051780267982595,1389.0,756.0,74.0
3544.0,1751874223.4899144,0.0041387587862400065,648.0,1365.0,73.0
3547.0,1751874223.500207,0.08422321736135033,1338.0,1347.0,74.0
3554.0,1751874223.5820303,0.01085607121160094,2109.0,409.0,72.0
3556.0,1751874223.6091654,0.013231846809952834,860.0,581.0,73.0
3564.0,1751874223.7308524,0.0032027563114923148,507.0,2051.0,-378.0
3565.0,1751874223.7498143,0.005370003262151514,1324.0,1045.0,74.0
3567.0,1751874223.7592025,0.022383366014280957,1341.0,408.0,80.0
3568.0,1751874223.7642229,0.033637265554873154,789.0,423.0,73.0
3569.0,1751874223.76488,0.16164948453608247,1380.0,639.0,74.0
3578.0,1751874223.8560483,0.0037629092507141288,1396.0,735.0,73.0
3588.0,1751874224.014955,0.007822133878121952,874.0,886.0,73.0
3589.0,1751874224.0229783,0.011691557089308026,1359.0,632.0,73.0
3590.0,1751874224.024971,0.04736842105263158,947.0,221.0,71.0
3606.0,1751874224.1334136,0.022420392882682036,1361.0,2381.0,-395.0
3607.0,1751874224.1560133,0.005622956008017724,1387.0,809.0,73.0
3613.0,1751874224.238185,0.0825381679389313,1378.0,1319.0,74.0
3621.0,1751874224.3027375,0.010682679048333886,1380.0,409.0,73.0
3625.0,1751874224.344166,0.0020826328962606,444.0,1326.0,75.0
3634.0,1751874224.4262636,0.17023445463812437,378.0,822.0,73.0
3643.0,1751874224.5080972,0.035408595368952155,1340.0,1326.0,73.0
3646.0,1751874224.5317705,0.011266388128511742,1310.0,352.0,98.0
3656.0,1751874224.6305268,0.07024586051179127,733.0,229.0,73.0
3659.0,1751874224.6796432,0.004208481709291033,687.0,776.0,73.0
3662.0,1751874224.7064013,0.03543733092876465,1139.0,232.0,73.0
3667.0,1751874224.7523878,0.006300066049079547,1349.0,1330.0,73.0
3671.0,1751874224.8111787,0.028766733124465965,266.0,1331.0,73.0
3674.0,1751874224.836684,0.010172003681524247,430.0,789.0,75.0
3675.0,1751874224.8504393,0.013759000607269888,471.0,858.0,74.0
3676.0,1751874224.8621418,0.017116457035861114,4049.0,1335.0,74.0
3689.0,1751874225.0507803,0.038882462852566954,1416.0,859.0,73.0
3692.0,1751874225.11639,0.0078020620635760925,849.0,1333.0,73.0
3695.0,1751874225.1484594,0.017801078135181565,696.0,769.0,73.0
3697.0,1751874225.2016096,0.009625276401518288,1339.0,1332.0,74.0
3699.0,1751874225.2177405,0.005889840974293694,1440.0,787.0,74.0
3701.0,1751874225.2308662,0.004942630185348632,890.0,210.0,72.0
3702.0,1751874225.233752,0.03240287300032648,401.0,269.0,72.0
3705.0,1751874225.280331,0.01920740072909725,2711.0,1339.0,73.0
3710.0,1751874225.343138,0.007234339640810824,1363.0,853.0,73.0
3712.0,1751874225.3611224,0.009110906822509686,257.0,667.0,74.0
3716.0,1751874225.381234,0.012186865267433988,399.0,1328.0,74.0
3723.0,1751874225.4739594,0.012727113139647151,1404.0,1334.0,74.0
3728.0,1751874225.4894822,0.01834097540641934,1404.0,716.0,74.0
3730.0,1751874225.532016,0.0037502773873807236,3348.0,1021.0,74.0
3746.0,1751874225.701921,0.04074649092234087,1320.0,1332.0,74.0
3753.0,1751874225.7585013,0.015201685731487056,561.0,1327.0,74.0
3754.0,1751874225.7630978,0.032381451401624316,833.0,383.0,73.0
3760.0,1751874225.8279293,0.017702587804399487,1354.0,436.0,73.0
3765.0,1751874225.8852186,0.006624501953502766,580.0,299.0,125.0
3770.0,1751874226.007749,0.00282394785956478,695.0,396.0,74.0
3773.0,1751874226.0124083,0.07059079061685491,768.0,872.0,73.0
3774.0,1751874226.0902848,0.0020266340119393846,1390.0,452.0,74.0
3775.0,1751874226.0942497,0.0239667400342382,1387.0,472.0,-556.0
3776.0,1751874226.0966525,0.024291906057857072,1422.0,277.0,73.0
3783.0,1751874226.1629915,0.031068641184710828,1318.0,2337.0,73.0
3788.0,1751874226.2107756,0.01591960156527926,1411.0,1332.0,74.0
3794.0,1751874226.2501132,0.0231304803798759,1377.0,345.0,73.0
3796.0,1751874226.2598617,0.03641673620216951,1378.0,468.0,74.0
3799.0,1751874226.2671719,0.0920417230056017,1299.0,279.0,72.0
3808.0,1751874226.350755,0.014030429166068609,434.0,320.0,73.0
3813.0,1751874226.3835628,0.023084548930746355,626.0,599.0,72.0
3818.0,1751874226.4380593,0.0039890301670406384,1444.0,276.0,73.0
3822.0,1751874226.492195,0.011032262784402664,1411.0,1332.0,73.0
3823.0,1751874226.4928215,0.08872549019607844,1423.0,1336.0,73.0
3828.0,1751874226.5962083,0.00521198366874701,1335.0,899.0,73.0
3835.0,1751874226.6573372,0.01743844020505925,1389.0,591.0,74.0
3842.0,1751874226.738659,0.021987985945823418,1359.0,1328.0,74.0
3844.0,1751874226.7480888,0.04088797108931337,1066.0,529.0,73.0
3845.0,1751874226.7496781,0.026598226784881007,1405.0,1341.0,73.0
3851.0,1751874226.8026705,0.025210850239343514,1231.0,846.0,74.0
3856.0,1751874226.835856,0.0258087678008696,1358.0,542.0,74.0
3859.0,1751874226.8761795,0.03631849944832659,2760.0,1395.0,78.0
3867.0,1751874227.051148,0.0037295397449591543,742.0,398.0,73.0
3871.0,1751874227.0915399,0.005816959669079628,1303.0,1332.0,73.0
3875.0,1751874227.1707032,0.011831493082985799,1349.0,822.0,73.0
3878.0,1751874227.1890297,0.004714130303396591,1105.0,631.0,72.0
3879.0,1751874227.1919613,0.013009187738840557,1443.0,334.0,73.0
3883.0,1751874227.2565343,0.011800763470855968,1369.0,1105.0,74.0
3895.0,1751874227.4094002,0.3879355174206968,1381.0,886.0,74.0
3896.0,1751874227.4215379,0.01436036460788936,931.0,457.0,74.0
3897.0,1751874227.431033,0.015587228041901692,210.0,376.0,-758.0
3898.0,1751874227.43769,0.02814946619217082,1507.0,314.0,73.0
3901.0,1751874227.4672253,0.04218289085545723,1385.0,430.0,73.0
3910.0,1751874227.5927684,0.00595384297967244,434.0,399.0,73.0
3913.0,1751874227.608574,0.010508173023462693,1388.0,1336.0,74.0
3918.0,1751874227.665541,0.023549960850448713,1389.0,304.0,73.0
3930.0,1751874227.771495,0.005376528201089004,1212.0,416.0,-177.0
3931.0,1751874227.775031,0.01025364274150027,885.0,408.0,98.0
3935.0,1751874227.8557487,0.012166231680385465,689.0,1169.0,74.0
3938.0,1751874227.882101,0.005116438160932646,1417.0,693.0,74.0
3941.0,1751874227.969235,0.020571184312468276,1362.0,350.0,74.0
3942.0,1751874227.9696014,0.24681684622918706,1299.0,854.0,73.0
3949.0,1751874228.0448644,0.006322750299702231,720.0,400.0,88.0
3952.0,1751874228.054094,0.07930720145852324,1398.0,248.0,74.0
3962.0,1751874228.1804702,0.009812406294567219,287.0,443.0,73.0
3963.0,1751874228.181815,0.03411599438089504,614.0,1341.0,75.0
3964.0,1751874228.1841996,0.03330386089006779,1268.0,855.0,74.0
3965.0,1751874228.1932483,0.02529021558872305,3327.0,265.0,73.0
3975.0,1751874228.3415837,0.4296160877513711,567.0,672.0,73.0
3976.0,1751874228.3493352,0.036147095695779355,614.0,474.0,73.0
3984.0,1751874228.4255583,0.003190353046997976,937.0,1034.0,73.0
3989.0,1751874228.5077589,0.021052266500190753,1048.0,617.0,73.0
3995.0,1751874228.616863,0.003713582853426581,556.0,502.0,73.0
3997.0,1751874228.6590512,0.0056360593359749385,731.0,255.0,94.0
4003.0,1751874228.7271333,0.004460402203762771,1415.0,436.0,73.0
4004.0,1751874228.7294936,0.028725500362957585,759.0,1332.0,74.0
4005.0,1751874228.739824,0.00909069986881775,535.0,856.0,73.0
4011.0,1751874228.8563921,0.005620038343611359,1344.0,972.0,74.0
4013.0,1751874228.8734188,0.030342156229825695,1289.0,1331.0,74.0
4035.0,1751874229.2072337,0.005284300961478212,1369.0,292.0,107.0
4039.0,1751874229.2806964,0.00544064942355024,771.0,664.0,72.0
4045.0,1751874229.333203,0.022577777777777776,1376.0,656.0,73.0
4047.0,1751874229.3561614,0.023640200062519538,301.0,1331.0,75.0
4048.0,1751874229.369842,0.014560916348490108,355.0,835.0,73.0
4053.0,1751874229.4791656,0.0044773158774688996,1400.0,1658.0,74.0
4055.0,1751874229.5029542,0.007450351248207298,1392.0,294.0,122.0
4070.0,1751874229.673139,0.023597399470262462,1291.0,920.0,73.0
4074.0,1751874229.6954575,0.019953290008123476,2556.0,339.0,73.0
4075.0,1751874229.705454,0.009892493623513146,857.0,429.0,73.0
4079.0,1751874229.7489955,0.005938955328021809,940.0,449.0,74.0
4087.0,1751874229.8156426,0.008561345416521437,1394.0,471.0,73.0
4089.0,1751874229.82434,0.011971347267196546,1361.0,608.0,74.0
4091.0,1751874229.8482144,0.009217335058214747,445.0,268.0,71.0
4102.0,1751874230.0161107,0.004625547846309145,1294.0,345.0,73.0
4106.0,1751874230.0873818,0.02289059153857136,795.0,312.0,72.0
4117.0,1751874230.1972513,0.010604607156467234,299.0,725.0,73.0
4118.0,1751874230.1985314,0.088871096877502,1399.0,266.0,86.0
4127.0,1751874230.2617526,0.02740647707903472,1335.0,346.0,73.0
4128.0,1751874230.2645955,0.033344733242134064,1354.0,1101.0,84.0
4131.0,1751874230.3196127,0.026757828986241242,1409.0,272.0,73.0
4133.0,1751874230.3310087,0.02396389002872384,1312.0,294.0,73.0
4134.0,1751874230.3351703,0.024608501118568233,1291.0,1335.0,73.0
4136.0,1751874230.3735175,0.007403101127269754,1356.0,672.0,72.0
4151.0,1751874230.4724822,0.041019955654102,1334.0,296.0,72.0
4160.0,1751874230.540102,0.06986204457021578,1379.0,853.0,73.0
4166.0,1751874230.5664663,0.010120333230484418,1347.0,324.0,73.0
4168.0,1751874230.6032834,0.057891109579600274,1321.0,643.0,74.0
4177.0,1751874230.774377,0.007927187316500293,1305.0,978.0,74.0
4182.0,1751874230.8084745,0.02979525060730752,1373.0,936.0,74.0
4188.0,1751874230.900691,0.00636382746956638,1380.0,598.0,73.0
4190.0,1751874230.904227,0.03707940139166905,1407.0,629.0,73.0
4196.0,1751874230.988588,0.2629843363561418,2147.0,549.0,73.0
4201.0,1751874231.0525274,0.017489484170909897,503.0,325.0,73.0
4204.0,1751874231.0709062,0.04268057164928544,1492.0,470.0,75.0
4222.0,1751874231.3674333,0.005904801971272312,897.0,503.0,74.0
4223.0,1751874231.4227424,0.0025839904564619143,1409.0,1343.0,74.0
4227.0,1751874231.4592907,0.02129293493437587,1414.0,859.0,73.0
4234.0,1751874231.526393,0.020074503311258277,373.0,837.0,73.0
4235.0,1751874231.5264304,0.4727272727272727,1286.0,799.0,73.0
4236.0,1751874231.528085,0.014583929082070346,1342.0,1342.0,74.0
4239.0,1751874231.5650806,0.029020739952898274,783.0,879.0,73.0
4240.0,1751874231.5743403,0.024506570602262925,1354.0,456.0,74.0
4242.0,1751874231.5997994,0.008250076795927621,528.0,378.0,75.0
4245.0,1751874231.6164906,0.29581151832460734,552.0,560.0,76.0
4247.0,1751874231.6421742,0.007998366699893115,1369.0,603.0,83.0
4266.0,1751874231.9967062,0.003083534887306436,589.0,383.0,73.0
4270.0,1751874232.0501,0.006265763550705097,1310.0,245.0,74.0
4273.0,1751874232.118136,0.005202872719647725,975.0,718.0,74.0
4282.0,1751874232.1973789,0.02557423632488752,334.0,1333.0,74.0
4289.0,1751874232.2589562,0.024889471098739152,1429.0,506.0,74.0
4303.0,1751874232.392969,0.2725714285714286,1071.0,556.0,73.0
4304.0,1751874232.4041846,0.02214990552173,1355.0,2086.0,74.0
4308.0,1751874232.4709141,0.012449098312972659,1777.0,862.0,73.0
4309.0,1751874232.4745712,0.028308750578741982,362.0,549.0,74.0
4314.0,1751874232.5588248,0.005884788910442231,1367.0,321.0,73.0
4317.0,1751874232.5880482,0.02394557823129252,602.0,774.0,392.0
4319.0,1751874232.635825,0.010277473857908991,475.0,454.0,74.0
4326.0,1751874232.7271552,0.007221990223292147,1335.0,545.0,73.0
4332.0,1751874232.7692313,0.011901347863492975,1041.0,207.0,72.0
4348.0,1751874233.0197442,0.0027856747629314456,791.0,502.0,73.0
4350.0,1751874233.04415,0.00901125024186638,1339.0,750.0,74.0
4353.0,1751874233.078624,0.027446631549764348,1333.0,485.0,74.0
4355.0,1751874233.1088614,0.003279666070363745,1340.0,1021.0,73.0
4363.0,1751874233.1896613,0.01708193676048944,1336.0,1327.0,74.0
4365.0,1751874233.2640374,0.003243845566538041,674.0,926.0,74.0
4367.0,1751874233.283445,0.010085181613629058,1383.0,1337.0,74.0
4368.0,1751874233.2859454,0.03704748472026328,884.0,439.0,73.0
4372.0,1751874233.3715944,0.01899148657498363,1354.0,699.0,74.0
4373.0,1751874233.4300075,0.002018740779789708,1336.0,684.0,74.0
4376.0,1751874233.4810102,0.03860560657322378,1336.0,1332.0,73.0
4380.0,1751874233.493566,0.022755778534312848,1368.0,772.0,73.0
4391.0,1751874233.5754046,0.07061419639573373,1388.0,851.0,73.0
4392.0,1751874233.5756953,0.1598360655737705,806.0,601.0,73.0
4404.0,1751874233.6945524,0.01872199952841311,1370.0,998.0,74.0
4406.0,1751874233.7732263,0.015625,1056.0,2047.0,75.0
4423.0,1751874234.0013342,0.0068970472016667865,1381.0,1179.0,74.0
4426.0,1751874234.0188565,0.04164430610711602,371.0,476.0,73.0
4429.0,1751874234.0610223,0.02243033876748757,1332.0,799.0,73.0
4431.0,1751874234.0726738,0.16216216216216217,537.0,519.0,86.0
4437.0,1751874234.116231,0.007413928427483507,1377.0,1324.0,75.0
4439.0,1751874234.1289568,0.03471079610175927,1398.0,1327.0,75.0
4443.0,1751874234.1522326,0.017004798383702332,1338.0,513.0,74.0
4455.0,1751874234.3005943,0.009904474610356963,1388.0,819.0,74.0
4456.0,1751874234.3126276,0.007747483553935167,1400.0,1918.0,74.0
4477.0,1751874234.602945,0.01826345488744615,1315.0,1341.0,73.0
4480.0,1751874234.6309865,0.010966493378362994,873.0,578.0,73.0
4481.0,1751874234.6471202,0.01239274097405178,1386.0,1037.0,73.0
4482.0,1751874234.6516893,0.02346791828897541,1696.0,1106.0,54.0
4484.0,1751874234.679804,0.010529882451064718,937.0,546.0,73.0
4486.0,1751874234.6881459,0.14938684503901895,220.0,1059.0,74.0
4490.0,1751874234.7232668,0.11440677966101695,661.0,1213.0,74.0
4492.0,1751874234.750465,0.015939883866560402,588.0,365.0,73.0
4494.0,1751874234.7607663,0.010796576695194206,1375.0,1335.0,74.0
4497.0,1751874234.8213067,0.01851333519932824,1400.0,730.0,74.0
4504.0,1751874234.8739564,0.013106732491589846,297.0,523.0,73.0
4515.0,1751874234.9984505,0.015897864989608358,1391.0,1332.0,73.0
4516.0,1751874235.0094895,0.013232024521337449,1315.0,438.0,73.0
4518.0,1751874235.0214784,0.00938889119687591,1377.0,357.0,73.0
4519.0,1751874235.0571759,0.004302323254557461,211.0,661.0,84.0
4529.0,1751874235.154337,0.007984411052957397,248.0,827.0,72.0
4535.0,1751874235.212524,0.010099533399120402,1432.0,811.0,73.0
4541.0,1751874235.3546567,0.007963061272361387,739.0,810.0,75.0
4554.0,1751874235.4652317,0.1366303436714166,1376.0,374.0,73.0
4555.0,1751874235.4709966,0.03431096826034552,1349.0,345.0,74.0
4558.0,1751874235.4874642,0.03908503232222775,1419.0,895.0,75.0
4566.0,1751874235.556174,0.030209140201394268,1355.0,371.0,73.0
4594.0,1751874235.8635392,0.011348567551731581,232.0,871.0,76.0
4608.0,1751874236.0167556,0.02165238985462764,1373.0,820.0,73.0
4612.0,1751874236.0841763,0.027916251246261216,1374.0,262.0,72.0
4621.0,1751874236.151497,0.03279916129998502,1411.0,518.0,74.0
4622.0,1751874236.157786,0.022783761391880698,1412.0,289.0,72.0
4628.0,1751874236.211695,0.1879021879021879,579.0,649.0,73.0
4630.0,1751874236.2405312,0.01066263152338389,577.0,353.0,73.0
4633.0,1751874236.2519536,0.030619444052490476,1412.0,433.0,74.0
4638.0,1751874236.3142848,0.031207555513440097,1353.0,739.0,74.0
4657.0,1751874236.5215454,0.0664179104477612,1343.0,876.0,74.0
4660.0,1751874236.5325785,0.022907727134506877,840.0,1333.0,74.0
4669.0,1751874236.6664894,0.009451676528599606,1335.0,1275.0,74.0
4670.0,1751874236.6780667,0.01708946354657596,1288.0,618.0,73.0
4673.0,1751874236.7125936,0.06554121151936444,1349.0,884.0,74.0
4683.0,1751874236.8394823,0.002202984889385336,1436.0,459.0,73.0
4690.0,1751874236.9848568,0.003686131386861314,998.0,749.0,73.0
4693.0,1751874237.0075467,0.0047348898101680125,1408.0,1334.0,75.0
4694.0,1751874237.0173957,0.01886026690858739,1434.0,386.0,73.0
4696.0,1751874237.0478504,0.014123112659698026,1496.0,323.0,74.0
4698.0,1751874237.0613644,0.006388624127360313,1382.0,500.0,74.0
4704.0,1751874237.1174047,0.12716236722306526,1442.0,253.0,71.0
4710.0,1751874237.3000324,0.04211313231996013,353.0,255.0,74.0
4712.0,1751874237.326344,0.005873794255536994,1216.0,1010.0,74.0
4747.0,1751874237.7512805,0.020087788234843112,675.0,559.0,73.0
4754.0,1751874237.8878167,0.019588700280288477,3972.0,504.0,73.0
4759.0,1751874237.9909544,0.009487813603347175,1449.0,1326.0,73.0
4774.0,1751874238.1267657,0.009293509828498058,1448.0,1339.0,74.0
4779.0,1751874238.1558936,0.02085747392815759,951.0,1221.0,73.0
4781.0,1751874238.173746,0.031149458906112898,1404.0,362.0,72.0
4783.0,1751874238.1920483,0.0077424451905984595,1361.0,265.0,84.0
4790.0,1751874238.2783194,0.02801358234295416,1441.0,803.0,75.0
4796.0,1751874238.3526437,0.004622770585901764,1363.0,360.0,73.0
4799.0,1751874238.3719883,0.01020908199934662,1383.0,841.0,73.0
4802.0,1751874238.4311726,0.028643359300779023,1117.0,618.0,74.0
4803.0,1751874238.438276,0.03369187489657455,1621.0,552.0,73.0
4808.0,1751874238.5300379,0.0053659331703341485,751.0,1334.0,74.0
4809.0,1751874238.536218,0.03861033439307465,1080.0,874.0,74.0
4815.0,1751874238.5928917,0.01893024251506162,1412.0,640.0,73.0
4816.0,1751874238.5979161,0.018952115919777374,800.0,1340.0,75.0
4820.0,1751874238.7303483,0.014485540204239252,681.0,694.0,73.0
4821.0,1751874238.7418318,0.01268366193645611,3240.0,890.0,72.0
4827.0,1751874238.7779138,0.02719200887902331,668.0,683.0,70.0
4832.0,1751874238.8248835,0.055974264705882355,1443.0,450.0,73.0
4838.0,1751874238.888634,0.012371455890100884,1189.0,671.0,74.0
4839.0,1751874238.8982177,0.020423825320592167,1341.0,1334.0,74.0
4841.0,1751874238.971618,0.012514220705346985,1377.0,216.0,72.0
4844.0,1751874239.000615,0.06072456282741828,1386.0,754.0,74.0
4857.0,1751874239.2085485,0.0290459176922059,1347.0,900.0,73.0
4864.0,1751874239.2868426,0.00410923722284051,2424.0,316.0,73.0
4865.0,1751874239.3042312,0.013406476148784525,427.0,1338.0,74.0
4866.0,1751874239.3089104,0.023016830073926492,1379.0,302.0,73.0
4871.0,1751874239.3717268,0.01235536949822664,203.0,284.0,74.0
4873.0,1751874239.3879056,0.030586205657190096,1448.0,1008.0,74.0
4878.0,1751874239.4626572,0.02862756104406399,1404.0,714.0,74.0
4886.0,1751874239.5504694,0.031621700029010734,1403.0,486.0,73.0
4894.0,1751874239.6411393,0.010356802985923152,1400.0,513.0,74.0
4898.0,1751874239.7384605,0.022727272727272728,1386.0,217.0,73.0
4903.0,1751874239.765044,0.03038332450097156,511.0,349.0,73.0
4906.0,1751874239.7798336,0.03001910306558719,818.0,360.0,73.0
4909.0,1751874239.798619,0.005329960702832107,1509.0,312.0,112.0
4917.0,1751874239.8786414,0.14771893794924454,297.0,2744.0,68.0
4918.0,1751874239.9120586,0.005992985563976371,516.0,306.0,-364.0
4921.0,1751874239.9719913,0.04624036659029369,1362.0,208.0,164.0
4922.0,1751874239.9723825,0.1251840942562592,1296.0,721.0,73.0
4925.0,1751874239.9896905,0.020314629010281183,1348.0,538.0,73.0
4926.0,1751874240.0053039,0.009998162665360117,1381.0,1240.0,74.0
4932.0,1751874240.0470295,0.2685121107266436,1096.0,774.0,73.0
4938.0,1751874240.1421335,0.015231647979691136,1429.0,306.0,74.0
4939.0,1751874240.1549337,0.005053977219940913,1344.0,1334.0,74.0
4940.0,1751874240.192205,0.008814825164166592,1014.0,728.0,73.0
4945.0,1751874240.257217,0.03356648037214283,1433.0,246.0,72.0
4953.0,1751874240.3090382,0.013880962771492833,369.0,782.0,73.0
4961.0,1751874240.4098737,0.004603113641803174,1402.0,575.0,72.0
4962.0,1751874240.4102087,0.2986198243412798,1377.0,312.0,73.0
4964.0,1751874240.4401557,0.05374331550802139,436.0,634.0,73.0
4979.0,1751874240.5583024,0.04028089887640449,1333.0,1329.0,74.0
4983.0,1751874240.6077564,0.014294884027548879,1352.0,787.0,73.0
4989.0,1751874240.6361663,0.18785578747628084,1255.0,912.0,73.0
4990.0,1751874240.6510103,0.01014143797936632,1453.0,1337.0,74.0
4996.0,1751874240.711439,0.03889015237662042,397.0,595.0,74.0
5002.0,1751874240.799206,0.0066500711237553346,1090.0,1333.0,74.0
5009.0,1751874240.9590726,0.002102900552486188,1406.0,661.0,73.0
5016.0,1751874241.0015287,0.0390053924505692,1370.0,662.0,74.0
5027.0,1751874241.107162,0.02179138795986622,1392.0,647.0,75.0
5034.0,1751874241.1795585,0.007308436095135244,1419.0,346.0,73.0
5041.0,1751874241.2051804,0.1001628664495114,1331.0,760.0,74.0
5044.0,1751874241.24484,0.02282453637660485,211.0,377.0,73.0
5046.0,1751874241.2689755,0.007155071004984295,1199.0,1233.0,77.0
5050.0,1751874241.3005614,0.014393215480172002,891.0,1333.0,74.0
5055.0,1751874241.3523135,0.029187296550592226,2150.0,964.0,73.0
5074.0,1751874241.6889462,0.0027757918726693588,416.0,1334.0,74.0
5075.0,1751874241.6930714,0.025223518266327197,1385.0,337.0,72.0
5077.0,1751874241.7181358,0.006499802874830846,1421.0,244.0,73.0
5079.0,1751874241.7544186,0.0271241978792154,796.0,453.0,74.0
5081.0,1751874241.7732866,0.004412127187577028,476.0,714.0,74.0
5083.0,1751874241.843918,0.0040277556229063646,1379.0,759.0,73.0
5084.0,1751874241.8575354,0.011485761525337273,1362.0,821.0,74.0
5089.0,1751874241.887463,0.004142106101640911,1340.0,1326.0,75.0
5092.0,1751874241.9021964,0.013087736306349976,1463.0,1335.0,74.0
5094.0,1751874241.9846396,0.00746863081349039,1357.0,735.0,73.0
5098.0,1751874242.032916,0.009440623149455655,1332.0,737.0,73.0
5099.0,1751874242.050543,0.005293741409577725,782.0,487.0,72.0
5104.0,1751874242.0889347,0.006255229698565277,1392.0,647.0,73.0
5106.0,1751874242.1007335,0.12401138880101234,601.0,655.0,73.0
5109.0,1751874242.1271927,0.007879770383756778,1392.0,592.0,73.0
5111.0,1751874242.147842,0.011966640237277186,511.0,922.0,74.0
5113.0,1751874242.1739292,0.025614632408250525,517.0,853.0,73.0
5114.0,1751874242.1960812,0.00882969010150921,1376.0,621.0,73.0
5115.0,1751874242.2098136,0.018023004410620082,1347.0,646.0,74.0
5119.0,1751874242.251308,0.006902502157031924,1040.0,1011.0,74.0
5137.0,1751874242.4411702,0.005047498116408584,1201.0,1330.0,74.0
5140.0,1751874242.489143,0.008064301846685266,921.0,852.0,74.0
5148.0,1751874242.5680275,0.01895766800298974,1406.0,1052.0,74.0
5150.0,1751874242.6006947,0.011379908056371995,802.0,744.0,73.0
5151.0,1751874242.604986,0.034092171016102166,756.0,703.0,73.0
5153.0,1751874242.614475,0.02325229687322772,1458.0,852.0,73.0
5157.0,1751874242.6370504,0.04196796647969183,475.0,402.0,73.0
5161.0,1751874242.6809986,0.04693015450494763,1141.0,436.0,75.0
5163.0,1751874242.699665,0.0744324525493115,1412.0,1331.0,74.0
5164.0,1751874242.702614,0.04723547352780167,1400.0,299.0,82.0
5167.0,1751874242.7533321,0.01778993384295299,1399.0,273.0,73.0
5175.0,1751874242.8327513,0.0078034364429030246,1379.0,734.0,84.0
5177.0,1751874242.871461,0.0662362505978001,367.0,675.0,73.0
5179.0,1751874242.8929489,0.016477802959605384,1319.0,671.0,73.0
5182.0,1751874242.9065113,0.07266629401900503,1064.0,274.0,71.0
5185.0,1751874242.971753,0.015713583059359548,651.0,529.0,74.0
5190.0,1751874243.0261555,0.011013735416326456,519.0,2771.0,74.0
5192.0,1751874243.048573,0.012016704070907077,604.0,272.0,73.0
5197.0,1751874243.1370237,0.007303330462245191,1388.0,511.0,74.0
5199.0,1751874243.1656032,0.0069535923294534304,242.0,3352.0,75.0
5207.0,1751874243.2328331,0.014273855093852327,1420.0,462.0,72.0
5208.0,1751874243.2370563,0.022594668802196544,451.0,526.0,73.0
5209.0,1751874243.2429452,0.022834170854271356,1335.0,251.0,73.0
5223.0,1751874243.3879178,0.009407588710893547,1370.0,350.0,72.0
5229.0,1751874243.4589322,0.004034098169140062,1407.0,641.0,73.0
5234.0,1751874243.491999,0.01973403498791068,888.0,874.0,73.0
5239.0,1751874243.567114,0.007869595098200543,427.0,1033.0,74.0
5240.0,1751874243.5792067,0.014028570864041414,1334.0,585.0,74.0
5258.0,1751874243.7856004,0.05017960161097203,314.0,476.0,73.0
5261.0,1751874243.8085093,0.007655523383346494,1261.0,941.0,74.0
5263.0,1751874243.8517735,0.013143568206564007,305.0,1073.0,74.0
5268.0,1751874243.8876548,0.020581113801452784,221.0,724.0,74.0
5269.0,1751874243.8889117,0.036729339746392656,1395.0,693.0,73.0
5272.0,1751874243.9593983,0.005436463906086942,1404.0,636.0,73.0
5274.0,1751874243.9659472,0.0979129090440608,320.0,2155.0,74.0
5275.0,1751874243.9741673,0.026672824894636567,601.0,706.0,74.0
5279.0,1751874244.031596,0.010529497707693083,243.0,1044.0,75.0
5285.0,1751874244.0807605,0.02424096963878555,1376.0,454.0,73.0
5287.0,1751874244.1161027,0.017004912530286527,349.0,692.0,73.0
5289.0,1751874244.1408942,0.008260583873087392,739.0,932.0,74.0
5290.0,1751874244.1821947,0.005473453749315818,376.0,728.0,72.0
5291.0,1751874244.1899467,0.01887027077439612,425.0,916.0,74.0
5292.0,1751874244.1909292,0.10153846153846154,1118.0,1340.0,74.0
5295.0,1751874244.2750015,0.02892639474917956,1421.0,1334.0,73.0
5296.0,1751874244.2969122,0.006627777898700564,1255.0,1333.0,74.0
5304.0,1751874244.479271,0.007142688018436817,1338.0,1333.0,73.0
5310.0,1751874244.5465314,0.01625679012345679,1358.0,766.0,73.0
5311.0,1751874244.5471745,0.18829183049366535,1398.0,527.0,74.0
5317.0,1751874244.5866635,0.2684063373718546,1343.0,582.0,73.0
5321.0,1751874244.6246016,0.023618453580800974,1365.0,560.0,74.0
5323.0,1751874244.646186,0.021274274492690377,964.0,615.0,254.0
5324.0,1751874244.6891294,0.0024225345837695753,4133.0,263.0,72.0
5328.0,1751874244.7085924,0.27852004110996914,1385.0,716.0,74.0
5331.0,1751874244.752702,0.012294185419066926,1348.0,386.0,73.0
5334.0,1751874244.806628,0.003131751899001001,1348.0,556.0,74.0
5336.0,1751874244.8230133,0.01029490616621984,1369.0,798.0,74.0
5339.0,1751874244.852093,0.026321090445175586,1446.0,1335.0,73.0
5340.0,1751874244.8598175,0.025278214494898116,1399.0,996.0,74.0
5344.0,1751874244.9053254,0.011852385351265872,1396.0,961.0,74.0
5348.0,1751874245.0094872,0.00442621883746664,1254.0,484.0,74.0
5350.0,1751874245.043041,0.008034085513656695,547.0,485.0,74.0
5351.0,1751874245.0437424,0.15803013597941934,1357.0,1337.0,74.0
5358.0,1751874245.1251674,0.01274758235507059,454.0,1342.0,-289.0
5359.0,1751874245.1281748,0.03005510101853398,1039.0,718.0,73.0
5361.0,1751874245.1315093,0.14192495921696574,767.0,480.0,74.0
5363.0,1751874245.161329,0.012440952838052896,1424.0,816.0,74.0
5365.0,1751874245.1789393,0.007029804727646454,1415.0,1329.0,74.0
5383.0,1751874245.3940954,0.06436781609195402,785.0,575.0,73.0
5386.0,1751874245.451114,0.020505061045601587,456.0,1077.0,73.0
5387.0,1751874245.4614565,0.008716305024557844,1450.0,781.0,74.0
5391.0,1751874245.497213,0.019632111305535403,1364.0,566.0,76.0
5392.0,1751874245.4980984,0.051623931623931626,549.0,2150.0,74.0
5398.0,1751874245.5693061,0.03639445607737561,336.0,212.0,71.0
5403.0,1751874245.613477,0.020033230477094707,239.0,793.0,79.0
5406.0,1751874245.623447,0.08818140174072378,1371.0,1336.0,74.0
5415.0,1751874245.7355917,0.005942898391994822,1380.0,484.0,74.0
5416.0,1751874245.735866,0.36917562724014336,1307.0,3646.0,74.0
5417.0,1751874245.7755764,0.0035256793966239675,836.0,729.0,73.0
5418.0,1751874245.7844236,0.01722374724150923,1117.0,1334.0,74.0
5419.0,1751874245.7944252,0.01530320366132723,1351.0,650.0,74.0
5420.0,1751874245.7951267,0.06886715566422168,1334.0,456.0,74.0
5426.0,1751874245.9594016,0.002073500628282481,1357.0,1328.0,74.0
5427.0,1751874245.9599779,0.25699745547073793,1333.0,814.0,74.0
5429.0,1751874245.9814107,0.03350997506234414,914.0,381.0,72.0
5431.0,1751874246.0166342,0.04192021636240703,1365.0,708.0,73.0
5435.0,1751874246.0380743,0.2708142726440988,1335.0,340.0,73.0
5440.0,1751874246.0879185,0.023670905469587864,1351.0,2011.0,73.0
5445.0,1751874246.1522057,0.02252274283478431,1384.0,291.0,89.0
5457.0,1751874246.2722986,0.07983623336745138,694.0,481.0,72.0
5458.0,1751874246.2726235,0.37093690248565964,668.0,846.0,74.0
5469.0,1751874246.434322,0.3374384236453202,1390.0,694.0,74.0
5481.0,1751874246.5194216,0.0036990521792028886,733.0,452.0,74.0
5488.0,1751874246.5610669,0.015264999352079823,468.0,848.0,74.0
5492.0,1751874246.6132762,0.008595582284239069,1374.0,1333.0,73.0
5493.0,1751874246.622413,0.021576433121019107,475.0,223.0,73.0
5494.0,1751874246.6329012,0.014089653125071362,411.0,1333.0,74.0
5501.0,1751874246.6858664,0.033442088091353996,452.0,518.0,73.0
5502.0,1751874246.690429,0.022480211081794196,423.0,1333.0,73.0
5504.0,1751874246.7080066,0.02320342419463843,1387.0,407.0,73.0
5507.0,1751874246.7477782,0.007686879379000958,433.0,644.0,74.0
5509.0,1751874246.7610471,0.01786204163745542,435.0,1250.0,75.0
5511.0,1751874246.7782683,0.01369388965789994,325.0,342.0,73.0
5513.0,1751874246.794396,0.037183680495782405,1359.0,785.0,74.0
5516.0,1751874246.829315,0.005590994929443429,1372.0,542.0,74.0
5524.0,1751874246.9944777,0.026436303080766027,1430.0,360.0,121.0
5530.0,1751874247.0433156,0.02697699021422904,1329.0,239.0,72.0
5531.0,1751874247.0477326,0.023471346312037292,1287.0,1330.0,74.0
5536.0,1751874247.0760634,0.025228324527992792,1287.0,902.0,74.0
5542.0,1751874247.113071,0.05956678700361011,1978.0,1328.0,74.0
5550.0,1751874247.1969135,0.05030880082346886,1315.0,412.0,73.0
5551.0,1751874247.2098234,0.007202748125438629,2095.0,816.0,74.0
5552.0,1751874247.2286673,0.010715363718683972,1269.0,357.0,73.0
5556.0,1751874247.2599492,0.013794234057003677,1364.0,678.0,73.0
5557.0,1751874247.294151,0.0056582894288120375,1382.0,1335.0,74.0
5558.0,1751874247.303878,0.01590075565510621,1384.0,283.0,73.0
5564.0,1751874247.3719673,0.017519352773412492,504.0,784.0,73.0
5568.0,1751874247.435808,0.005858466664352896,1456.0,1332.0,74.0
5569.0,1751874247.4360518,0.5433526011560693,1331.0,583.0,74.0
5570.0,1751874247.4499748,0.013869836915104405,1351.0,630.0,74.0
5572.0,1751874247.4601066,0.02490406140070355,222.0,660.0,73.0
5579.0,1751874247.5240757,0.011020714326928626,1336.0,624.0,73.0
5588.0,1751874247.631025,0.03561042524005487,797.0,1335.0,74.0
5589.0,1751874247.6500401,0.007614531587134327,1306.0,448.0,73.0
5592.0,1751874247.6912549,0.022161019663101262,1361.0,635.0,73.0
5593.0,1751874247.6998188,0.018102477477477476,1353.0,727.0,74.0
5594.0,1751874247.701496,0.026271574767068887,2203.0,348.0,72.0
5607.0,1751874247.882284,0.03393232651500669,640.0,1338.0,463.0
5617.0,1751874248.0386026,0.00996577729894163,922.0,846.0,74.0
5622.0,1751874248.1653125,0.014952676369999205,737.0,1033.0,73.0
5630.0,1751874248.2086563,0.04192117276409696,444.0,1018.0,73.0
5633.0,1751874248.2441473,0.04043956043956044,1268.0,699.0,74.0
5638.0,1751874248.2961264,0.016818073469820165,1338.0,689.0,74.0
5646.0,1751874248.4132786,0.010512372171885763,1423.0,1330.0,74.0
5650.0,1751874248.496993,0.18213457076566125,1113.0,918.0,73.0
5670.0,1751874248.755148,0.11694915254237288,1362.0,1176.0,76.0
5671.0,1751874248.7587845,0.05577139992480261,1418.0,788.0,73.0
5672.0,1751874248.7718112,0.015929397978614326,1424.0,699.0,74.0
5680.0,1751874248.835522,0.01998048614940822,395.0,337.0,-864.0
5683.0,1751874248.8700285,0.020525398567094816,1359.0,624.0,73.0
5697.0,1751874249.0397458,0.003767404787406282,667.0,792.0,73.0
5708.0,1751874249.158069,0.007510951674657653,1453.0,210.0,73.0
5722.0,1751874249.3226578,0.038108990457056756,1622.0,1337.0,74.0
5723.0,1751874249.3230863,0.24888605983450032,2846.0,232.0,72.0
5724.0,1751874249.324269,0.03609879670677644,1318.0,1034.0,74.0
5726.0,1751874249.3478465,0.055565497494631355,577.0,843.0,73.0
5735.0,1751874249.5058868,0.01667212399039511,1339.0,1331.0,73.0
5739.0,1751874249.542002,0.009194862823740239,1411.0,615.0,72.0
5743.0,1751874249.5581553,0.023341023205319583,394.0,1235.0,73.0
5744.0,1751874249.5861962,0.008081746400371575,1384.0,1332.0,74.0
5745.0,1751874249.5867689,0.1192093885114268,1336.0,1286.0,73.0
5746.0,1751874249.5926993,0.017705805116778738,2500.0,1331.0,73.0
5757.0,1751874249.7091134,0.007179664833499329,562.0,729.0,73.0
5761.0,1751874249.7246733,0.3098125689084895,1445.0,644.0,75.0
5763.0,1751874249.762755,0.009667342114150625,1178.0,2793.0,69.0
5772.0,1751874249.9646652,0.09746560463432295,1370.0,666.0,73.0
5779.0,1751874250.0372188,0.027542540561931145,500.0,323.0,73.0
5780.0,1751874250.0414302,0.04998284341759122,1141.0,794.0,73.0
5790.0,1751874250.2062342,0.0654071847717189,1351.0,1283.0,76.0
5795.0,1751874250.2555926,0.014958915654189199,1426.0,1197.0,74.0
5796.0,1751874250.264047,0.018880153295573028,1330.0,825.0,74.0
5816.0,1751874250.4586992,0.03418940609951846,1398.0,684.0,75.0
5819.0,1751874250.4669847,0.043175891046073604,207.0,536.0,73.0
5821.0,1751874250.4985092,0.007470543536972782,1386.0,792.0,74.0
5827.0,1751874250.5886629,0.009914538420391358,1852.0,606.0,73.0
5829.0,1751874250.604841,0.013375030069761847,1383.0,809.0,75.0
5833.0,1751874250.6181684,0.016033999806819278,1364.0,1320.0,73.0
5834.0,1751874250.6421769,0.00913223918146611,1359.0,1332.0,73.0
5837.0,1751874250.6615202,0.018825389389858296,1319.0,857.0,73.0
5838.0,1751874250.6672375,0.018345535639148362,824.0,816.0,73.0
5840.0,1751874250.6747851,0.05658263305322129,941.0,1963.0,72.0
5841.0,1751874250.6756914,0.13066012002182215,1366.0,1328.0,73.0
5845.0,1751874250.6907895,0.02086972510802611,498.0,1339.0,74.0
5846.0,1751874250.705957,0.004556096943618301,352.0,795.0,74.0
5853.0,1751874250.7800143,0.04033444298211659,1334.0,932.0,73.0
5861.0,1751874250.8215334,0.01680159342071447,452.0,846.0,75.0
5875.0,1751874251.0005324,0.008434232550051084,1317.0,1336.0,73.0
5884.0,1751874251.1015882,0.012793345562654185,599.0,2219.0,74.0
5888.0,1751874251.1484919,0.022992392223161455,413.0,600.0,74.0
5889.0,1751874251.1557753,0.02393066999310639,1350.0,456.0,73.0
5893.0,1751874251.2200344,0.039278815196394076,1389.0,1335.0,74.0
5896.0,1751874251.2471046,0.020544444823004326,1387.0,1332.0,74.0
5906.0,1751874251.3861125,0.03593775068185465,1043.0,828.0,73.0
5908.0,1751874251.4039466,0.008743235298551337,381.0,893.0,74.0
5909.0,1751874251.409474,0.02627611458108981,701.0,534.0,384.0
5910.0,1751874251.4152374,0.030928683063255736,555.0,517.0,74.0
5911.0,1751874251.4195817,0.02184506805578894,351.0,487.0,73.0
5913.0,1751874251.423873,0.055810469145051035,1475.0,905.0,74.0
5917.0,1751874251.4657452,0.030022446689113354,1337.0,1337.0,73.0
5923.0,1751874251.5277858,0.01532149729513851,1460.0,827.0,73.0
5934.0,1751874251.6263146,0.116922303243651,1328.0,1328.0,73.0
5935.0,1751874251.6359546,0.015027961863467271,278.0,759.0,73.0
5936.0,1751874251.6566782,0.009705953214093135,317.0,1212.0,73.0
5938.0,1751874251.678612,0.009674861221252974,1408.0,985.0,73.0
5941.0,1751874251.721083,0.005778205793021705,951.0,2092.0,9.0
5948.0,1751874251.776648,0.004990357061137322,559.0,833.0,74.0
5950.0,1751874251.794784,0.004269812261172953,1363.0,644.0,72.0
5951.0,1751874251.798006,0.029859484777517563,695.0,525.0,73.0
5956.0,1751874251.8643365,0.024960919772074024,1430.0,502.0,73.0
5959.0,1751874251.958738,0.001258944598315451,1847.0,776.0,73.0
5985.0,1751874252.1923714,0.23727810650887574,1368.0,675.0,73.0
5997.0,1751874252.3016632,0.01842177042025975,1414.0,249.0,72.0
6004.0,1751874252.3736117,0.04343870821014328,435.0,523.0,73.0
6021.0,1751874252.6070685,0.013708843814074865,1353.0,1008.0,74.0
6039.0,1751874252.8399549,0.004923573239112067,1362.0,261.0,73.0
6043.0,1751874252.854201,0.005040504050405041,1403.0,3528.0,74.0
6046.0,1751874252.8604436,0.0070037910428580605,723.0,1415.0,74.0
6047.0,1751874252.8681831,0.01118411000763942,1387.0,1019.0,73.0
6051.0,1751874252.8856318,0.01822843822843823,1405.0,654.0,74.0
6061.0,1751874253.0185137,0.015856014383260335,1352.0,469.0,72.0
6066.0,1751874253.0466173,0.07355912061794415,543.0,744.0,74.0
6067.0,1751874253.0530305,0.022575966080261838,1360.0,1331.0,73.0
6074.0,1751874253.1066618,0.027359180687637163,1430.0,1063.0,74.0
6076.0,1751874253.1275191,0.01814838262337584,1381.0,381.0,73.0
6083.0,1751874253.1963437,0.028334029411118195,482.0,1333.0,75.0
6088.0,1751874253.2252467,0.03080750961320968,1453.0,1338.0,75.0
6089.0,1751874253.2280917,0.0515802781289507,1278.0,321.0,73.0
6092.0,1751874253.2564573,0.052695336159903086,1374.0,871.0,73.0
6097.0,1751874253.2986994,0.015118647069240305,1360.0,350.0,73.0
6100.0,1751874253.3187828,0.044459511817125145,1343.0,635.0,81.0
6101.0,1751874253.3388975,0.010073249271635665,755.0,2606.0,74.0
6102.0,1751874253.3481562,0.023951480263157895,650.0,758.0,74.0
6103.0,1751874253.3542197,0.027748005239966653,197.0,326.0,74.0
6107.0,1751874253.3911097,0.006603089379850835,1368.0,868.0,75.0
6108.0,1751874253.402569,0.012507023494891058,1428.0,1327.0,74.0
6110.0,1751874253.445977,0.006346823176141404,1351.0,831.0,72.0
6112.0,1751874253.4634607,0.017431300169918555,351.0,932.0,74.0
6115.0,1751874253.520416,0.009998932023281892,1421.0,347.0,72.0
6120.0,1751874253.5929596,0.009624285002254764,1356.0,791.0,74.0
6123.0,1751874253.610461,0.57,306.0,1332.0,73.0
6125.0,1751874253.6242564,0.04068218155977971,1388.0,478.0,73.0
6126.0,1751874253.6296315,0.03559927654506154,560.0,1153.0,74.0
6128.0,1751874253.6382086,0.023111167240236163,1388.0,561.0,73.0
6129.0,1751874253.6396472,0.031009174311926607,727.0,601.0,73.0
6131.0,1751874253.7199516,0.0038991285423845296,1354.0,769.0,72.0
6134.0,1751874253.7545147,0.0071304916286333425,229.0,216.0,70.0
6135.0,1751874253.7695231,0.010096199638060768,461.0,472.0,72.0
6145.0,1751874253.8690822,0.012614842671490456,1361.0,578.0,74.0
6147.0,1751874253.9592493,0.003282588327541182,1374.0,393.0,72.0
6148.0,1751874253.9619246,0.06465477823502515,229.0,1336.0,74.0
6150.0,1751874253.9883506,0.007644783397803729,1310.0,1332.0,73.0
6159.0,1751874254.1047213,0.005153457570998005,1248.0,1335.0,72.0
6169.0,1751874254.1648228,0.036963956853459615,1418.0,316.0,73.0
6172.0,1751874254.1803353,0.13148049171566006,867.0,1033.0,73.0
6177.0,1751874254.2474432,0.007214580354648392,878.0,581.0,73.0
6183.0,1751874254.3040593,0.043933761405880366,813.0,1332.0,74.0
6184.0,1751874254.3329492,0.006710029685302897,1247.0,494.0,73.0
6191.0,1751874254.3941684,0.0068484464172479395,1430.0,647.0,74.0
6208.0,1751874254.6448734,0.012401301910674463,719.0,1523.0,-841.0
6219.0,1751874254.7794592,0.061794414735591205,1386.0,601.0,75.0
6224.0,1751874254.8455732,0.008570921915945856,1393.0,452.0,96.0
6230.0,1751874254.9849112,0.008302925989672978,1407.0,1334.0,74.0
6244.0,1751874255.1328073,0.0077145483858073625,1293.0,1340.0,74.0
6255.0,1751874255.265162,0.005395128134293189,1399.0,472.0,73.0
6256.0,1751874255.2677333,0.042413556665687135,1400.0,702.0,73.0
6257.0,1751874255.2813246,0.01804803554074691,656.0,521.0,73.0
6264.0,1751874255.3369725,0.008602819237147596,1027.0,2632.0,74.0
6266.0,1751874255.3458862,0.024331338764328456,1423.0,742.0,73.0
6275.0,1751874255.430819,0.013140545734909604,1271.0,319.0,72.0
6277.0,1751874255.4397032,0.031053875621485042,1326.0,822.0,74.0
6278.0,1751874255.4460342,0.02316904824086856,1444.0,231.0,73.0
6288.0,1751874255.5709276,0.004665522630466093,1380.0,646.0,73.0
6295.0,1751874255.666902,0.005676251944908661,1386.0,277.0,73.0
6297.0,1751874255.6772976,0.020988266402247564,537.0,466.0,73.0
6305.0,1751874255.7728517,0.3262411347517731,429.0,580.0,72.0
6309.0,1751874255.8465266,0.0025754361848783977,415.0,1331.0,74.0
6310.0,1751874255.8545575,0.016993036128801858,397.0,620.0,73.0
6311.0,1751874255.8606582,0.010956411676291432,1407.0,1337.0,74.0
6315.0,1751874255.9590645,0.00684931506849315,1438.0,501.0,73.0
6317.0,1751874255.9827416,0.007962769895592524,517.0,202.0,71.0
6319.0,1751874255.9920506,0.008166230746875908,897.0,386.0,73.0
6320.0,1751874255.9977443,0.005855836879133842,1275.0,957.0,74.0
6321.0,1751874256.0023186,0.009773341651070909,1378.0,1331.0,74.0
6326.0,1751874256.0698698,0.024357001538799737,582.0,665.0,73.0
6333.0,1751874256.1984975,0.005887110954809214,282.0,1361.0,75.0
6334.0,1751874256.2077618,0.015844249987055352,1319.0,1255.0,74.0
6335.0,1751874256.2405581,0.0060312667837598526,800.0,953.0,74.0
6336.0,1751874256.2537727,0.01108695652173913,213.0,508.0,78.0
6342.0,1751874256.3116698,0.061466981491355016,1338.0,596.0,73.0
6345.0,1751874256.3330889,0.03690546674560884,550.0,1329.0,74.0
6347.0,1751874256.3504822,0.012068318318318318,1350.0,325.0,73.0
6359.0,1751874256.496393,0.07470703125,386.0,1329.0,75.0
6360.0,1751874256.497996,0.027436592758015632,2457.0,534.0,73.0
6362.0,1751874256.5184433,0.017537355994068665,1335.0,301.0,71.0
6367.0,1751874256.5647743,0.5488126649076517,752.0,528.0,74.0
6379.0,1751874256.6868634,0.014067071798334458,1389.0,509.0,73.0
6393.0,1751874256.8234391,0.016211491086328838,1468.0,1340.0,74.0
6396.0,1751874256.8622828,0.06453278265358803,1410.0,832.0,74.0
6401.0,1751874256.9679708,0.01736910039845109,481.0,337.0,74.0
6402.0,1751874256.9775293,0.014654483722788096,1334.0,345.0,73.0
6407.0,1751874257.0806942,0.001744473956692027,1394.0,2928.0,74.0
6409.0,1751874257.0855525,0.020637408568443052,1425.0,1335.0,74.0
6427.0,1751874257.2904863,0.005767632826628868,1363.0,410.0,73.0
6430.0,1751874257.3224335,0.027658996809882576,591.0,511.0,73.0
6434.0,1751874257.364416,0.029273442748824263,529.0,852.0,73.0
6435.0,1751874257.3674397,0.031703989084196166,1050.0,1105.0,73.0
6437.0,1751874257.3728275,0.02272070301208302,662.0,642.0,74.0
6440.0,1751874257.4307454,0.031954117165096274,1329.0,575.0,73.0
6443.0,1751874257.4602609,0.03550295857988166,1312.0,294.0,73.0
6447.0,1751874257.5020673,0.008119420520943698,1466.0,386.0,73.0
6450.0,1751874257.5323014,0.01596673596673597,1452.0,542.0,73.0
6451.0,1751874257.5364919,0.03534947779180535,249.0,1341.0,73.0
6464.0,1751874257.6211321,0.087148501045782,1386.0,360.0,73.0
6477.0,1751874257.779014,0.36524300441826213,1385.0,1334.0,74.0
6481.0,1751874257.7938592,0.01711265833403238,728.0,594.0,73.0
6489.0,1751874257.906199,0.011535152319426013,1364.0,892.0,73.0
6494.0,1751874257.9856293,0.01779551337359793,1073.0,224.0,73.0
6495.0,1751874258.011263,0.007931932304258881,442.0,1334.0,74.0
6497.0,1751874258.0273304,0.04722513735415766,379.0,941.0,73.0
6507.0,1751874258.156097,0.0393183969706532,1407.0,505.0,79.0
6511.0,1751874258.2141776,0.007563745446753803,397.0,799.0,73.0
6512.0,1751874258.2145398,0.1277235161532682,262.0,679.0,73.0
6517.0,1751874258.2582083,0.030180861190436194,237.0,870.0,75.0
6518.0,1751874258.2675238,0.015003578366220223,445.0,586.0,72.0
6522.0,1751874258.3712273,0.0026866310751358854,214.0,707.0,73.0
6525.0,1751874258.3808987,0.042566810689710355,1167.0,759.0,74.0
6527.0,1751874258.4070404,0.08851422550052687,1385.0,1327.0,74.0
6540.0,1751874258.5449977,0.017049348869088418,818.0,591.0,73.0
6549.0,1751874258.6827261,0.005539729929606398,1382.0,1334.0,74.0
6560.0,1751874258.780959,0.012306558585114223,1408.0,477.0,74.0
6574.0,1751874259.0338109,0.009016510183288232,1416.0,685.0,73.0
6578.0,1751874259.149203,0.002142729022343525,641.0,1340.0,73.0
6581.0,1751874259.1975205,0.003749272268581409,1385.0,1337.0,74.0
6599.0,1751874259.371006,0.048767457834083795,884.0,349.0,75.0
6602.0,1751874259.3962467,0.024946543121881683,1352.0,373.0,73.0
6615.0,1751874259.5236838,0.040455458807769594,427.0,864.0,75.0
6621.0,1751874259.570948,0.02040347410505032,918.0,810.0,73.0
6622.0,1751874259.5713685,0.11366711772665765,1428.0,1024.0,74.0
6627.0,1751874259.6259248,0.0920531344674901,1388.0,424.0,100.0
6628.0,1751874259.6266072,0.06352225180677064,1398.0,372.0,73.0
6630.0,1751874259.6977794,0.004945450185829038,1396.0,249.0,116.0
6631.0,1751874259.6986363,0.05918576804652754,1323.0,799.0,74.0
6639.0,1751874259.792141,0.04181470347089369,240.0,1711.0,74.0
6641.0,1751874259.8240466,0.017167266670248777,661.0,514.0,73.0
6644.0,1751874259.8589149,0.03724902334877805,837.0,528.0,73.0
6656.0,1751874260.063973,0.006812828716875047,1382.0,539.0,72.0
6662.0,1751874260.147201,0.04555379865973948,1378.0,302.0,73.0
6664.0,1751874260.219046,0.0022983222247759134,1368.0,671.0,74.0
6665.0,1751874260.224304,0.00682015837414748,1385.0,909.0,73.0
6670.0,1751874260.2557108,0.15217391304347827,1151.0,240.0,72.0
6678.0,1751874260.313502,0.011240632805995004,952.0,584.0,73.0
6679.0,1751874260.3239918,0.013487564008778347,865.0,1334.0,74.0
6681.0,1751874260.3328183,0.02460618604116362,685.0,319.0,73.0
6692.0,1751874260.4190247,0.027921199057596872,783.0,513.0,73.0
6693.0,1751874260.4247468,0.0264152510694854,1401.0,711.0,84.0
6697.0,1751874260.44909,0.020932636535921437,1350.0,572.0,73.0
6699.0,1751874260.4810314,0.019034038068076135,758.0,1336.0,-665.0
6703.0,1751874260.5347638,0.0069573234136981014,223.0,988.0,75.0
6705.0,1751874260.554531,0.010872822225075981,1292.0,522.0,73.0
6712.0,1751874260.5904293,0.08809891808346214,1564.0,744.0,74.0
6715.0,1751874260.6206431,0.035889622481801255,1427.0,357.0,75.0
6716.0,1751874260.6217113,0.09653873322345184,1432.0,742.0,77.0
6720.0,1751874260.6805437,0.008449490668037856,1321.0,508.0,74.0
6722.0,1751874260.7197409,0.028507310915529997,1403.0,840.0,73.0
6727.0,1751874260.7636368,0.042169848071679006,496.0,1337.0,170.0
6728.0,1751874260.7911384,0.007101511879049676,1412.0,464.0,73.0
6734.0,1751874260.8601658,0.061518093556928506,2475.0,597.0,74.0
6741.0,1751874260.9981139,0.011861210635489346,1078.0,818.0,74.0
6744.0,1751874261.0875518,0.003126493326566673,1326.0,1332.0,74.0
6749.0,1751874261.1393354,0.018847352024922118,1068.0,1335.0,74.0
6750.0,1751874261.1464884,0.02005020920502092,806.0,218.0,73.0
6757.0,1751874261.2102726,0.011066512461165159,1954.0,230.0,72.0
6758.0,1751874261.2145107,0.03543533195497358,1980.0,774.0,73.0
6763.0,1751874261.251697,0.1702127659574468,593.0,700.0,74.0
6779.0,1751874261.3935993,0.02918933262571315,1371.0,617.0,74.0
6780.0,1751874261.393978,0.1297709923664122,891.0,1324.0,73.0
6783.0,1751874261.4196048,0.010004933940025218,1408.0,586.0,73.0
6784.0,1751874261.432942,0.010750761512273785,1346.0,670.0,74.0
6785.0,1751874261.4393435,0.04659185822711261,944.0,408.0,72.0
6788.0,1751874261.5128543,0.006808098733564572,1400.0,731.0,73.0
6793.0,1751874261.5978034,0.007210137679709855,267.0,1333.0,73.0
6805.0,1751874261.7289128,0.013487044602384018,1379.0,239.0,74.0
6819.0,1751874261.8882546,0.0236370568051849,1385.0,337.0,72.0
6827.0,1751874261.9958801,0.010398505603985055,640.0,677.0,74.0
6832.0,1751874262.0164368,0.018014564967420467,581.0,820.0,74.0
6833.0,1751874262.0183454,0.02018440069773237,935.0,456.0,73.0
6836.0,1751874262.0752478,0.021427470325265915,517.0,208.0,72.0
6839.0,1751874262.109414,0.01614181025945732,1398.0,1338.0,73.0
6845.0,1751874262.179345,0.00758891489843691,1358.0,601.0,91.0
6858.0,1751874262.2960396,0.011970089851052282,798.0,800.0,74.0
6859.0,1751874262.3124418,0.006045105789351314,938.0,433.0,74.0
6862.0,1751874262.3390636,0.005364697918429515,438.0,334.0,72.0
6869.0,1751874262.4052625,0.04077385014330558,795.0,291.0,73.0
6883.0,1751874262.5102167,0.036114160263446764,555.0,768.0,73.0
6887.0,1751874262.5629673,0.021860986547085202,713.0,701.0,74.0
6895.0,1751874262.6579037,0.023876173225753333,1393.0,702.0,73.0
6898.0,1751874262.700319,0.00726805923940232,345.0,2685.0,73.0
6905.0,1751874262.7615395,0.0075855809128630705,1407.0,392.0,74.0
6906.0,1751874262.7687023,0.008992195453003053,944.0,839.0,73.0
6908.0,1751874262.7768734,0.0036284976624101598,836.0,266.0,73.0
6915.0,1751874262.846421,0.009007282483710233,1456.0,1334.0,73.0
6916.0,1751874262.8514013,0.06129981778255385,393.0,279.0,71.0
6925.0,1751874263.0181153,0.12395309882747069,1286.0,548.0,73.0
6926.0,1751874263.0219123,0.013443899987435608,772.0,453.0,73.0
6927.0,1751874263.029289,0.0383568501079373,1348.0,456.0,73.0
6929.0,1751874263.0535238,0.044680607930522226,416.0,855.0,73.0
6932.0,1751874263.06362,0.02717391304347826,303.0,518.0,74.0
6937.0,1751874263.1088245,0.024941840509515274,1366.0,576.0,73.0
6939.0,1751874263.1332471,0.011680971953578336,838.0,830.0,73.0
6940.0,1751874263.1463473,0.006037694298140978,1330.0,868.0,74.0
6947.0,1751874263.2559228,0.004130275453490503,692.0,694.0,74.0
6952.0,1751874263.283791,0.25733333333333336,428.0,666.0,73.0
6955.0,1751874263.30668,0.007227562978036629,1364.0,1334.0,74.0
6973.0,1751874263.488385,0.024934927760383266,1345.0,208.0,74.0
6974.0,1751874263.4971042,0.017914284932855618,443.0,317.0,72.0
6982.0,1751874263.5524335,0.02449434032287994,1388.0,883.0,74.0
6983.0,1751874263.5587494,0.03012630014858841,1335.0,1337.0,74.0
6988.0,1751874263.6129675,0.026280947967694954,422.0,461.0,74.0
6990.0,1751874263.688521,0.039656432748538015,355.0,797.0,73.0
6991.0,1751874263.6904922,0.05374396135265701,765.0,308.0,73.0
6999.0,1751874263.7863886,0.01003259993504072,1405.0,704.0,74.0
7002.0,1751874263.8212566,0.025194686211635363,324.0,747.0,73.0
7006.0,1751874263.850468,0.008786071255843946,1329.0,230.0,73.0
7010.0,1751874263.9769516,0.013552191454877755,238.0,871.0,73.0
7013.0,1751874264.0154095,0.003114241322902336,1400.0,323.0,72.0
7014.0,1751874264.0175729,0.019263649834720165,343.0,614.0,74.0
7015.0,1751874264.0558636,0.002734906733464692,1338.0,591.0,73.0
7019.0,1751874264.0895545,0.016126627571811946,844.0,701.0,78.0
7023.0,1751874264.1388175,0.013464775186342872,1450.0,326.0,74.0
7030.0,1751874264.2065415,0.04534090909090909,731.0,453.0,74.0
7044.0,1751874264.3435113,0.005239929252690216,1416.0,1331.0,74.0
7050.0,1751874264.4155457,0.033798882681564245,1361.0,790.0,74.0
7053.0,1751874264.429331,0.12319920516641829,1311.0,820.0,-884.0
7061.0,1751874264.5431263,0.004466326710040443,3953.0,847.0,73.0
7063.0,1751874264.5522583,0.23560421735604217,1408.0,660.0,73.0
7064.0,1751874264.5527623,0.8135064935064935,1058.0,1328.0,74.0
7073.0,1751874264.6576614,0.023975535168195717,514.0,700.0,220.0
7075.0,1751874264.7460263,0.0018457441980090168,275.0,390.0,74.0
7079.0,1751874264.8028178,0.014551469530613223,527.0,1357.0,74.0
7082.0,1751874264.8544376,0.0038963868702016125,903.0,736.0,73.0
7089.0,1751874264.9591913,0.004220739842328684,1378.0,1331.0,73.0
7090.0,1751874264.9599197,0.1919805589307412,1379.0,313.0,74.0
7095.0,1751874265.0716162,0.0030186139489095823,1429.0,615.0,73.0
7096.0,1751874265.0930674,0.0063702056698165645,770.0,660.0,75.0
7104.0,1751874265.1508825,0.013944438439087666,1373.0,954.0,73.0
7105.0,1751874265.156231,0.016671839666563208,833.0,574.0,74.0
7107.0,1751874265.1806588,0.054070369092790616,1334.0,3343.0,73.0
7115.0,1751874265.2198372,0.26267029972752043,801.0,1310.0,74.0
7120.0,1751874265.3008635,0.0022735976947907866,317.0,616.0,74.0
7128.0,1751874265.3949544,0.003398306129276495,725.0,431.0,73.0
7135.0,1751874265.472239,0.007157520945458581,1459.0,201.0,72.0
7137.0,1751874265.4808528,0.03242251223491028,1284.0,646.0,75.0
7138.0,1751874265.4917269,0.004947893861108678,1345.0,1336.0,74.0
7139.0,1751874265.4919806,0.15040650406504066,417.0,872.0,74.0
7142.0,1751874265.5276682,0.002810987447184181,324.0,1332.0,73.0
7153.0,1751874265.6540046,0.20050251256281407,1370.0,857.0,73.0
7154.0,1751874265.654717,0.1317907444668008,1394.0,197.0,84.0
7157.0,1751874265.718534,0.009862607605039622,280.0,263.0,74.0
7164.0,1751874265.8131588,0.015849746106613976,459.0,634.0,-107.0
7171.0,1751874265.8555324,0.02924922496293301,472.0,346.0,73.0
7174.0,1751874265.8765624,0.14805105994985185,219.0,725.0,75.0
7178.0,1751874265.9588976,0.0024702787824251128,1882.0,627.0,75.0
7179.0,1751874265.9685204,0.02088663648888014,792.0,666.0,73.0
7181.0,1751874266.007635,0.005690257122465907,392.0,321.0,72.0
7183.0,1751874266.0302007,0.019200131202848976,1354.0,237.0,71.0
7184.0,1751874266.0306964,0.4777777777777778,497.0,873.0,74.0
7185.0,1751874266.0714295,0.003949820914184882,1400.0,625.0,87.0
7186.0,1751874266.0808868,0.010614694165700166,929.0,500.0,73.0
7189.0,1751874266.127561,0.0059715096133447524,972.0,387.0,73.0
7193.0,1751874266.161019,0.010431080361894624,1383.0,920.0,74.0
7198.0,1751874266.221796,0.005734535135055654,1420.0,1333.0,74.0
7205.0,1751874266.2824004,0.024550898203592814,588.0,199.0,72.0
7214.0,1751874266.3401685,0.02069294847986417,1464.0,1339.0,74.0
7218.0,1751874266.4189234,0.02167162206805418,382.0,1331.0,74.0
7220.0,1751874266.4668243,0.004441955953714072,563.0,661.0,73.0
7226.0,1751874266.5374274,0.0126726399683184,1453.0,885.0,74.0
7237.0,1751874266.6828425,0.005752216603335143,1650.0,962.0,73.0
7238.0,1751874266.695308,0.009715994020926755,513.0,494.0,73.0
7239.0,1751874266.7227824,0.005633412201104149,1368.0,252.0,72.0
7243.0,1751874266.7898986,0.004653862035869334,504.0,589.0,72.0
7251.0,1751874266.9054794,0.006893137329575748,386.0,347.0,74.0
7252.0,1751874266.9588745,0.0024022897661562918,590.0,492.0,73.0
7254.0,1751874267.015436,0.003804885910985241,1391.0,1314.0,-451.0
7264.0,1751874267.1511037,0.010937262646209934,381.0,212.0,73.0
7268.0,1751874267.1849437,0.0050438403565877836,1330.0,854.0,73.0
7270.0,1751874267.1902628,0.005250815660685155,1384.0,1340.0,75.0
7275.0,1751874267.2293732,0.00791956305858987,1400.0,516.0,41.0
7277.0,1751874267.3018703,0.002264235807637068,1337.0,292.0,72.0
7284.0,1751874267.4130173,0.0059047761417146275,1264.0,1310.0,73.0
7291.0,1751874267.4869962,0.04139687931217493,1302.0,456.0,73.0
7298.0,1751874267.5664747,0.019686800894854587,826.0,1334.0,74.0
7299.0,1751874267.5807152,0.0025459357151231933,1357.0,485.0,74.0
7300.0,1751874267.5827482,0.007818978793981756,1415.0,1034.0,74.0
7304.0,1751874267.629404,0.01347443548883283,416.0,1143.0,82.0
7307.0,1751874267.6564696,0.007789162176498506,1058.0,1329.0,75.0
7314.0,1751874267.8033412,0.017571332325788887,1381.0,504.0,74.0
7315.0,1751874267.8185947,0.00938649727995975,1441.0,671.0,73.0
7316.0,1751874267.8224525,0.06259771497294046,380.0,694.0,74.0
7317.0,1751874267.8454614,0.0032268844378537565,1303.0,1332.0,74.0
7328.0,1751874267.999804,0.0031756769453370162,663.0,446.0,73.0
7330.0,1751874268.0258431,0.010125369073567377,817.0,1487.0,73.0
7343.0,1751874268.2386928,0.07910628019323672,1352.0,521.0,72.0
7347.0,1751874268.2626665,0.00960133583802964,1316.0,863.0,73.0
7349.0,1751874268.2823865,0.019605386783589102,1378.0,335.0,73.0
7352.0,1751874268.3233879,0.006530488267901891,1341.0,1331.0,74.0
7359.0,1751874268.4512255,0.011808118081180811,983.0,881.0,73.0
7360.0,1751874268.4678915,0.009006546291633695,1377.0,654.0,75.0
7362.0,1751874268.4979184,0.00468566225291194,220.0,1774.0,-195.0
7363.0,1751874268.5177562,0.006929982046678635,861.0,783.0,74.0
7364.0,1751874268.5265238,0.01899934952298352,1351.0,606.0,154.0
7371.0,1751874268.5649173,0.030289532293986638,1291.0,568.0,74.0
7379.0,1751874268.6813784,0.0038776018229515733,901.0,768.0,74.0
7380.0,1751874268.7297087,0.0041346518278606624,778.0,777.0,74.0
7390.0,1751874268.8607254,0.08526632302405499,3388.0,1330.0,73.0
7392.0,1751874268.8789256,0.014021056067901739,1354.0,1330.0,73.0
7395.0,1751874268.8952746,0.008865683148193573,1396.0,209.0,73.0
7402.0,1751874269.0298667,0.004540853624247877,1400.0,1329.0,74.0
7408.0,1751874269.0965903,0.005722152906251344,1446.0,847.0,73.0
7412.0,1751874269.1188052,0.016586349882326573,1404.0,938.0,75.0
7422.0,1751874269.1770644,0.2894356005788712,3244.0,485.0,73.0
7425.0,1751874269.201873,0.04264664210824596,1353.0,729.0,74.0
7427.0,1751874269.2104428,0.01588432949801446,655.0,458.0,74.0
7430.0,1751874269.240567,0.023520164459761777,538.0,783.0,74.0
7436.0,1751874269.30979,0.04462884054720789,1172.0,274.0,73.0
7440.0,1751874269.352425,0.013098434737048923,1843.0,684.0,75.0
7443.0,1751874269.389662,0.008150782361308678,841.0,891.0,74.0
7447.0,1751874269.4677114,0.012392672159071158,1389.0,296.0,74.0
7451.0,1751874269.5224068,0.019240359042553192,648.0,280.0,73.0
7453.0,1751874269.5325906,0.014282961607013825,1410.0,913.0,73.0
7454.0,1751874269.569302,0.005459308055397064,1343.0,491.0,73.0
7457.0,1751874269.6115549,0.003230856343470006,1345.0,483.0,74.0
7461.0,1751874269.6646545,0.011861589604110004,1361.0,739.0,73.0
7464.0,1751874269.6894135,0.010793350665721263,1387.0,1030.0,74.0
7465.0,1751874269.6978824,0.005368938861560085,1458.0,659.0,73.0
7472.0,1751874269.85496,0.013769673893420426,1362.0,398.0,72.0
7477.0,1751874269.880375,0.026718272051938323,418.0,547.0,74.0
7480.0,1751874269.8973386,0.034594442358242584,1395.0,1335.0,74.0
7482.0,1751874269.9623976,0.04711269791990065,647.0,499.0,73.0
7487.0,1751874270.0049636,0.07679107679107679,1332.0,407.0,73.0
7495.0,1751874270.054267,0.0804177545691906,1321.0,847.0,74.0
7496.0,1751874270.0588934,0.03054549114331723,1396.0,676.0,74.0
7504.0,1751874270.1912367,0.009011237879552008,2292.0,528.0,73.0
7506.0,1751874270.1969733,0.22186103210077204,1396.0,602.0,73.0
7507.0,1751874270.201678,0.020966178646125593,2552.0,593.0,73.0
7515.0,1751874270.2994595,0.006467747499137633,737.0,895.0,74.0
7516.0,1751874270.3126783,0.01256828649980362,1371.0,481.0,73.0
7524.0,1751874270.4476337,0.009074074074074075,489.0,651.0,73.0
7533.0,1751874270.50573,0.00912935490367188,789.0,275.0,74.0
7535.0,1751874270.5426822,0.00625137091467427,677.0,268.0,115.0
7538.0,1751874270.5706704,0.3637566137566138,582.0,1335.0,74.0
7539.0,1751874270.5910406,0.009142086163580533,1344.0,1333.0,74.0
7543.0,1751874270.6128469,0.007580456205637103,620.0,247.0,73.0
7548.0,1751874270.7010574,0.008980799669671736,1375.0,393.0,73.0
7560.0,1751874270.882595,0.04382060938034919,1362.0,2644.0,74.0
7561.0,1751874270.882989,0.09883720930232558,232.0,1336.0,73.0
7565.0,1751874270.9666445,0.019044626021370206,1320.0,673.0,73.0
7569.0,1751874271.0468073,0.006010428690841062,1354.0,803.0,72.0
7570.0,1751874271.0564902,0.015405438661252614,399.0,664.0,74.0
7572.0,1751874271.0686483,0.009499474540996105,210.0,286.0,73.0
7574.0,1751874271.0856762,0.023955397622840338,1368.0,473.0,74.0
7589.0,1751874271.357108,0.004719995053280294,1336.0,453.0,73.0
7590.0,1751874271.401942,0.0034562089275633995,1437.0,1196.0,-869.0
7599.0,1751874271.4584394,0.03544139164363518,1453.0,655.0,73.0
7605.0,1751874271.5316675,0.4794871794871795,1413.0,643.0,74.0
7609.0,1751874271.618612,0.0027804333389282562,1263.0,1331.0,74.0
7613.0,1751874271.626435,0.13653136531365315,1364.0,721.0,73.0
7615.0,1751874271.636514,0.0201959205582394,208.0,605.0,74.0
7616.0,1751874271.65052,0.006952629870684501,1394.0,731.0,74.0
7619.0,1751874271.6570988,0.022202598713258484,1421.0,1336.0,74.0
7624.0,1751874271.7069242,0.03129800307219662,1427.0,606.0,74.0
7634.0,1751874271.7901206,0.004013228791200624,483.0,880.0,484.0
7637.0,1751874271.8067775,0.00444359804481686,1339.0,884.0,73.0
7640.0,1751874271.8573837,0.0031244819098873913,1403.0,437.0,74.0
7642.0,1751874271.8754766,0.005583283986126385,1423.0,1319.0,74.0
7649.0,1751874271.963761,0.013736773714497864,921.0,437.0,73.0
7651.0,1751874272.0243979,0.007885072369842299,804.0,343.0,74.0
7652.0,1751874272.053748,0.006077231824949829,1243.0,832.0,74.0
7653.0,1751874272.0731053,0.008505183231230047,305.0,355.0,72.0
7659.0,1751874272.0983586,0.007996046898162705,353.0,569.0,74.0
7660.0,1751874272.1159759,0.005033806124239194,1423.0,859.0,73.0
7662.0,1751874272.1474304,0.04437168341424862,1361.0,624.0,73.0
7664.0,1751874272.1769829,0.013965933563923514,1316.0,364.0,73.0
7677.0,1751874272.3006918,0.024399668782776704,855.0,2617.0,-689.0
7679.0,1751874272.3559859,0.007057052347646081,1493.0,2702.0,75.0
7684.0,1751874272.40497,0.007929988626311134,1324.0,911.0,74.0
7686.0,1751874272.4380388,0.008444923837836417,1393.0,454.0,74.0
7691.0,1751874272.5047376,0.11345875542691751,244.0,203.0,72.0
7692.0,1751874272.5238357,0.010401410024079637,1333.0,526.0,73.0
7695.0,1751874272.556552,0.06479013990672884,1434.0,877.0,73.0
7696.0,1751874272.566316,0.0115990057995029,630.0,1345.0,74.0
7698.0,1751874272.5704095,0.25098702763677383,1386.0,527.0,74.0
7701.0,1751874272.5996923,0.010087871430223147,847.0,927.0,73.0
7706.0,1751874272.6930785,0.014481958182479602,1386.0,752.0,72.0
7708.0,1751874272.729102,0.005173749446657813,806.0,834.0,73.0
7715.0,1751874272.836735,0.014508887157222903,1342.0,748.0,73.0
7720.0,1751874272.8649187,0.013427947598253276,485.0,717.0,74.0
7723.0,1751874272.9692261,0.01703367121053245,1108.0,1329.0,74.0
7735.0,1751874273.1249797,0.02769437598028232,1032.0,831.0,-454.0
7737.0,1751874273.1407788,0.01326444217701843,1036.0,1322.0,73.0
7738.0,1751874273.1678405,0.007106107910821864,1315.0,542.0,73.0
7753.0,1751874273.4209557,0.04775717393556407,1355.0,918.0,74.0
7758.0,1751874273.4806135,0.027934272300469482,1338.0,1339.0,74.0
7762.0,1751874273.508725,0.014955870250021285,1361.0,1340.0,74.0
7765.0,1751874273.5592291,0.014813972872622566,483.0,692.0,74.0
7766.0,1751874273.5646362,0.017284712729838177,906.0,1003.0,74.0
7779.0,1751874273.692777,0.01692243882206553,1050.0,214.0,71.0
7783.0,1751874273.756977,0.00556868152094614,780.0,650.0,73.0
7784.0,1751874273.7724643,0.010050639165071327,1355.0,240.0,73.0
7786.0,1751874273.7758205,0.08297730940852559,1392.0,1334.0,73.0
7788.0,1751874273.7980573,0.009360811845525036,1391.0,1329.0,73.0
7791.0,1751874273.837834,0.008279179245765747,1427.0,496.0,72.0
7793.0,1751874273.8842673,0.006712779805508053,1386.0,633.0,73.0
7800.0,1751874274.0255055,0.016757542711741184,1387.0,1329.0,74.0
7808.0,1751874274.0668228,0.008769357891089373,1287.0,291.0,72.0
7814.0,1751874274.1345592,0.010031919744642043,1350.0,261.0,72.0
7815.0,1751874274.1454635,0.008506636926239366,1410.0,680.0,73.0
7819.0,1751874274.1700037,0.0339318069510789,716.0,801.0,73.0
7823.0,1751874274.189462,0.017845592991121303,267.0,683.0,73.0
7825.0,1751874274.2173998,0.011057294422510753,1338.0,1332.0,73.0
7828.0,1751874274.2286656,0.015507070915226295,506.0,477.0,73.0
7836.0,1751874274.379489,0.009355404786122257,1337.0,1336.0,74.0
7838.0,1751874274.3907635,0.06157164869029276,727.0,1332.0,74.0
7842.0,1751874274.4211664,0.010133324672372076,1438.0,957.0,73.0
7845.0,1751874274.439126,0.014768359295974105,1321.0,714.0,74.0
7846.0,1751874274.4399695,0.12191664303941026,791.0,1758.0,74.0
7847.0,1751874274.4597921,0.00474093326594951,1349.0,475.0,73.0
7853.0,1751874274.5415936,0.06531645569620254,1383.0,318.0,106.0
7861.0,1751874274.6250777,0.004626232332578247,1416.0,906.0,74.0
7881.0,1751874274.8920043,0.003655329202514153,720.0,421.0,73.0
7890.0,1751874275.0488741,0.018058084350655167,1341.0,791.0,73.0
7893.0,1751874275.1102207,0.014018359069237886,1338.0,797.0,74.0
7901.0,1751874275.2929516,0.2518918918918919,1353.0,643.0,73.0
7904.0,1751874275.3145282,0.020023025350459377,490.0,621.0,73.0
7912.0,1751874275.3474705,0.04368141592920354,1328.0,898.0,74.0
7915.0,1751874275.3834498,0.017576142131979694,1291.0,507.0,73.0
7918.0,1751874275.4224033,0.019458772337252794,643.0,390.0,73.0
7920.0,1751874275.461878,0.00786853152118668,1370.0,899.0,74.0
7925.0,1751874275.5340612,0.2665350444225074,1322.0,251.0,73.0
7933.0,1751874275.5997694,0.014587125986089716,589.0,620.0,73.0
7945.0,1751874275.7277956,0.003091492951613781,1326.0,947.0,74.0
7949.0,1751874275.744674,0.02320756804602788,1300.0,3201.0,75.0
7953.0,1751874275.804503,0.009222758296069663,1387.0,1327.0,73.0
7955.0,1751874275.815233,0.02093235831809872,1303.0,3345.0,74.0
7957.0,1751874275.863895,0.007795112553010087,758.0,389.0,72.0
7959.0,1751874275.8668926,0.0430685042561816,511.0,312.0,73.0
7962.0,1751874275.8897784,0.013351705787323007,508.0,1337.0,74.0
7964.0,1751874275.9602327,0.03436426116838488,267.0,380.0,75.0
7966.0,1751874275.982327,0.02194316502998175,857.0,373.0,72.0
7968.0,1751874276.0110593,0.009961917427310644,1331.0,321.0,73.0
7969.0,1751874276.0482137,0.0023429152559828015,366.0,1332.0,74.0
7973.0,1751874276.072915,0.009850107066381156,1367.0,596.0,73.0
7980.0,1751874276.1575606,0.02341940713293191,236.0,385.0,73.0
7986.0,1751874276.2270112,0.00900121352820134,1337.0,730.0,74.0
7991.0,1751874276.312726,0.0030574704706663137,1377.0,490.0,74.0
7996.0,1751874276.3396847,0.03462394303515799,702.0,2962.0,73.0
7997.0,1751874276.3571038,0.011303508032155829,1389.0,1337.0,73.0
7998.0,1751874276.3609002,0.03953147877013177,1417.0,481.0,73.0
8002.0,1751874276.4047623,0.022535936178816954,1478.0,217.0,72.0
8004.0,1751874276.4103906,0.03850797483637288,1345.0,394.0,73.0
8008.0,1751874276.4599843,0.018298690939802,479.0,607.0,72.0
8013.0,1751874276.5255177,0.06000466962409526,802.0,958.0,74.0
8016.0,1751874276.5959315,0.005090009777419912,609.0,944.0,74.0
8017.0,1751874276.63794,0.004231728306002238,1379.0,328.0,72.0
8018.0,1751874276.638859,0.053806175481504126,1331.0,281.0,72.0
8020.0,1751874276.6517959,0.045557005575987665,491.0,401.0,74.0
8021.0,1751874276.661582,0.019430582676406065,1379.0,628.0,74.0
8022.0,1751874276.6641042,0.0410069820041302,410.0,795.0,74.0
8024.0,1751874276.6827643,0.0066478509249183896,1328.0,367.0,72.0
8026.0,1751874276.6857424,0.17597517730496454,3730.0,295.0,-736.0
8031.0,1751874276.788201,0.002666577302017407,423.0,609.0,74.0
8037.0,1751874276.8292053,0.011204642744275576,1388.0,1336.0,73.0
8039.0,1751874276.845154,0.018906465251056957,770.0,509.0,74.0
8040.0,1751874276.8478208,0.052326602282704124,1352.0,284.0,73.0
8043.0,1751874276.8683937,0.011195269998425666,237.0,478.0,72.0
8048.0,1751874276.9662716,0.009184956008894905,1327.0,1335.0,74.0
8053.0,1751874277.0197096,0.02084155161078238,213.0,379.0,74.0
8054.0,1751874277.029576,0.014913107582239625,1375.0,323.0,73.0
8059.0,1751874277.1035025,0.004134860050890585,1436.0,515.0,74.0
8061.0,1751874277.1463766,0.022894473544817846,3230.0,622.0,76.0
8065.0,1751874277.1910865,0.26222222222222225,1374.0,872.0,72.0
8066.0,1751874277.2026503,0.01045403300194732,1460.0,511.0,74.0
8069.0,1751874277.2240283,0.008796632312382058,628.0,237.0,73.0
8070.0,1751874277.2498443,0.006018702286553001,898.0,748.0,72.0
8076.0,1751874277.3361564,0.025253180991950144,1399.0,837.0,73.0
8082.0,1751874277.373763,0.015605667531430853,1364.0,1315.0,74.0
8084.0,1751874277.3778648,0.03663952627683198,210.0,368.0,74.0
8087.0,1751874277.4415271,0.12086052695189752,881.0,977.0,73.0
8088.0,1751874277.4496484,0.01910772197388027,1383.0,833.0,73.0
8098.0,1751874277.552323,0.006914476751683977,957.0,1095.0,73.0
8109.0,1751874277.7503476,0.02527736131934033,733.0,667.0,73.0
8112.0,1751874277.836773,0.0084853228962818,1354.0,2311.0,-413.0
8113.0,1751874277.853409,0.0041000115088042355,901.0,537.0,-194.0
8123.0,1751874278.0316722,0.4583333333333333,1294.0,271.0,72.0
8128.0,1751874278.0710483,0.004427712269735285,1378.0,653.0,73.0
8133.0,1751874278.1400762,0.00688057769602834,1468.0,855.0,73.0
8139.0,1751874278.2600343,0.24455205811138014,376.0,1826.0,73.0
8145.0,1751874278.341729,0.0334075723830735,1409.0,450.0,75.0
8150.0,1751874278.3795319,0.021484802099278374,1431.0,491.0,73.0
8154.0,1751874278.4080954,0.010859960299673432,409.0,1029.0,73.0
8156.0,1751874278.4461386,0.0053097778212782614,230.0,490.0,73.0
8157.0,1751874278.4809918,0.0056841084079714155,348.0,220.0,127.0
8160.0,1751874278.5022588,0.016380070546737215,1393.0,1082.0,74.0
8161.0,1751874278.5236576,0.009932375316990701,1438.0,265.0,73.0
8165.0,1751874278.5538082,0.027861216316224804,1423.0,372.0,73.0
8169.0,1751874278.5851111,0.021638600471163075,592.0,828.0,73.0
8176.0,1751874278.6625757,0.044463818657367045,726.0,495.0,74.0
8180.0,1751874278.693926,0.04833741410631072,312.0,1332.0,73.0
8181.0,1751874278.7006369,0.022297969038488852,319.0,788.0,74.0
8190.0,1751874278.984462,0.005556277016121552,1360.0,257.0,73.0
8192.0,1751874279.0209846,0.021292039680619403,1448.0,1326.0,74.0
8197.0,1751874279.126851,0.0015559666262019,1412.0,1337.0,74.0
8200.0,1751874279.145784,0.01695742741830491,1408.0,812.0,75.0
8201.0,1751874279.1488967,0.023534912718204487,366.0,296.0,74.0
8204.0,1751874279.1698878,0.015594619261140431,1406.0,1337.0,74.0
8214.0,1751874279.268851,0.013297234312347922,575.0,807.0,73.0
8218.0,1751874279.3562596,0.004688492927230787,1376.0,919.0,73.0
8219.0,1751874279.3688273,0.014199786812852139,1159.0,818.0,74.0
8222.0,1751874279.3959267,0.02637729549248748,1414.0,509.0,75.0
8223.0,1751874279.4042501,0.0194006533162903,1407.0,256.0,72.0
8225.0,1751874279.4376724,0.01230487768892561,1366.0,669.0,74.0
8226.0,1751874279.4391925,0.030047443331576173,550.0,398.0,74.0
8233.0,1751874279.492039,0.010239159259441143,1374.0,872.0,73.0
8234.0,1751874279.5141237,0.009142425387230828,1383.0,787.0,73.0
8240.0,1751874279.5695257,0.02762604382495134,592.0,2310.0,-359.0
8247.0,1751874279.6309552,0.024924844933216637,1405.0,394.0,74.0
8258.0,1751874279.8055522,0.008995215311004785,980.0,1331.0,74.0
8261.0,1751874279.8238175,0.013768191812375668,1383.0,789.0,73.0
8263.0,1751874279.8281558,0.025347131254912236,1094.0,309.0,72.0
8265.0,1751874279.869602,0.004845450971897989,1402.0,1033.0,73.0
8266.0,1751874279.8702693,0.19831068674256336,466.0,382.0,73.0
8271.0,1751874279.9789393,0.003962148022772735,1388.0,1333.0,73.0
8273.0,1751874279.999206,0.008638835292054026,948.0,1332.0,74.0
8274.0,1751874280.0048783,0.026472043542800593,548.0,1332.0,74.0
8277.0,1751874280.0601468,0.0030050809592534746,835.0,845.0,-92.0
8281.0,1751874280.097042,0.2219718309859155,476.0,369.0,73.0
8283.0,1751874280.1138308,0.007788411484403155,1422.0,1271.0,75.0
8285.0,1751874280.1266553,0.025885785744060023,472.0,781.0,73.0
8295.0,1751874280.2524512,0.00558526440879382,2883.0,415.0,73.0
8296.0,1751874280.2718463,0.004093272528364043,370.0,569.0,73.0
8299.0,1751874280.2993736,0.014485784696760233,1468.0,1340.0,73.0
8301.0,1751874280.316298,0.0267269953175146,1805.0,401.0,73.0
8305.0,1751874280.3387957,0.009090697186545768,703.0,723.0,-382.0
8307.0,1751874280.3576663,0.1858216970998926,1428.0,902.0,74.0
8308.0,1751874280.3649392,0.01519184574433552,1410.0,818.0,74.0
8309.0,1751874280.3718703,0.007599417031022277,1400.0,1338.0,74.0
8310.0,1751874280.4130077,0.0034925003758485506,1375.0,704.0,73.0
8312.0,1751874280.4418976,0.008419870895312938,1341.0,475.0,73.0
8313.0,1751874280.4593904,0.01130913451057336,375.0,809.0,74.0
8315.0,1751874280.4814682,0.017802865827181935,768.0,230.0,73.0
8319.0,1751874280.5004926,0.016694655734466067,1311.0,214.0,73.0
8322.0,1751874280.5339787,0.006832416018219776,1450.0,360.0,74.0
8324.0,1751874280.558131,0.006466871754159637,407.0,2545.0,-310.0
8344.0,1751874280.7535415,0.02595639654463184,1319.0,255.0,79.0
8358.0,1751874280.8740556,0.018679139161066872,1365.0,405.0,72.0
8361.0,1751874280.8889227,0.024020442930153322,381.0,1108.0,73.0
8364.0,1751874280.900625,0.024787997390737115,1387.0,293.0,72.0
8366.0,1751874280.958775,0.0016082153750780522,1325.0,302.0,72.0
8372.0,1751874281.09235,0.011454738340472961,1395.0,881.0,74.0
8380.0,1751874281.162776,0.07021848346769483,1349.0,830.0,73.0
8383.0,1751874281.2266216,0.007109106070000641,456.0,803.0,73.0
8386.0,1751874281.234132,0.2016376663254862,1293.0,920.0,74.0
8393.0,1751874281.2976143,0.0060162601626016264,1357.0,446.0,74.0
8396.0,1751874281.3229191,0.00351421934986942,3562.0,423.0,74.0
8399.0,1751874281.3347762,0.011190644218167154,1357.0,717.0,73.0
8407.0,1751874281.4110777,0.0312355033245709,4120.0,816.0,74.0
8410.0,1751874281.4455433,0.020897585876847813,1329.0,735.0,75.0
8411.0,1751874281.451626,0.023436589062925103,1344.0,1255.0,73.0
8413.0,1751874281.4736795,0.0179456906729634,1413.0,507.0,73.0
8419.0,1751874281.5439222,0.00987246303122749,1378.0,741.0,74.0
8424.0,1751874281.5738068,0.007025899161843238,1418.0,1337.0,75.0
8427.0,1751874281.6232004,0.010262640885120463,1351.0,812.0,74.0
8431.0,1751874281.677881,0.005630422110208141,570.0,681.0,294.0
8437.0,1751874281.754172,0.017881867727205774,1366.0,1332.0,74.0
8438.0,1751874281.7582166,0.0423277325683508,444.0,863.0,73.0
8448.0,1751874281.8158624,0.039160223772707274,1328.0,396.0,73.0
8453.0,1751874281.8630269,0.0855397148676171,1359.0,1335.0,73.0
8459.0,1751874281.966532,0.008097165991902834,1304.0,841.0,73.0
8463.0,1751874282.0249135,0.010379904504878554,1380.0,699.0,73.0
8467.0,1751874282.0567758,0.021895164213731604,1320.0,1261.0,73.0
8471.0,1751874282.0814385,0.009000620732464307,1438.0,760.0,73.0
8473.0,1751874282.1402445,0.005786325683191174,1421.0,476.0,74.0
8478.0,1751874282.2469096,0.007342234616165271,1448.0,632.0,72.0
8485.0,1751874282.3348427,0.016817575629957185,864.0,815.0,73.0
8492.0,1751874282.394151,0.014232039166571786,424.0,702.0,75.0
8496.0,1751874282.4220493,0.009451634877384197,1395.0,681.0,73.0
8497.0,1751874282.425518,0.00933168656511596,373.0,246.0,72.0
8501.0,1751874282.4723325,0.006176641830716136,704.0,448.0,75.0
8508.0,1751874282.5716653,0.02532860421447945,1635.0,316.0,73.0
8511.0,1751874282.6040452,0.01389602053915276,1392.0,297.0,74.0
8518.0,1751874282.6856744,0.005477308294209703,407.0,428.0,101.0
8520.0,1751874282.6901553,0.03954367749791707,1338.0,818.0,73.0
8525.0,1751874282.729277,0.020027463274347748,1427.0,536.0,74.0
8529.0,1751874282.7996612,0.015406020743738933,1346.0,693.0,74.0
8539.0,1751874282.96629,0.015887108079061726,1380.0,297.0,72.0
8540.0,1751874282.9676914,0.01705150976909414,699.0,1519.0,74.0
8543.0,1751874282.9929173,0.008963015250258548,1385.0,1331.0,74.0
8557.0,1751874283.1555777,0.4606164383561644,852.0,618.0,74.0
8562.0,1751874283.1949239,0.03281924737816163,1373.0,304.0,72.0
8569.0,1751874283.2506797,0.018773738469886055,1410.0,820.0,73.0
8570.0,1751874283.2527432,0.047094068304373876,1337.0,597.0,74.0
8571.0,1751874283.2627285,0.013527328055535744,644.0,1149.0,73.0
8574.0,1751874283.2933028,0.01547950892592373,1362.0,1337.0,73.0
8577.0,1751874283.329252,0.0072781562004292245,826.0,899.0,74.0
8579.0,1751874283.3427002,0.007360732667272177,1359.0,530.0,73.0
8581.0,1751874283.3628914,0.007733982412060301,252.0,541.0,73.0
8582.0,1751874283.3755593,0.0076131104184377065,1450.0,340.0,74.0
8588.0,1751874283.5269215,0.0185256482844525,352.0,571.0,-101.0
8593.0,1751874283.5771518,0.009472238934913068,1356.0,651.0,77.0
8602.0,1751874283.661919,0.010869042466214592,562.0,2241.0,74.0
8607.0,1751874283.6865366,0.010866562298554195,1385.0,1328.0,73.0
8614.0,1751874283.8016114,0.021310138624626256,1071.0,1116.0,74.0
8617.0,1751874283.8429542,0.024431307991619276,395.0,722.0,74.0
8628.0,1751874283.899721,0.026099449277675792,1341.0,269.0,73.0
8631.0,1751874283.9815702,0.006045931469660283,1428.0,1281.0,74.0
8634.0,1751874284.0271158,0.022296742891798366,200.0,1337.0,75.0
8644.0,1751874284.1264126,0.041623210391580547,4027.0,232.0,95.0
8645.0,1751874284.1496508,0.004166452870850223,662.0,863.0,74.0
8646.0,1751874284.1704156,0.005461032777669424,1351.0,355.0,75.0
8648.0,1751874284.185926,0.010241461149520173,964.0,799.0,74.0
8649.0,1751874284.1901398,0.02373685995252628,431.0,979.0,74.0
8650.0,1751874284.1914997,0.03137039075399009,934.0,205.0,74.0
8659.0,1751874284.2684727,0.08228228228228228,1414.0,281.0,73.0
8661.0,1751874284.2874866,0.007498391203379872,890.0,985.0,74.0
8662.0,1751874284.29628,0.012607325290729268,1350.0,712.0,74.0
8663.0,1751874284.3026733,0.014731174755103566,1347.0,600.0,73.0
8665.0,1751874284.4097219,0.013334694016396231,293.0,852.0,72.0
8669.0,1751874284.42229,0.05804111245465538,1349.0,739.0,74.0
8671.0,1751874284.4475625,0.014454030388874581,1379.0,834.0,73.0
8674.0,1751874284.4866927,0.018584633442558812,1359.0,844.0,72.0
8677.0,1751874284.494971,0.07092582566323768,1425.0,1330.0,74.0
8681.0,1751874284.5305457,0.03512978213280517,1658.0,787.0,74.0
8683.0,1751874284.5481622,0.008834355828220859,1390.0,254.0,73.0
8684.0,1751874284.5494883,0.07102736002899077,3448.0,224.0,72.0
8689.0,1751874284.6682262,0.006569851064816963,1317.0,544.0,74.0
8692.0,1751874284.7101998,0.015615815165997905,1381.0,1333.0,74.0
8693.0,1751874284.7294416,0.010121357423564596,1342.0,526.0,73.0
8694.0,1751874284.729827,0.1952479338842975,2632.0,462.0,-181.0
8695.0,1751874284.7550719,0.008106966924700915,1452.0,581.0,74.0
8697.0,1751874284.7567568,0.0680390788555478,1386.0,866.0,74.0
8702.0,1751874284.8038938,0.020644206845538297,532.0,561.0,74.0
8707.0,1751874284.8819375,0.26439482961222094,1334.0,564.0,73.0
8708.0,1751874284.8934882,0.00810101469342206,571.0,226.0,72.0
8712.0,1751874284.9873216,0.0070711996655984394,1431.0,352.0,73.0
8715.0,1751874285.0125353,0.0226840386202936,1387.0,1078.0,74.0
8717.0,1751874285.0328894,0.016574585635359115,585.0,192.0,72.0
8724.0,1751874285.16225,0.006669541009959068,490.0,372.0,-881.0
8731.0,1751874285.217215,0.00926001137194379,1385.0,738.0,73.0
8734.0,1751874285.2266836,0.26680896478121663,1433.0,1330.0,74.0
8735.0,1751874285.243888,0.005476269498838367,2062.0,545.0,73.0
8736.0,1751874285.2524865,0.005826271186440678,3768.0,290.0,72.0
8741.0,1751874285.3127599,0.0036386123085471542,747.0,745.0,74.0
8747.0,1751874285.4018135,0.010918199139389009,1454.0,1337.0,73.0
8758.0,1751874285.5315583,0.002874403195946604,1391.0,494.0,74.0
8759.0,1751874285.5318403,0.10755555555555556,1340.0,674.0,73.0
8763.0,1751874285.5688195,0.03112529928172386,275.0,1339.0,73.0
8772.0,1751874285.6329098,0.09089009611366486,1439.0,470.0,74.0
8773.0,1751874285.6332479,0.28487947406866326,234.0,327.0,73.0
8780.0,1751874285.6935053,0.006191993934373289,1448.0,280.0,72.0
8781.0,1751874285.7095563,0.008461802498246452,1360.0,439.0,73.0
8782.0,1751874285.7164261,0.01530736776038216,200.0,534.0,73.0
8783.0,1751874285.7479773,0.003053827488982788,214.0,815.0,73.0
8787.0,1751874285.7867448,0.01644817865841977,769.0,1516.0,73.0
8789.0,1751874285.8258302,0.0036933557868952848,1407.0,1322.0,73.0
8791.0,1751874285.8377075,0.0089247157046207,1387.0,649.0,73.0
8803.0,1751874286.0052037,0.05070967741935484,1329.0,295.0,87.0
8807.0,1751874286.060139,0.23770491803278687,2130.0,310.0,72.0
8808.0,1751874286.0780857,0.007334314778710593,3480.0,275.0,72.0
8821.0,1751874286.1840057,0.024123997346360292,1407.0,323.0,73.0
8822.0,1751874286.1891215,0.03029186999355492,1325.0,1248.0,76.0
8825.0,1751874286.2360039,0.023159491307898728,436.0,1017.0,73.0
8826.0,1751874286.2544973,0.009979604663990047,2623.0,1329.0,178.0
8829.0,1751874286.2672083,0.016439082593132707,717.0,1331.0,73.0
8830.0,1751874286.2929554,0.005778216033397536,574.0,1331.0,73.0
8835.0,1751874286.4088821,0.024647744345636904,336.0,873.0,73.0
8836.0,1751874286.4092493,0.42240300375469336,1364.0,600.0,73.0
8838.0,1751874286.41615,0.03901816118047673,237.0,745.0,73.0
8841.0,1751874286.4336653,0.012088945819906731,888.0,890.0,74.0
8843.0,1751874286.4557498,0.008803861295367523,1429.0,877.0,-199.0
8846.0,1751874286.498395,0.008444492254733219,841.0,678.0,73.0
8850.0,1751874286.5721378,0.015457325549068668,1383.0,435.0,-226.0
8853.0,1751874286.5875587,0.005942162947312822,1335.0,875.0,73.0
8857.0,1751874286.6326592,0.013615572811403041,1380.0,589.0,73.0
8858.0,1751874286.6368103,0.03408188726324147,215.0,735.0,73.0
8859.0,1751874286.6481366,0.012423406540186562,1306.0,231.0,73.0
8860.0,1751874286.6589615,0.017987030058715273,502.0,1325.0,74.0
8867.0,1751874286.704528,0.008873047171242227,946.0,308.0,76.0
8872.0,1751874286.7729175,0.01747200183312806,1383.0,917.0,75.0
8877.0,1751874286.786997,0.14491525423728813,652.0,641.0,74.0
8880.0,1751874286.8128564,0.05442477876106195,395.0,586.0,73.0
8885.0,1751874287.0006924,0.002970336771966443,1111.0,1333.0,74.0
8887.0,1751874287.0118153,0.029094827586206896,1373.0,713.0,74.0
8892.0,1751874287.0939894,0.024496937882764653,495.0,593.0,-341.0
8894.0,1751874287.1050568,0.050920245398773004,1412.0,246.0,72.0
8897.0,1751874287.130509,0.1869879518072289,1366.0,451.0,72.0
8904.0,1751874287.1681616,0.0032671434275964714,1356.0,584.0,73.0
8913.0,1751874287.2505093,0.00642062522695012,3946.0,700.0,73.0
8914.0,1751874287.2676408,0.011846834393143489,1424.0,910.0,74.0
8915.0,1751874287.2679582,0.3682758620689655,1377.0,381.0,73.0
8922.0,1751874287.392532,0.048988544967097244,262.0,879.0,73.0
8939.0,1751874287.5798037,0.017141332621890215,1366.0,689.0,73.0
8940.0,1751874287.5823398,0.028274506132384608,951.0,1889.0,75.0
8943.0,1751874287.6226342,0.005286469495642235,586.0,2733.0,73.0
8944.0,1751874287.635971,0.006249326581187372,941.0,348.0,73.0
8947.0,1751874287.7019367,0.003754925442324036,1268.0,691.0,86.0
8960.0,1751874287.8157556,0.014007703223190756,1378.0,1339.0,73.0
8961.0,1751874287.817699,0.07476751394916305,844.0,1485.0,74.0
8962.0,1751874287.8338935,0.012264538466052462,1321.0,673.0,74.0
8964.0,1751874287.8703046,0.006223481835057014,694.0,773.0,73.0
8967.0,1751874287.9060175,0.019511174158740496,1376.0,1291.0,74.0
8973.0,1751874288.0189383,0.06423638991488678,1881.0,873.0,73.0
8976.0,1751874288.0760813,0.0033050387114930265,1404.0,524.0,73.0
8982.0,1751874288.1694658,0.021661817006142902,686.0,549.0,72.0
8986.0,1751874288.2229857,0.014522761074334374,1423.0,876.0,73.0
8989.0,1751874288.26244,0.013868251609707775,749.0,613.0,73.0
8994.0,1751874288.3166983,0.007502216563984814,1415.0,546.0,73.0
8995.0,1751874288.3311923,0.009473129262908168,1459.0,554.0,73.0
8997.0,1751874288.3481555,0.03669083602690661,695.0,693.0,294.0
9012.0,1751874288.4564705,0.008398668241864462,914.0,775.0,74.0
9019.0,1751874288.526625,0.01772298767222625,1331.0,529.0,73.0
9020.0,1751874288.536929,0.014092002961865975,673.0,785.0,73.0
9023.0,1751874288.5568533,0.0190846286701209,1264.0,778.0,74.0
9033.0,1751874288.6784508,0.07675438596491228,1720.0,391.0,73.0
9035.0,1751874288.6976445,0.00983995257854179,1377.0,1023.0,73.0
9039.0,1751874288.7505841,0.04019980970504282,748.0,516.0,72.0
9040.0,1751874288.7530587,0.036586515794436586,1376.0,1334.0,74.0
9044.0,1751874288.7935872,0.027090443686006827,727.0,1261.0,-181.0
9050.0,1751874288.8227015,0.02667864361104873,1357.0,1335.0,74.0
9052.0,1751874288.8431365,0.028773754033703837,1447.0,769.0,74.0
9053.0,1751874288.8629305,0.004170998863553933,1356.0,770.0,73.0
9054.0,1751874288.8814023,0.008113877173130337,308.0,681.0,74.0
9055.0,1751874288.8913894,0.014497945925289003,1431.0,861.0,73.0
9061.0,1751874289.0139267,0.012368833772575142,591.0,1336.0,420.0
9065.0,1751874289.0594666,0.023161395097053592,1379.0,739.0,74.0
9072.0,1751874289.1754787,0.022497420020639834,515.0,828.0,74.0
9073.0,1751874289.2034085,0.005961607249314415,1292.0,1335.0,74.0
9074.0,1751874289.2040825,0.15292233787029624,582.0,1037.0,73.0
9077.0,1751874289.2486522,0.0036943383368304014,1428.0,615.0,74.0
9079.0,1751874289.2784865,0.007417465496625661,843.0,886.0,73.0
9088.0,1751874289.393993,0.004846449423027507,1361.0,723.0,72.0
9089.0,1751874289.398206,0.03376519146984636,1400.0,1337.0,74.0
9107.0,1751874289.5724032,0.015230836000651006,249.0,523.0,74.0
9112.0,1751874289.639852,0.006022994811309973,1318.0,1158.0,74.0
9118.0,1751874289.7630658,0.0024385699124221238,3248.0,1016.0,74.0
9124.0,1751874289.8080423,0.011865858133967112,466.0,300.0,73.0
9145.0,1751874290.0138574,0.010366639334660888,1417.0,357.0,73.0
9148.0,1751874290.0932913,0.00437746769011943,227.0,484.0,73.0
9149.0,1751874290.1146898,0.009389149080553114,1384.0,202.0,134.0
9158.0,1751874290.2362757,0.020494049054205116,461.0,219.0,72.0
9163.0,1751874290.2615118,0.27611940298507465,1382.0,1331.0,73.0
9171.0,1751874290.3153825,0.035869565217391305,1368.0,1334.0,73.0
9178.0,1751874290.4427092,0.03478691467302157,376.0,521.0,72.0
9180.0,1751874290.460508,0.007428417071853053,266.0,229.0,74.0
9199.0,1751874290.722399,0.012672668968919585,1387.0,694.0,74.0
9201.0,1751874290.7599525,0.010516365355075033,1363.0,834.0,74.0
9203.0,1751874290.8018034,0.0020517691759677037,1373.0,1317.0,74.0
9205.0,1751874290.8364882,0.0033989098427416827,3646.0,778.0,73.0
9209.0,1751874290.854547,0.01424865450884733,1828.0,1328.0,74.0
9211.0,1751874290.8644576,0.004798293939932468,1336.0,566.0,74.0
9212.0,1751874290.8747199,0.007521581152074799,1442.0,349.0,73.0
9213.0,1751874290.8902092,0.0066076587374761814,1350.0,208.0,71.0
9225.0,1751874291.0644166,0.006514344084570834,221.0,862.0,74.0
9228.0,1751874291.0913272,0.010099622122981794,1348.0,904.0,73.0
9235.0,1751874291.2012913,0.0026895102634556327,1412.0,374.0,74.0
9238.0,1751874291.2214386,0.026553473973127375,1401.0,796.0,74.0
9251.0,1751874291.3497598,0.07603671199839218,1008.0,831.0,73.0
9262.0,1751874291.5467873,0.0038705689355935428,1326.0,460.0,74.0
9267.0,1751874291.6102297,0.008993804016628342,1820.0,856.0,74.0
9271.0,1751874291.668879,0.0052673111067271655,1465.0,769.0,73.0
9278.0,1751874291.7276542,0.017226528854435832,302.0,385.0,72.0
9281.0,1751874291.7570384,0.007611487275274341,1339.0,654.0,73.0
9286.0,1751874291.7684505,0.0930546190155091,1298.0,1336.0,74.0
9289.0,1751874291.796452,0.013951139448267156,647.0,553.0,73.0
9291.0,1751874291.820965,0.009420180343559518,466.0,1180.0,74.0
9296.0,1751874291.8777554,0.006243741532661836,2953.0,449.0,72.0
9300.0,1751874292.0301075,0.006664677210782851,1409.0,666.0,75.0
9308.0,1751874292.1164823,0.008475906451106578,281.0,1345.0,74.0
9321.0,1751874292.2419631,0.03556004262718044,1326.0,1330.0,73.0
9330.0,1751874292.3431358,0.009028540880876719,1379.0,755.0,74.0
9333.0,1751874292.364744,0.012332801570744876,1108.0,908.0,73.0
9334.0,1751874292.3703175,0.0313018330285374,609.0,1336.0,74.0
9337.0,1751874292.4232948,0.001939585713867159,584.0,386.0,-90.0
9338.0,1751874292.4344907,0.006710408589322994,1472.0,866.0,74.0
9343.0,1751874292.5257916,0.012932825172046313,705.0,899.0,73.0
9372.0,1751874292.7804763,0.010506977387978005,1352.0,245.0,72.0
9373.0,1751874292.7939434,0.01377293273065674,553.0,1026.0,74.0
9374.0,1751874292.8007689,0.021603203597021215,499.0,1333.0,74.0
9379.0,1751874292.8558059,0.009088625516658674,498.0,425.0,73.0
9382.0,1751874292.8754525,0.012564743880103197,1357.0,815.0,74.0
9385.0,1751874292.9059095,0.00842341306347746,1359.0,873.0,73.0
9390.0,1751874293.0011742,0.06632231404958677,557.0,864.0,75.0
9391.0,1751874293.0761027,0.0019454696306468687,1353.0,875.0,73.0
9392.0,1751874293.0839403,0.01837765471916266,620.0,387.0,72.0
9393.0,1751874293.0862117,0.011542730299667037,1434.0,2910.0,74.0
9396.0,1751874293.1202571,0.0073613610338622605,1299.0,788.0,74.0
9402.0,1751874293.2554421,0.010447027215045639,601.0,2753.0,75.0
9403.0,1751874293.264297,0.02707053363024173,715.0,1337.0,74.0
9404.0,1751874293.276334,0.01375598086124402,1343.0,231.0,71.0
9405.0,1751874293.3220658,0.0034621019755880097,222.0,1342.0,-23.0
9406.0,1751874293.3266068,0.022920655179748988,348.0,794.0,74.0
9415.0,1751874293.4108684,0.29646902065289804,806.0,698.0,74.0
9420.0,1751874293.4708276,0.026380873866446827,944.0,467.0,73.0
9425.0,1751874293.5422952,0.028369513762088322,1322.0,558.0,73.0
9430.0,1751874293.6032562,0.0047375997906033245,3104.0,203.0,72.0
9431.0,1751874293.615691,0.014985885607108349,278.0,220.0,71.0
9438.0,1751874293.649215,0.011194467237135155,1366.0,748.0,74.0
9449.0,1751874293.8026938,0.007582139848357203,1371.0,325.0,94.0
9450.0,1751874293.8083425,0.01050713892301826,389.0,726.0,74.0
9456.0,1751874293.965172,0.00702981090936431,516.0,1334.0,74.0
9474.0,1751874294.1652908,0.013266162888329136,1388.0,507.0,73.0
9482.0,1751874294.2336328,0.2945682451253482,807.0,660.0,74.0
9483.0,1751874294.24921,0.011587891338774517,511.0,206.0,73.0
9493.0,1751874294.364509,0.014171999375682847,1368.0,855.0,73.0
9497.0,1751874294.4384363,0.027001548717258097,1343.0,350.0,72.0
9498.0,1751874294.462337,0.009787814519421295,1392.0,417.0,72.0
9499.0,1751874294.4733925,0.01778989741592001,985.0,1340.0,73.0
9501.0,1751874294.5453336,0.02234023072697308,813.0,801.0,73.0
9503.0,1751874294.5857725,0.0051137569711120975,1366.0,608.0,73.0
9509.0,1751874294.6602435,0.01380105558461319,1392.0,455.0,73.0
9511.0,1751874294.663544,0.21368178324365872,308.0,1335.0,73.0
9512.0,1751874294.6697931,0.022676761969337402,1342.0,591.0,74.0
9517.0,1751874294.7116609,0.010487974994187698,1411.0,270.0,74.0
9525.0,1751874294.8697028,0.009692676644313185,523.0,774.0,73.0
9527.0,1751874294.8858364,0.00905153681307977,1413.0,807.0,73.0
9529.0,1751874294.9004743,0.05124450951683748,1295.0,478.0,74.0
9530.0,1751874294.9590352,0.0027245186344875263,1412.0,217.0,72.0
9543.0,1751874295.1050599,0.006289648602420594,1422.0,446.0,72.0
9544.0,1751874295.108801,0.04192832223279416,899.0,1328.0,73.0
9560.0,1751874295.3544846,0.011581562438562313,644.0,264.0,73.0
9564.0,1751874295.4343488,0.011756739233794862,1434.0,427.0,74.0
9569.0,1751874295.5150652,0.011957925816571324,1401.0,290.0,72.0
9572.0,1751874295.5341856,0.01869825420943285,1380.0,425.0,74.0
9574.0,1751874295.5685077,0.005098998547511658,392.0,545.0,76.0
9578.0,1751874295.5855048,0.04053460500721591,1384.0,465.0,82.0
9582.0,1751874295.6277487,0.007244460895774946,1393.0,806.0,74.0
9584.0,1751874295.642246,0.02456030150753769,406.0,929.0,443.0
9588.0,1751874295.674984,0.007245073606864836,285.0,1332.0,75.0
9602.0,1751874295.8824902,0.012347088255997564,430.0,420.0,-99.0
9605.0,1751874295.9715533,0.5086848635235732,724.0,1331.0,74.0
9616.0,1751874296.1260297,0.0031545741324921135,949.0,735.0,74.0
9620.0,1751874296.1490054,0.21609538002980627,1322.0,518.0,73.0
9625.0,1751874296.220238,0.02135530519589709,1368.0,621.0,73.0
9626.0,1751874296.223886,0.02931573935518977,1266.0,289.0,73.0
9628.0,1751874296.2473388,0.007488556292753176,1313.0,790.0,74.0
9629.0,1751874296.2606447,0.011006374001256845,1401.0,1103.0,84.0
9630.0,1751874296.2730405,0.011675995922057437,898.0,1161.0,74.0
9632.0,1751874296.3090155,0.008343485427053368,1387.0,535.0,-388.0
9634.0,1751874296.3155317,0.217123670956911,1357.0,2552.0,73.0
9637.0,1751874296.3490224,0.005123588699500261,1393.0,201.0,137.0
9640.0,1751874296.3926394,0.023582856014220818,686.0,445.0,73.0
9642.0,1751874296.4456224,0.008255962258458246,1334.0,321.0,108.0
9655.0,1751874296.5966167,0.006907013894475538,1380.0,528.0,73.0
9657.0,1751874296.5982955,0.029005524861878452,1396.0,371.0,73.0
9658.0,1751874296.6177993,0.0047177286635540225,1022.0,530.0,75.0
9662.0,1751874296.6716084,0.004721102520613523,1442.0,679.0,74.0
9664.0,1751874296.6829317,0.017812256219121088,1282.0,549.0,73.0
9674.0,1751874296.7938733,0.012559678282057885,1330.0,207.0,72.0
9677.0,1751874296.8172276,0.08587832885414122,1320.0,221.0,72.0
9681.0,1751874296.8728037,0.008518184427405798,1433.0,1326.0,74.0
9683.0,1751874296.8898654,0.29931972789115646,215.0,744.0,74.0
9686.0,1751874296.8981638,0.10523150932050511,391.0,2809.0,74.0
9689.0,1751874297.0253716,0.001694798920819628,1344.0,2604.0,74.0
9692.0,1751874297.0771713,0.019189163766343713,1340.0,1015.0,74.0
9694.0,1751874297.083835,0.06229036895064686,528.0,1336.0,75.0
9708.0,1751874297.2073352,0.013040147637452558,1352.0,480.0,72.0
9714.0,1751874297.265875,0.0066726658403653836,689.0,373.0,72.0
9723.0,1751874297.359583,0.011876340999063189,310.0,1160.0,81.0
9735.0,1751874297.4957283,0.006313017981629417,1321.0,698.0,74.0
9736.0,1751874297.5005224,0.006789137380191693,1305.0,777.0,73.0
9739.0,1751874297.5094495,0.015475550779150995,1430.0,541.0,73.0
9745.0,1751874297.602474,0.007212703818003382,1202.0,612.0,73.0
9753.0,1751874297.6619155,0.014184070551935343,902.0,1974.0,73.0
9755.0,1751874297.6776986,0.015891472868217054,1436.0,863.0,74.0
9758.0,1751874297.689571,0.024110218140068886,1363.0,293.0,-40.0
9759.0,1751874297.6959834,0.02264345773712937,401.0,255.0,72.0
9767.0,1751874297.7743244,0.014892574499992576,1360.0,1212.0,73.0
9770.0,1751874297.8014064,0.08346170004201092,1043.0,295.0,73.0
9771.0,1751874297.8430305,0.004861476516208735,1366.0,442.0,73.0
9775.0,1751874297.8676121,0.025091040057625354,1420.0,640.0,73.0
9785.0,1751874298.0041516,0.007624825776830368,1307.0,813.0,73.0
9787.0,1751874298.0074487,0.03638348189921776,767.0,281.0,73.0
9788.0,1751874298.0092294,0.05178427689830963,1372.0,430.0,73.0
9789.0,1751874298.0168715,0.010653919455119192,1363.0,2988.0,77.0
9797.0,1751874298.087136,0.03174107607451348,1286.0,622.0,81.0
9809.0,1751874298.2261252,0.005594601209832512,1393.0,542.0,73.0
9821.0,1751874298.347914,0.004234764772050552,960.0,1230.0,74.0
9824.0,1751874298.4374497,0.009729236212160118,1364.0,322.0,72.0
9827.0,1751874298.47435,0.010391349635434751,3110.0,973.0,74.0
9833.0,1751874298.5164256,0.022634750040709983,261.0,905.0,73.0
9834.0,1751874298.5229383,0.021747036148083498,1367.0,541.0,74.0
9837.0,1751874298.5358112,0.01558703900854421,1379.0,1332.0,73.0
9838.0,1751874298.5644863,0.00734666124926409,1328.0,802.0,74.0
9841.0,1751874298.6105795,0.008459369392463471,627.0,2744.0,74.0
9842.0,1751874298.611326,0.10532069970845481,1418.0,443.0,73.0
9845.0,1751874298.650854,0.06096175691026127,1484.0,882.0,74.0
9850.0,1751874298.672463,0.013217104488161149,1408.0,738.0,73.0
9851.0,1751874298.6735,0.031570841889117046,1360.0,681.0,74.0
9855.0,1751874298.7044187,0.24755381604696672,1379.0,1204.0,77.0
9860.0,1751874298.7498143,0.04513805522208884,1305.0,915.0,74.0
9865.0,1751874298.801739,0.022461814914645103,1425.0,884.0,74.0
9867.0,1751874298.8290622,0.01839246584922374,502.0,491.0,73.0
9869.0,1751874298.8590252,0.02222811671087533,1428.0,343.0,74.0
9881.0,1751874299.039858,0.013017390420014237,1337.0,412.0,72.0
9897.0,1751874299.2043793,0.023361790493770188,1099.0,1326.0,73.0
9911.0,1751874299.2745054,0.007851353840486278,1402.0,418.0,73.0
9922.0,1751874299.4032884,0.009684281236005374,1317.0,519.0,72.0
9937.0,1751874299.5461464,0.011805082270470255,1363.0,837.0,74.0
9940.0,1751874299.5877132,0.024009248006639596,1386.0,664.0,74.0
9952.0,1751874299.6912255,0.014889460154241646,1081.0,880.0,74.0
9960.0,1751874299.771103,0.016508403194405816,824.0,672.0,83.0
9963.0,1751874299.8175597,0.027850366923214607,1314.0,522.0,74.0
9966.0,1751874299.8735728,0.015837879147231664,1302.0,824.0,74.0
9971.0,1751874300.0081706,0.0037142320027799772,408.0,2389.0,73.0
9972.0,1751874300.0142922,0.02762989157890646,1452.0,623.0,74.0
9976.0,1751874300.0380623,0.013681541990261961,498.0,857.0,73.0
9979.0,1751874300.0966575,0.004663408974273155,290.0,379.0,72.0
9983.0,1751874300.150141,0.013300640335867628,1142.0,343.0,72.0
9988.0,1751874300.2169607,0.009557344064386318,1312.0,712.0,73.0
9990.0,1751874300.2320619,0.025297394970636954,824.0,356.0,73.0
9992.0,1751874300.2748935,0.08301064859632139,1350.0,983.0,74.0
9993.0,1751874300.288945,0.011220795190599809,698.0,728.0,73.0
10001.0,1751874300.4442525,0.006364834069220908,290.0,343.0,73.0
10004.0,1751874300.4801714,0.015142948450060228,462.0,916.0,74.0
10007.0,1751874300.499487,0.04086120018323408,1403.0,879.0,74.0
10009.0,1751874300.5131943,0.015624171512398593,1351.0,1335.0,74.0
10014.0,1751874300.5686913,0.005740832692817837,1372.0,1337.0,74.0
10017.0,1751874300.6056414,0.007946795357555936,1407.0,782.0,72.0
10018.0,1751874300.607451,0.03214744963566224,1355.0,1343.0,74.0
10021.0,1751874300.6440647,0.03534558180227471,546.0,1332.0,73.0
10029.0,1751874300.7380652,0.028747573146224326,1272.0,872.0,74.0
10030.0,1751874300.739618,0.028870940024059117,3334.0,514.0,73.0
10032.0,1751874300.7776086,0.006230424962004484,310.0,1333.0,74.0
10034.0,1751874300.7867076,0.029236783953765087,1389.0,738.0,73.0
10036.0,1751874300.7977426,0.05088757396449704,1380.0,1197.0,71.0
10057.0,1751874301.0366106,0.01218112394293612,900.0,574.0,73.0
10061.0,1751874301.0872912,0.012467285698920876,1448.0,453.0,73.0
10069.0,1751874301.2245872,0.012633665001445027,256.0,229.0,74.0
10073.0,1751874301.3096638,0.02113428719186347,523.0,761.0,73.0
10087.0,1751874301.4938934,0.04056146145113015,474.0,555.0,73.0
10091.0,1751874301.5309367,0.031688511950655356,1384.0,1913.0,73.0
10095.0,1751874301.5791507,0.08961068878138678,3801.0,587.0,73.0
10105.0,1751874301.6238275,0.05089686098654708,1054.0,1336.0,73.0
10115.0,1751874301.7574234,0.03152403991533111,1400.0,192.0,72.0
10137.0,1751874301.9867477,0.2457831325301205,507.0,2050.0,74.0
10142.0,1751874302.077941,0.00881010395497058,1403.0,818.0,74.0
10143.0,1751874302.0785685,0.178226917776757,1389.0,1340.0,74.0
10152.0,1751874302.1684241,0.24531835205992508,360.0,1563.0,-315.0
10153.0,1751874302.2063901,0.003818948002107006,1397.0,717.0,73.0
10155.0,1751874302.2311544,0.005998217558054535,370.0,470.0,74.0
10177.0,1751874302.518709,0.20155393053016454,1335.0,3346.0,74.0
10182.0,1751874302.599288,0.03677170482440759,1039.0,617.0,73.0
10183.0,1751874302.6080914,0.016628627323117054,1359.0,756.0,75.0
10186.0,1751874302.6340399,0.025457691957373168,856.0,611.0,73.0
10191.0,1751874302.6821706,0.021796109808249413,1383.0,345.0,73.0
10192.0,1751874302.6841335,0.0540809968847352,1376.0,642.0,74.0
10195.0,1751874302.7132943,0.017181726175065314,689.0,1172.0,74.0
10200.0,1751874302.7804916,0.037111517367458866,944.0,376.0,74.0
10205.0,1751874302.8410583,0.007988926975633772,1397.0,2324.0,75.0
10208.0,1751874302.8982599,0.08188096021045708,290.0,495.0,72.0
10212.0,1751874302.9594936,0.002915786269778603,1308.0,919.0,74.0
10213.0,1751874302.9602609,0.1579643093192333,840.0,452.0,72.0
10218.0,1751874302.9994667,0.07102001906577693,618.0,493.0,73.0
10224.0,1751874303.0550249,0.010794896957801767,1385.0,1337.0,73.0
10228.0,1751874303.0941207,0.007480230818550973,1358.0,1335.0,73.0
10231.0,1751874303.1060617,0.04197867029725437,419.0,473.0,72.0
10247.0,1751874303.2207832,0.07830245068738792,2101.0,941.0,73.0
10251.0,1751874303.2540338,0.03222536413594409,302.0,1177.0,77.0
10256.0,1751874303.289538,0.011632341723874905,1390.0,551.0,73.0
10260.0,1751874303.312678,0.014660194174757281,1419.0,1342.0,74.0
10261.0,1751874303.3129745,0.2728323699421965,1408.0,354.0,73.0
10262.0,1751874303.356499,0.003416103237372716,1420.0,274.0,73.0
10273.0,1751874303.4774616,0.014098804421385067,266.0,308.0,73.0
10277.0,1751874303.56183,0.006873701353400348,1245.0,456.0,74.0
10280.0,1751874303.581685,0.020120657650490585,1351.0,1329.0,74.0
10285.0,1751874303.6593397,0.006010197630405689,1348.0,564.0,75.0
10289.0,1751874303.7196844,0.007677797893818898,539.0,507.0,72.0
10295.0,1751874303.7831306,0.3803863298662704,1329.0,702.0,73.0
10297.0,1751874303.7927263,0.021129267108882056,1397.0,795.0,73.0
10303.0,1751874303.8638318,0.010407263845377794,1086.0,1346.0,-293.0
10309.0,1751874303.9747963,0.030865595049430233,219.0,409.0,73.0
10310.0,1751874303.990731,0.012652926924112351,1373.0,1338.0,74.0
10333.0,1751874304.279091,0.04359879032258065,1331.0,463.0,73.0
10337.0,1751874304.304181,0.026517665171342873,309.0,897.0,74.0
10343.0,1751874304.3844297,0.030574806359559722,1368.0,682.0,74.0
10345.0,1751874304.3925147,0.03531782088255047,1406.0,975.0,74.0
10351.0,1751874304.4782774,0.027673815052588445,1416.0,1328.0,74.0
10352.0,1751874304.4828618,0.03365001857650868,977.0,623.0,73.0
10354.0,1751874304.511,0.00793627917255162,878.0,785.0,73.0
10355.0,1751874304.521915,0.009695901278096077,870.0,519.0,73.0
10358.0,1751874304.5722265,0.004487126870776219,933.0,199.0,72.0
10379.0,1751874304.9167986,0.023408167956478432,777.0,896.0,74.0
10381.0,1751874304.9731133,0.014729181538032975,1373.0,273.0,122.0
10385.0,1751874305.0106401,0.014298551643936992,3176.0,374.0,73.0
10387.0,1751874305.0159526,0.02836658354114713,1380.0,376.0,73.0
10389.0,1751874305.046565,0.005600800114302043,1295.0,286.0,73.0
10393.0,1751874305.0730095,0.019000806984080406,1335.0,233.0,71.0
10397.0,1751874305.130299,0.026376237623762375,1306.0,621.0,74.0
10404.0,1751874305.2480881,0.017893870835047305,334.0,1328.0,250.0
10405.0,1751874305.2482746,0.550561797752809,853.0,1044.0,79.0
10427.0,1751874305.5334718,0.006481956043293437,1354.0,476.0,73.0
10429.0,1751874305.5360434,0.0333019164310399,1422.0,756.0,73.0
10444.0,1751874305.7025955,0.04578733294596165,563.0,340.0,74.0
10449.0,1751874305.7625127,0.020672947510094214,1380.0,567.0,73.0
10450.0,1751874305.7646856,0.04139218269653052,1100.0,333.0,73.0
10453.0,1751874305.8188787,0.006183254799481471,1440.0,889.0,74.0
10458.0,1751874305.8818119,0.010035207555920984,304.0,604.0,73.0
10460.0,1751874305.9029553,0.033953463144763246,1345.0,263.0,-883.0
10468.0,1751874306.0122547,0.0535572121299848,1357.0,848.0,73.0
10487.0,1751874306.2487216,0.03479056992446784,368.0,1201.0,73.0
10491.0,1751874306.27327,0.050027427317608335,635.0,551.0,73.0
10492.0,1751874306.2785888,0.028485090876771986,635.0,691.0,73.0
10499.0,1751874306.374542,0.008765442839742473,1374.0,277.0,73.0
10504.0,1751874306.4572463,0.008347068830264514,1377.0,636.0,75.0
10519.0,1751874306.6157877,0.018577158539159807,1417.0,840.0,74.0
10525.0,1751874306.6853776,0.0018477052440380188,606.0,623.0,74.0
10532.0,1751874306.744747,0.058885383806519455,393.0,1283.0,74.0
10537.0,1751874306.8227906,0.038341463414634146,1302.0,808.0,73.0
10538.0,1751874306.8284116,0.02612238041241443,1337.0,419.0,73.0
10539.0,1751874306.8339655,0.026490919239191103,1388.0,1235.0,74.0
10542.0,1751874306.8583884,0.08024904877205119,1373.0,776.0,74.0
10550.0,1751874306.9617987,0.03461573776512717,1356.0,275.0,72.0
10552.0,1751874306.9764256,0.008432152968692298,823.0,773.0,74.0
10555.0,1751874306.9826376,0.05768578215134035,1514.0,1330.0,73.0
10556.0,1751874306.9862878,0.049981186504452525,1415.0,439.0,73.0
10562.0,1751874307.0210254,0.006023335918198048,1407.0,424.0,73.0
10563.0,1751874307.0310578,0.01611876988335101,1379.0,1334.0,74.0
10567.0,1751874307.0680106,0.027152051488334675,1263.0,574.0,73.0
10570.0,1751874307.093461,0.009492415224491041,1334.0,1342.0,74.0
10590.0,1751874307.2970943,0.019338311100003124,1488.0,1327.0,75.0
10596.0,1751874307.3736694,0.005067215325372221,1403.0,207.0,73.0
10599.0,1751874307.4077783,0.012638827654258781,1354.0,729.0,74.0
10603.0,1751874307.4504468,0.012791914246797086,1397.0,434.0,73.0
10605.0,1751874307.4942458,0.017501947546091925,1384.0,490.0,73.0
10606.0,1751874307.4946494,0.4848024316109423,3412.0,1042.0,73.0
10613.0,1751874307.537725,0.05771144278606965,1372.0,621.0,73.0
10622.0,1751874307.6442761,0.0056461731493099125,1307.0,565.0,72.0
10625.0,1751874307.6583202,0.04118790878557539,1120.0,889.0,73.0
10627.0,1751874307.6948423,0.007803685596088755,1377.0,887.0,73.0
10632.0,1751874307.7688756,0.009965359706812591,534.0,662.0,74.0
10633.0,1751874307.769727,0.11076836791923723,1415.0,287.0,73.0
10636.0,1751874307.8246968,0.005631470545972096,1332.0,871.0,75.0
10637.0,1751874307.827549,0.04804240041032655,1374.0,705.0,74.0
10638.0,1751874307.827737,0.2895622895622896,1335.0,825.0,73.0
10641.0,1751874307.844785,0.036920871045792635,1348.0,766.0,74.0
10642.0,1751874307.8451257,0.2865853658536585,1403.0,443.0,73.0
10651.0,1751874307.9590855,0.0038148825944843536,530.0,889.0,73.0
10653.0,1751874307.9979649,0.0608712950069624,1389.0,1330.0,73.0
10659.0,1751874308.0879452,0.0054700816613005646,3341.0,632.0,73.0
10662.0,1751874308.1279786,0.005995035361341389,933.0,860.0,73.0
10663.0,1751874308.1399577,0.01610440094405109,1423.0,605.0,73.0
10665.0,1751874308.155448,0.016529088050314465,323.0,928.0,73.0
10666.0,1751874308.170415,0.0066877295398777925,426.0,726.0,74.0
10678.0,1751874308.3584142,0.018095324120073464,1374.0,803.0,73.0
10693.0,1751874308.5135968,0.04519774011299435,762.0,492.0,72.0
10695.0,1751874308.5275996,0.030890231391770204,1267.0,1336.0,74.0
10699.0,1751874308.5609312,0.013981935139819351,353.0,666.0,74.0
10705.0,1751874308.6207495,0.034358638743455495,1414.0,1335.0,75.0
10717.0,1751874308.7317553,0.012115406288741125,314.0,642.0,73.0
10720.0,1751874308.760446,0.004050289568213474,1348.0,238.0,71.0
10721.0,1751874308.7721846,0.005074699577784995,1423.0,1330.0,75.0
10722.0,1751874308.7767587,0.006142054701034175,502.0,2339.0,74.0
10727.0,1751874308.8046615,0.06363831154917506,1422.0,221.0,73.0
10728.0,1751874308.8261766,0.011118096687733696,1396.0,238.0,73.0
10729.0,1751874308.8376484,0.01667849538679915,1339.0,252.0,72.0
10731.0,1751874308.876765,0.00908978020613436,414.0,369.0,73.0
10734.0,1751874308.906403,0.055850781166967796,1341.0,573.0,74.0
10735.0,1751874308.9594202,0.003910961493456228,323.0,384.0,73.0
10736.0,1751874308.9676535,0.01854551816644311,679.0,1244.0,74.0
10743.0,1751874309.0406997,0.011665586519766688,1389.0,1335.0,73.0
10748.0,1751874309.0835023,0.008605010993783762,458.0,319.0,73.0
10753.0,1751874309.1245093,0.017394391196308128,894.0,3016.0,74.0
10760.0,1751874309.195735,0.010588938182465328,1428.0,548.0,83.0
10761.0,1751874309.1986306,0.033530065862629375,242.0,337.0,72.0
10762.0,1751874309.2179825,0.007530805046745046,1429.0,534.0,73.0
10766.0,1751874309.2500322,0.009557663092375993,611.0,1101.0,74.0
10770.0,1751874309.28018,0.011169393294695913,1416.0,675.0,74.0
10779.0,1751874309.4384046,0.02479876412716481,1368.0,333.0,72.0
10780.0,1751874309.43951,0.07018763029881862,1370.0,279.0,74.0
10781.0,1751874309.4746094,0.005529723107744996,354.0,372.0,73.0
10785.0,1751874309.5063872,0.006785514139012162,1322.0,866.0,74.0
10788.0,1751874309.5386345,0.015251478022448806,263.0,851.0,73.0
10790.0,1751874309.6051173,0.003990367643350648,1323.0,628.0,74.0
10795.0,1751874309.6523175,0.029887460795769018,3497.0,928.0,73.0
10798.0,1751874309.6856134,0.009823206865179866,1287.0,1337.0,74.0
10803.0,1751874309.7582033,0.0321108306932288,825.0,473.0,73.0
10808.0,1751874309.846496,0.006502977999270694,223.0,306.0,73.0
10811.0,1751874309.9592538,0.0050201408049092965,1409.0,1339.0,73.0
10816.0,1751874309.9885905,0.077502691065662,1339.0,344.0,72.0
10818.0,1751874310.0012155,0.020882385300913194,1386.0,844.0,73.0
10822.0,1751874310.0512097,0.02663106729650168,1342.0,1336.0,73.0
10833.0,1751874310.1390085,0.057107127969987494,1047.0,1333.0,74.0
10836.0,1751874310.1789296,0.013138686131386862,224.0,967.0,73.0
10837.0,1751874310.194989,0.00587360594795539,1782.0,877.0,73.0
10838.0,1751874310.199732,0.019806957570882768,1394.0,787.0,74.0
10847.0,1751874310.337792,0.018931710615280595,1354.0,1040.0,74.0
10857.0,1751874310.434393,0.015619207671205794,505.0,470.0,74.0
10861.0,1751874310.4711742,0.047850376487733784,1348.0,717.0,73.0
10864.0,1751874310.495818,0.007587001023541454,1327.0,883.0,73.0
10876.0,1751874310.6308954,0.017562199456408113,1425.0,265.0,158.0
10877.0,1751874310.6401656,0.015782664941785252,1353.0,1334.0,73.0
10879.0,1751874310.656225,0.017907558280229087,1430.0,324.0,73.0
10885.0,1751874310.755533,0.02202289798001896,749.0,1331.0,73.0
10888.0,1751874310.8125823,0.0045472850526881,423.0,399.0,100.0
10892.0,1751874310.834996,0.026972680626820136,2553.0,538.0,74.0
10895.0,1751874310.8549137,0.006582372629230197,1441.0,713.0,74.0
10900.0,1751874310.8954568,0.006212238868160381,1367.0,1036.0,74.0
10912.0,1751874311.0671415,0.014743757231906237,1403.0,425.0,73.0
10914.0,1751874311.0863748,0.009773334482461432,1323.0,1323.0,74.0
10917.0,1751874311.1055608,0.012141996477894152,899.0,230.0,115.0
10921.0,1751874311.1316347,0.01161150744204516,542.0,2784.0,74.0
10922.0,1751874311.1384661,0.021060787490314856,1379.0,354.0,73.0
10923.0,1751874311.1649184,0.005810915511991207,1399.0,535.0,74.0
10925.0,1751874311.1785047,0.421875,304.0,1332.0,73.0
10933.0,1751874311.2498655,0.00621392245678871,342.0,263.0,71.0
10937.0,1751874311.2941136,0.01753943571208428,1341.0,533.0,74.0
10949.0,1751874311.4640212,0.007486893222192886,1304.0,215.0,74.0
10956.0,1751874311.535049,0.008095974092882903,810.0,210.0,72.0
10961.0,1751874311.618369,0.0058307337978484594,269.0,862.0,74.0
10963.0,1751874311.6351838,0.011082679500432123,1379.0,783.0,73.0
10975.0,1751874311.7642531,0.02916453475623127,1381.0,660.0,73.0
10977.0,1751874311.7732348,0.5703971119133574,1383.0,777.0,73.0
10981.0,1751874311.8836083,0.00432443937077956,1349.0,487.0,72.0
10984.0,1751874311.9588797,0.0011127090265895469,694.0,424.0,146.0
10990.0,1751874312.028494,0.008020422734964153,3222.0,426.0,73.0
10998.0,1751874312.088694,0.06074882221671213,1158.0,678.0,74.0
11007.0,1751874312.2209542,0.0051963116840074335,750.0,592.0,73.0
11010.0,1751874312.2388768,0.010598340845254425,215.0,219.0,71.0
11011.0,1751874312.2489023,0.015526916492295987,2854.0,959.0,74.0
11012.0,1751874312.25044,0.03939494680851064,946.0,391.0,73.0
11021.0,1751874312.3128822,0.011386505666772588,862.0,648.0,73.0
11022.0,1751874312.3218021,0.007168747482883609,387.0,573.0,73.0
11024.0,1751874312.3555615,0.012354510364972206,1366.0,570.0,73.0
11034.0,1751874312.4240108,0.08913649025069638,898.0,342.0,73.0
11045.0,1751874312.5637448,0.016269625080481402,1393.0,536.0,74.0
11053.0,1751874312.6714225,0.004918414918414918,422.0,396.0,75.0
11054.0,1751874312.671964,0.060092449922958396,1394.0,860.0,73.0
11055.0,1751874312.7294953,0.002638107839894145,1377.0,796.0,74.0
11062.0,1751874312.8495476,0.011004240929123818,1315.0,631.0,73.0
11064.0,1751874312.8941822,0.005042790990859941,855.0,1331.0,74.0
11073.0,1751874313.036201,0.01280653507558622,1423.0,768.0,73.0
11075.0,1751874313.0691755,0.016688203802842902,951.0,661.0,74.0
11077.0,1751874313.0718699,0.08193320887782618,1377.0,636.0,74.0
11083.0,1751874313.136469,0.0062470980541133765,1207.0,1545.0,76.0
11086.0,1751874313.1512787,0.06916681408101893,1400.0,575.0,73.0
11087.0,1751874313.154842,0.02854006586169045,278.0,1333.0,73.0
11089.0,1751874313.1605601,0.02965194986680641,349.0,872.0,73.0
11092.0,1751874313.1814525,0.03720987351099104,715.0,424.0,73.0
11097.0,1751874313.2800512,0.003113219019822449,293.0,1339.0,74.0
11102.0,1751874313.3262653,0.019335787387241617,695.0,622.0,73.0
11121.0,1751874313.597691,0.008877895057858801,620.0,2904.0,74.0
11123.0,1751874313.606525,0.012514220705346985,1437.0,576.0,86.0
11127.0,1751874313.6551638,0.00268591572939399,481.0,852.0,73.0
11139.0,1751874313.7522683,0.029363047733775034,1348.0,397.0,74.0
11143.0,1751874313.7794294,0.02012321599950466,292.0,1343.0,75.0
11157.0,1751874314.0252259,0.004858739110863982,1442.0,1332.0,75.0
11158.0,1751874314.025689,0.054786273329319686,234.0,2254.0,74.0
11165.0,1751874314.083077,0.010262311621161485,388.0,490.0,72.0
11169.0,1751874314.138677,0.016275977054842104,1477.0,1338.0,73.0
11174.0,1751874314.1938674,0.035132324049462614,1389.0,690.0,73.0
11176.0,1751874314.2232997,0.006901936289818863,1396.0,792.0,74.0
11182.0,1751874314.2960222,0.013539651837524178,1169.0,2562.0,75.0
11188.0,1751874314.3695064,0.0045263045995982834,1396.0,526.0,73.0
11192.0,1751874314.4296849,0.006846075892354465,201.0,390.0,73.0
11195.0,1751874314.4381464,0.026986301369863012,445.0,307.0,364.0
11197.0,1751874314.460415,0.006545398009950249,531.0,419.0,74.0
11200.0,1751874314.509799,0.022643794147325935,340.0,274.0,72.0
11203.0,1751874314.5239294,0.027045043329206743,1384.0,1337.0,74.0
11213.0,1751874314.6396458,0.03626895669651014,1308.0,208.0,71.0
11214.0,1751874314.6491194,0.022626794496050866,665.0,397.0,73.0
11215.0,1751874314.6684976,0.007509324901810637,863.0,219.0,261.0
11222.0,1751874314.7923415,0.1361681796464405,1159.0,1335.0,73.0
11233.0,1751874314.9649017,0.039739794003586175,1407.0,535.0,76.0
11240.0,1751874315.0065389,0.023080512581212534,1343.0,296.0,73.0
11247.0,1751874315.0864167,0.003194828835187696,761.0,500.0,72.0
11251.0,1751874315.1493392,0.018473480810234543,746.0,784.0,74.0
11253.0,1751874315.1708677,0.01569229246076927,497.0,538.0,73.0
11254.0,1751874315.1929202,0.00653213072913287,1387.0,453.0,73.0
11270.0,1751874315.450309,0.10284837114105407,506.0,552.0,74.0
11271.0,1751874315.4575572,0.021586833372439915,1324.0,2403.0,75.0
11276.0,1751874315.5495512,0.011090336295878902,1376.0,824.0,73.0
11278.0,1751874315.5618353,0.026060449939893527,600.0,258.0,73.0
11283.0,1751874315.629427,0.04452554744525548,368.0,494.0,73.0
11284.0,1751874315.6342065,0.029049250754359945,1385.0,1330.0,74.0
11289.0,1751874315.7031214,0.010340496550300235,848.0,313.0,72.0
11291.0,1751874315.715711,0.03351489550911516,1403.0,901.0,74.0
11292.0,1751874315.721543,0.033016001620417255,423.0,587.0,73.0
11294.0,1751874315.7491837,0.010066647079744546,1419.0,1335.0,74.0
11296.0,1751874315.7930067,0.005127165530581388,532.0,1346.0,74.0
11299.0,1751874315.806501,0.07986921999065857,1406.0,444.0,73.0
11301.0,1751874315.821184,0.015059412132582864,1334.0,628.0,73.0
11303.0,1751874315.8321414,0.01373022067693181,647.0,337.0,73.0
11304.0,1751874315.8391175,0.0277347694378997,1468.0,466.0,72.0
11305.0,1751874315.8541417,0.009398645957785742,1307.0,882.0,73.0
11306.0,1751874315.8607445,0.02162064609276304,1434.0,330.0,72.0
11309.0,1751874315.8645585,0.05009145912480653,1407.0,675.0,72.0
11312.0,1751874315.8921156,0.040902140672782875,458.0,1330.0,74.0
11315.0,1751874315.972239,0.023098738711844168,577.0,473.0,74.0
11317.0,1751874316.0069015,0.0043208677800588135,1326.0,795.0,74.0
11321.0,1751874316.0692787,0.010856220443797745,1333.0,765.0,75.0
11331.0,1751874316.162234,0.0030904514607958708,808.0,349.0,75.0
11336.0,1751874316.2552898,0.012848966242261417,1402.0,823.0,73.0
11337.0,1751874316.2997124,0.004760625436569771,1404.0,1334.0,74.0
11343.0,1751874316.3544424,0.017864693446088795,3304.0,422.0,74.0
11344.0,1751874316.367387,0.011214407042793738,1361.0,811.0,75.0
11346.0,1751874316.4041798,0.0192918848753413,380.0,455.0,74.0
11347.0,1751874316.4115393,0.02140859558327172,257.0,951.0,73.0
11349.0,1751874316.456194,0.00527270086031109,1017.0,1331.0,73.0
11356.0,1751874316.5426822,0.11037955073586367,2783.0,324.0,74.0
11363.0,1751874316.666777,0.006447924276593717,1304.0,585.0,73.0
11364.0,1751874316.6718163,0.04169811320754717,1371.0,397.0,72.0
11372.0,1751874316.768472,0.052171678231817016,270.0,366.0,73.0
11374.0,1751874316.7858894,0.013059672417286144,1437.0,790.0,74.0
11377.0,1751874316.8145125,0.019208617415398026,1344.0,506.0,73.0
11378.0,1751874316.8159232,0.03540792115349516,1352.0,313.0,72.0
11379.0,1751874316.8208873,0.021250355753723554,1425.0,518.0,73.0
11382.0,1751874316.8271978,0.11651469098277609,730.0,1338.0,73.0
11385.0,1751874316.852531,0.05998286203941731,1183.0,853.0,72.0
11395.0,1751874317.0036795,0.011758989310009718,1357.0,1331.0,73.0
11398.0,1751874317.0741658,0.16527196652719664,320.0,602.0,74.0
11401.0,1751874317.102181,0.030482796385872046,1398.0,520.0,73.0
11403.0,1751874317.1061997,0.028164986775323468,1346.0,377.0,74.0
11410.0,1751874317.2432957,0.015320087430833153,717.0,468.0,77.0
11414.0,1751874317.2618847,0.033996553344822183,981.0,280.0,72.0
11415.0,1751874317.2678437,0.02509242507669315,563.0,382.0,72.0
11423.0,1751874317.348136,0.012290502793296089,687.0,1334.0,74.0
11427.0,1751874317.3778825,0.01302542406079837,750.0,894.0,74.0
11433.0,1751874317.430661,0.008722890843962171,1275.0,883.0,73.0
11437.0,1751874317.4898455,0.004470612398589669,1334.0,736.0,74.0
11441.0,1751874317.5944886,0.020252694165737644,624.0,473.0,74.0
11449.0,1751874317.6427917,0.01774742518675684,316.0,1334.0,75.0
11454.0,1751874317.6945913,0.0022294303948866626,1419.0,429.0,73.0
11456.0,1751874317.7095046,0.006510332318455658,1374.0,1334.0,73.0
11467.0,1751874317.825113,0.03622662066460868,1423.0,641.0,73.0
11484.0,1751874318.0966213,0.04415377944789709,483.0,530.0,74.0
11494.0,1751874318.1841538,0.0827688399661304,593.0,613.0,74.0
11495.0,1751874318.1930182,0.021690590111642743,1425.0,1340.0,75.0
11500.0,1751874318.2815611,0.0027824356446590134,1314.0,722.0,74.0
11512.0,1751874318.464643,0.23932926829268292,241.0,511.0,73.0
11522.0,1751874318.609008,0.005415176164110977,1558.0,276.0,73.0
11537.0,1751874318.748116,0.01806529313088735,1350.0,663.0,73.0
11538.0,1751874318.758989,0.00908093880236894,1434.0,417.0,73.0
11546.0,1751874318.823512,0.18763417775869473,681.0,1341.0,74.0
11554.0,1751874318.892305,0.03665294087743379,908.0,885.0,73.0
11557.0,1751874318.97186,0.01332339335550713,361.0,624.0,74.0
11563.0,1751874319.0411968,0.038432667767602464,1356.0,389.0,74.0
11567.0,1751874319.0905292,0.1828793774319066,1370.0,1338.0,74.0
11582.0,1751874319.2625923,0.023921869856249313,1372.0,733.0,74.0
11593.0,1751874319.373377,0.022310003338155113,482.0,211.0,73.0
11595.0,1751874319.3885725,0.07350133638793432,1410.0,569.0,73.0
11602.0,1751874319.4450355,0.022479175383210984,1413.0,208.0,73.0
11606.0,1751874319.502949,0.5315068493150685,507.0,197.0,72.0
11614.0,1751874319.5946035,0.0123913178166498,1397.0,489.0,73.0
11620.0,1751874319.6421359,0.024149757073449556,1386.0,719.0,73.0
11621.0,1751874319.6463022,0.023739709033494982,471.0,884.0,75.0
11624.0,1751874319.66379,0.012537431307380961,1362.0,2147.0,74.0
11630.0,1751874319.7212415,0.008564165914382096,1379.0,627.0,73.0
11637.0,1751874319.8367414,0.0151404526764785,773.0,664.0,74.0
11640.0,1751874319.8680801,0.017682218163705795,971.0,856.0,73.0
11641.0,1751874319.8869948,0.008069787319623913,1330.0,600.0,73.0
11645.0,1751874319.9010894,0.047810905183991406,1366.0,581.0,74.0
11656.0,1751874320.0117595,0.02007383479464698,1364.0,797.0,73.0
11659.0,1751874320.034491,0.015515869507559014,1264.0,936.0,73.0
11660.0,1751874320.04197,0.01922164964749771,851.0,334.0,72.0
11666.0,1751874320.1748583,0.038761641077271584,1279.0,483.0,74.0
11673.0,1751874320.2568393,0.03628501598044745,1356.0,379.0,73.0
11680.0,1751874320.321727,0.030396109298009854,622.0,435.0,71.0
11681.0,1751874320.3467371,0.008224199660015764,1407.0,468.0,74.0
11684.0,1751874320.373933,0.005466851787573759,1346.0,679.0,74.0
11686.0,1751874320.4033163,0.0032650197655122166,1378.0,1337.0,74.0
11688.0,1751874320.4370158,0.023630651550334655,791.0,1311.0,74.0
11710.0,1751874320.6610832,0.04577090951987731,1343.0,1016.0,73.0
11713.0,1751874320.697836,0.013148774819586578,820.0,605.0,73.0
11716.0,1751874320.7782497,0.009643774877815287,1391.0,464.0,73.0
11717.0,1751874320.8156645,0.005267991530396183,612.0,951.0,73.0
11723.0,1751874320.8540895,0.031286210892236384,1378.0,437.0,73.0
11725.0,1751874320.8685002,0.020101966496722506,1315.0,504.0,74.0
11728.0,1751874320.9592655,0.005242281954919847,1206.0,284.0,73.0
11737.0,1751874321.0464954,0.04203286205578907,1368.0,239.0,73.0
11742.0,1751874321.0984704,0.03741125068268706,608.0,853.0,73.0
11744.0,1751874321.16221,0.003479476185969995,1352.0,1335.0,74.0
11768.0,1751874321.4914517,0.03394053485410553,859.0,3666.0,74.0
11772.0,1751874321.5490594,0.0048746880952243105,1410.0,1267.0,74.0
11779.0,1751874321.6473258,0.042589501020218884,1318.0,872.0,74.0
11780.0,1751874321.6549287,0.019427076687507976,1385.0,438.0,74.0
11783.0,1751874321.7137027,0.00971534052268532,1380.0,1331.0,73.0
11784.0,1751874321.7629802,0.003828287759629932,350.0,224.0,74.0
11785.0,1751874321.7673013,0.026141218799190465,1386.0,835.0,74.0
11792.0,1751874321.8449526,0.010764185913886512,785.0,2597.0,246.0
11798.0,1751874321.9674463,0.017470320973178955,1349.0,1333.0,73.0
11804.0,1751874322.044916,0.01492658392147319,674.0,601.0,75.0
11806.0,1751874322.0612416,0.028787432498772705,1349.0,790.0,74.0
11807.0,1751874322.0653968,0.03788152973820726,1457.0,461.0,73.0
11811.0,1751874322.075948,0.03374233128834356,1365.0,800.0,73.0
11814.0,1751874322.1065981,0.016097443189440078,1377.0,535.0,73.0
11815.0,1751874322.1169517,0.014748176609990107,527.0,487.0,93.0
11817.0,1751874322.1314487,0.016733341936593968,1390.0,586.0,75.0
11826.0,1751874322.213824,0.00700942015148622,226.0,1333.0,73.0
11827.0,1751874322.2154589,0.03034257748776509,1340.0,1096.0,73.0
11830.0,1751874322.2269764,0.22979397781299524,1333.0,1319.0,74.0
11832.0,1751874322.2481365,0.010225841449575378,1353.0,715.0,74.0
11836.0,1751874322.2883396,0.01637678459532237,740.0,875.0,73.0
11842.0,1751874322.3394854,0.009988919853607763,1305.0,1339.0,73.0
11849.0,1751874322.438194,0.008008555133079848,1394.0,1339.0,74.0
11856.0,1751874322.4875557,0.013027800395486797,553.0,465.0,74.0
11859.0,1751874322.5235565,0.02027956003666361,1437.0,368.0,72.0
11863.0,1751874322.5551698,0.01990331431557859,420.0,233.0,73.0
11867.0,1751874322.5773163,0.10219298245614035,1413.0,1332.0,74.0
11869.0,1751874322.6130815,0.3576437587657784,900.0,1327.0,73.0
11872.0,1751874322.6219797,0.028561939554965127,1392.0,203.0,73.0
11875.0,1751874322.6286557,0.03451799704780288,1323.0,1328.0,73.0
11878.0,1751874322.6447098,0.045282447372406484,217.0,589.0,73.0
11879.0,1751874322.6488867,0.035066712281902154,579.0,260.0,73.0
11883.0,1751874322.685763,0.009832300662663572,1735.0,572.0,74.0
11886.0,1751874322.7079966,0.018199790673334108,1169.0,535.0,74.0
11902.0,1751874322.842719,0.007182126564510469,1392.0,231.0,74.0
11905.0,1751874323.0227294,0.003036148557360315,398.0,1347.0,73.0
11906.0,1751874323.0268567,0.03577064702788006,1313.0,366.0,74.0
11908.0,1751874323.0299678,0.10639455782312925,1376.0,1332.0,74.0
11910.0,1751874323.0641088,0.005828243706241621,795.0,1339.0,74.0
11911.0,1751874323.0703027,0.03743071900387214,1428.0,614.0,73.0
11915.0,1751874323.1202831,0.025424619156014707,454.0,395.0,74.0
11931.0,1751874323.3345566,0.030456671546399115,1362.0,773.0,73.0
11934.0,1751874323.3759098,0.02958984375,1395.0,409.0,74.0
11935.0,1751874323.3818913,0.01915140830962779,1261.0,848.0,73.0
11937.0,1751874323.4065533,0.00782318240418799,928.0,777.0,75.0
11942.0,1751874323.4402533,0.018183859018969583,1425.0,513.0,74.0
11944.0,1751874323.4574683,0.028227363690622478,228.0,1329.0,73.0
11947.0,1751874323.5040157,0.008779988724865847,1345.0,347.0,73.0
11954.0,1751874323.5811427,0.0033680295073768443,640.0,418.0,74.0
11955.0,1751874323.5936296,0.011606225503253548,720.0,342.0,74.0
11966.0,1751874323.7376664,0.006024714522347147,1424.0,1333.0,73.0
11970.0,1751874323.7619765,0.017417522906238107,1332.0,208.0,74.0
11972.0,1751874323.787539,0.021831022217640085,365.0,574.0,73.0
11975.0,1751874323.8087683,0.018932264564557915,1332.0,767.0,73.0
11977.0,1751874323.8371227,0.01086495521792281,436.0,781.0,74.0
11987.0,1751874323.9783986,0.033954840916866236,1344.0,231.0,74.0
11999.0,1751874324.0856848,0.12360594795539033,1371.0,413.0,72.0
12004.0,1751874324.1304333,0.007697332607512248,622.0,899.0,75.0
12007.0,1751874324.1517487,0.00772266739565002,372.0,803.0,73.0
12010.0,1751874324.2156603,0.02166789084129047,1331.0,659.0,73.0
12012.0,1751874324.2200696,0.02976772156656393,1364.0,722.0,74.0
12015.0,1751874324.2505443,0.008409754208335063,761.0,1334.0,74.0
12024.0,1751874324.3879173,0.013390679732186406,667.0,788.0,74.0
12025.0,1751874324.3941789,0.029860901118838826,1316.0,880.0,73.0
12026.0,1751874324.3980181,0.03941010354565422,998.0,882.0,74.0
12028.0,1751874324.406017,0.0976456009913259,275.0,857.0,74.0
12029.0,1751874324.4238122,0.008147999732852467,1386.0,230.0,114.0
12031.0,1751874324.4455485,0.009917050691244239,1377.0,534.0,73.0
12032.0,1751874324.45276,0.026949146992370412,1410.0,494.0,74.0
12034.0,1751874324.4711542,0.12916962384669978,1351.0,1338.0,74.0
12036.0,1751874324.4929345,0.009656626360045557,751.0,778.0,73.0
12043.0,1751874324.556108,0.02282415965593994,1389.0,977.0,74.0
12047.0,1751874324.6299496,0.0020761861912528354,521.0,490.0,74.0
12055.0,1751874324.6860518,0.37462235649546827,1348.0,606.0,74.0
12065.0,1751874324.774108,0.016798198454078837,402.0,1135.0,75.0
12068.0,1751874324.7910066,0.214170692431562,303.0,1340.0,72.0
12074.0,1751874324.8541608,0.013733046607192285,598.0,503.0,73.0
12083.0,1751874324.9941027,0.02335766423357664,823.0,938.0,73.0
12084.0,1751874325.0207574,0.007106635240339975,692.0,608.0,74.0
12086.0,1751874325.027404,0.021672223647088998,455.0,657.0,73.0
12090.0,1751874325.0547442,0.015343061859924222,1372.0,752.0,73.0
12093.0,1751874325.0661411,0.02870706920851569,1143.0,699.0,74.0
12097.0,1751874325.109708,0.01729359486003793,1411.0,1082.0,85.0
12102.0,1751874325.1713936,0.04952096553440338,1169.0,1319.0,75.0
12113.0,1751874325.2691538,0.00886117158727898,1383.0,839.0,97.0
12120.0,1751874325.3228517,0.022551960574244696,1290.0,546.0,74.0
12122.0,1751874325.3403463,0.014541339557252989,1398.0,848.0,74.0
12123.0,1751874325.3406436,0.4794520547945205,626.0,890.0,72.0
12125.0,1751874325.3501184,0.01999815401655232,1432.0,859.0,74.0
12126.0,1751874325.356328,0.02731068295859348,1338.0,790.0,75.0
12127.0,1751874325.3821704,0.00565138699072877,1390.0,726.0,72.0
12132.0,1751874325.4668157,0.0706251152498617,1422.0,823.0,73.0
12135.0,1751874325.4820116,0.016531459953723064,1390.0,876.0,73.0
12137.0,1751874325.4828877,0.0630952380952381,1379.0,350.0,72.0
12138.0,1751874325.4833288,0.12012480499219969,1459.0,854.0,74.0
12140.0,1751874325.5279462,0.0023849527729008953,1336.0,1054.0,73.0
12153.0,1751874325.7089515,0.03136576932575945,501.0,663.0,73.0
12158.0,1751874325.7619116,0.010876754611596972,291.0,781.0,74.0
12159.0,1751874325.7693076,0.030155238914921424,1362.0,346.0,83.0
12169.0,1751874325.8377535,0.028548713501011853,263.0,2873.0,75.0
12179.0,1751874325.964496,0.030106201403375686,1302.0,920.0,73.0
12186.0,1751874326.0218918,0.07787448465414568,1314.0,1329.0,73.0
12187.0,1751874326.026085,0.035789357229782055,1867.0,554.0,73.0
12192.0,1751874326.0653713,0.06791201117318436,281.0,377.0,75.0
12193.0,1751874326.0763109,0.015511087074094106,1416.0,241.0,73.0
12194.0,1751874326.077082,0.06946508172362556,1358.0,602.0,74.0
12196.0,1751874326.090087,0.004903385855766808,3355.0,264.0,73.0
12200.0,1751874326.1479468,0.03339614740368509,1218.0,691.0,74.0
12201.0,1751874326.195459,0.003291602900223287,1369.0,216.0,72.0
12202.0,1751874326.2105134,0.013169738026434223,1407.0,770.0,73.0
12205.0,1751874326.2361739,0.030849473650733074,1073.0,1333.0,74.0
12217.0,1751874326.3249571,0.017624395442249363,1340.0,1331.0,73.0
12218.0,1751874326.329893,0.02965363777089783,1431.0,1287.0,74.0
12219.0,1751874326.334568,0.03101724313845526,520.0,867.0,74.0
12224.0,1751874326.4396474,0.006202489974262286,1356.0,719.0,73.0
12232.0,1751874326.5626042,0.05372389334033889,1510.0,559.0,73.0
12245.0,1751874326.7263255,0.013858361584025631,1350.0,861.0,73.0
12249.0,1751874326.7488086,0.027546212395795577,441.0,267.0,74.0
12251.0,1751874326.7715168,0.009152578873694412,1371.0,1280.0,74.0
12252.0,1751874326.780076,0.017273772468523036,1387.0,277.0,73.0
12253.0,1751874326.7835977,0.026826248452331822,1453.0,769.0,88.0
12264.0,1751874326.8543239,0.01236003181790369,471.0,1485.0,73.0
12281.0,1751874327.1448178,0.049765567162951385,894.0,698.0,74.0
12283.0,1751874327.1491072,0.025649371785691037,1274.0,1092.0,73.0
12288.0,1751874327.266837,0.021099531406037948,1348.0,1334.0,73.0
12289.0,1751874327.2791514,0.02109216989309448,415.0,646.0,74.0
12290.0,1751874327.282707,0.04427533725354549,563.0,2809.0,74.0
12292.0,1751874327.3100317,0.008327711037489804,1381.0,801.0,74.0
12297.0,1751874327.4081473,0.00926710678918726,942.0,1936.0,73.0
12298.0,1751874327.410882,0.05644302449414271,896.0,1081.0,74.0
12303.0,1751874327.4318166,0.010525070955534531,1339.0,271.0,125.0
12305.0,1751874327.4432585,0.023615811073511413,1396.0,863.0,73.0
12308.0,1751874327.4591913,0.014123493385061355,571.0,359.0,72.0
12317.0,1751874327.5461655,0.013665738237997887,1368.0,354.0,82.0
12319.0,1751874327.572677,0.010124244459368704,903.0,220.0,72.0
12322.0,1751874327.6033278,0.021429980060039003,590.0,479.0,73.0
12323.0,1751874327.6039736,0.08994145822245875,1420.0,239.0,71.0
12328.0,1751874327.670048,0.012062066384546736,1274.0,717.0,74.0
12334.0,1751874327.7266629,0.009602134297588993,1329.0,382.0,73.0
12337.0,1751874327.736296,0.04212637913741224,1328.0,1344.0,73.0
12343.0,1751874327.833803,0.013227372126513414,1380.0,896.0,73.0
12344.0,1751874327.8536112,0.0071881047684300365,1015.0,529.0,378.0
12346.0,1751874327.8944843,0.0070436519524816315,592.0,349.0,73.0
12347.0,1751874327.8964612,0.0486687306501548,1372.0,618.0,74.0
12348.0,1751874327.9031646,0.02148906139731828,1208.0,863.0,75.0
12353.0,1751874328.0122366,0.06560876020786933,1439.0,661.0,74.0
12359.0,1751874328.085405,0.0096051227321238,933.0,1330.0,73.0
12361.0,1751874328.1066384,0.02117309710950101,288.0,667.0,73.0
12365.0,1751874328.1686788,0.007880498706186779,271.0,518.0,74.0
12375.0,1751874328.3355095,0.02761435505221356,775.0,1336.0,74.0
12380.0,1751874328.3770912,0.18534031413612564,709.0,569.0,75.0
12384.0,1751874328.3991528,0.032302945980279475,476.0,1334.0,74.0
12388.0,1751874328.4552658,0.03763295718373738,1030.0,295.0,72.0
12391.0,1751874328.5065053,0.013075512816078038,679.0,730.0,73.0
12401.0,1751874328.6526363,0.035406354782053326,1418.0,747.0,73.0
12402.0,1751874328.670176,0.014120040691759919,904.0,780.0,73.0
12410.0,1751874328.7339122,0.0083328860501315,1388.0,817.0,73.0
12411.0,1751874328.7529027,0.010491786858974358,1349.0,220.0,71.0
12413.0,1751874328.7669077,0.14743589743589744,648.0,911.0,76.0
12414.0,1751874328.7736287,0.021614637893707662,1150.0,649.0,73.0
12416.0,1751874328.8099077,0.01343345848977889,1321.0,857.0,74.0
12419.0,1751874328.84045,0.020694633833319966,446.0,215.0,72.0
12421.0,1751874328.8463464,0.034053586862575626,2691.0,561.0,74.0
12426.0,1751874328.9596152,0.0029558667723181297,569.0,204.0,71.0
12427.0,1751874328.9655166,0.03236817798481988,471.0,369.0,73.0
12448.0,1751874329.114311,0.0940600608546104,1429.0,467.0,74.0
12449.0,1751874329.1362164,0.010666579858285317,1442.0,345.0,73.0
12451.0,1751874329.159672,0.017989935415520648,693.0,651.0,73.0
12457.0,1751874329.2673419,0.019152054171509423,1323.0,1337.0,73.0
12466.0,1751874329.3377874,0.019774742701792997,1362.0,272.0,73.0
12474.0,1751874329.4306343,0.005652915151055004,1408.0,298.0,72.0
12477.0,1751874329.4764335,0.05132743362831858,723.0,666.0,73.0
12478.0,1751874329.4816334,0.03840859642111807,1387.0,478.0,74.0
12482.0,1751874329.529444,0.01068678832989057,1402.0,297.0,72.0
12487.0,1751874329.5637677,0.008363586232250355,1407.0,747.0,74.0
12488.0,1751874329.5726225,0.02254670388662229,1370.0,871.0,73.0
12489.0,1751874329.591268,0.010311124756933784,720.0,615.0,73.0
12494.0,1751874329.7115812,0.009132666846798162,626.0,1636.0,152.0
12499.0,1751874329.787168,0.03066569315259833,363.0,1192.0,74.0
12500.0,1751874329.793884,0.02981667736643127,1338.0,1339.0,74.0
12513.0,1751874329.9770226,0.23047304730473048,1434.0,811.0,74.0
12516.0,1751874330.01898,0.1897410358565737,393.0,1334.0,74.0
12521.0,1751874330.0854404,0.023225447978885955,1411.0,756.0,73.0
12524.0,1751874330.1690958,0.010485157995531439,1379.0,388.0,73.0
12525.0,1751874330.1826067,0.008286852589641434,1243.0,867.0,74.0
12533.0,1751874330.2748952,0.05273833671399594,632.0,1333.0,75.0
12542.0,1751874330.3679228,0.00804357017738136,801.0,253.0,73.0
12543.0,1751874330.388342,0.011384027405560345,1301.0,428.0,73.0
12549.0,1751874330.4475238,0.052725876631686715,568.0,1332.0,74.0
12552.0,1751874330.4558992,0.04064591815609689,723.0,775.0,73.0
12554.0,1751874330.484638,0.026437084348455916,472.0,628.0,74.0
12557.0,1751874330.5387974,0.01767805541390447,1354.0,608.0,73.0
12567.0,1751874330.6663182,0.02732455983074551,1369.0,894.0,75.0
12572.0,1751874330.7204425,0.01568177843415402,335.0,861.0,-396.0
12576.0,1751874330.7436333,0.011970721764106365,1349.0,1246.0,74.0
12585.0,1751874330.8134143,0.025549310168625446,614.0,1219.0,-4.0
12588.0,1751874330.8466525,0.010423563364739836,865.0,602.0,73.0
12601.0,1751874330.995423,0.03191661279896574,699.0,452.0,73.0
12608.0,1751874331.099765,0.011310686908161732,651.0,239.0,72.0
12609.0,1751874331.1117678,0.015846951291892532,749.0,312.0,71.0
12614.0,1751874331.2087452,0.00704082242543781,1344.0,485.0,73.0
12620.0,1751874331.2468717,0.020494624794788963,1321.0,319.0,73.0
12628.0,1751874331.389939,0.016873439054600092,451.0,292.0,73.0
12632.0,1751874331.4256318,0.014485836336300503,1457.0,772.0,73.0
12641.0,1751874331.5296242,0.006083510677331768,417.0,432.0,74.0
12646.0,1751874331.5841956,0.00825041252062603,1395.0,558.0,74.0
12649.0,1751874331.6095192,0.011282649166024183,1351.0,528.0,73.0
12651.0,1751874331.6446812,0.007226764669572567,689.0,452.0,73.0
12652.0,1751874331.6533263,0.018472429622255405,1315.0,713.0,73.0
12669.0,1751874331.8026543,0.023979591836734693,304.0,428.0,73.0
12671.0,1751874331.8181882,0.01340681932506616,1351.0,1328.0,74.0
12673.0,1751874331.8513105,0.005699486138948688,1388.0,1340.0,74.0
12677.0,1751874331.906718,0.037049801826641394,1435.0,1334.0,74.0
12682.0,1751874331.9900703,0.004869270667936911,571.0,604.0,455.0
12688.0,1751874332.0995724,0.022009846510280914,1370.0,443.0,72.0
12691.0,1751874332.1200392,0.04102182874907076,1443.0,384.0,74.0
12694.0,1751874332.1668484,0.014217674243138734,382.0,1340.0,74.0
12696.0,1751874332.2232628,0.010801207027834964,1325.0,214.0,73.0
12698.0,1751874332.229037,0.03915046059365404,1362.0,1337.0,73.0
12712.0,1751874332.378191,0.011938357500487677,853.0,652.0,72.0
12714.0,1751874332.386332,0.27631578947368424,1406.0,680.0,73.0
12717.0,1751874332.425175,0.05978327042493608,2633.0,1014.0,73.0
12732.0,1751874332.576946,0.009225364586408455,1023.0,1337.0,74.0
12741.0,1751874332.6899734,0.02191229717044388,1343.0,542.0,73.0
12745.0,1751874332.7243838,0.028018088871411717,846.0,1234.0,74.0
12750.0,1751874332.7559433,0.011350883970785732,1377.0,1332.0,74.0
12759.0,1751874332.875042,0.007631795233063285,1388.0,504.0,73.0
12764.0,1751874332.9046469,0.0025316034043403675,801.0,1337.0,74.0
12770.0,1751874333.0232246,0.008518932967548642,198.0,2534.0,410.0
12779.0,1751874333.1341996,0.02118993356931581,484.0,434.0,71.0
12782.0,1751874333.1883745,0.008567389056532107,1326.0,1042.0,73.0
12783.0,1751874333.195253,0.0136986301369863,355.0,442.0,78.0
12784.0,1751874333.2248943,0.0065564835446690495,1334.0,1172.0,74.0
12788.0,1751874333.2368221,0.038878266411727216,456.0,345.0,74.0
12794.0,1751874333.3116267,0.029233630597548764,1406.0,741.0,74.0
12797.0,1751874333.3896184,0.0025540332441647434,1341.0,939.0,73.0
12801.0,1751874333.5509677,0.004733964910272189,1276.0,696.0,73.0
12803.0,1751874333.581617,0.011634218716074401,485.0,1108.0,74.0
12806.0,1751874333.6098328,0.17576028622540252,516.0,1335.0,-68.0
12808.0,1751874333.624396,0.032329988851727984,856.0,681.0,73.0
12811.0,1751874333.6360078,0.4072072072072072,1374.0,817.0,74.0
12816.0,1751874333.6936848,0.015660086306211313,1412.0,299.0,73.0
12819.0,1751874333.746554,0.010505929937615685,1480.0,617.0,74.0
12825.0,1751874333.839163,0.012454438906276162,1343.0,1339.0,73.0
12828.0,1751874333.959331,0.004389711666145089,1350.0,838.0,74.0
12834.0,1751874334.0021758,0.021384973433451894,1369.0,589.0,88.0
12842.0,1751874334.1000574,0.004345274373038983,1457.0,612.0,73.0
12846.0,1751874334.1512127,0.025692060174818794,1398.0,1333.0,73.0
12856.0,1751874334.2851331,0.004219387384395014,1395.0,603.0,73.0
12870.0,1751874334.4665182,0.030989212293914107,599.0,458.0,73.0
12883.0,1751874334.5902247,0.012201970694848624,1323.0,1332.0,74.0
12887.0,1751874334.6325965,0.013874800130667263,1417.0,934.0,74.0
12890.0,1751874334.6599348,0.014153245485602733,398.0,329.0,73.0
12893.0,1751874334.6759694,0.028765941125707163,1407.0,468.0,73.0
12903.0,1751874334.7904856,0.00625525544002133,1360.0,931.0,74.0
12905.0,1751874334.8047724,0.010231155778894472,240.0,817.0,73.0
12907.0,1751874334.8622906,0.019128933231005372,934.0,386.0,74.0
12911.0,1751874334.8926284,0.009412913122298146,1352.0,496.0,74.0
12913.0,1751874334.9012446,0.0473901522154434,1346.0,476.0,73.0
12919.0,1751874335.0220225,0.014110481346755773,1396.0,903.0,73.0
12925.0,1751874335.0636702,0.08130252100840336,484.0,880.0,74.0
12926.0,1751874335.06614,0.04215074411905905,1357.0,339.0,73.0
12928.0,1751874335.0884118,0.01055317747777412,1384.0,883.0,74.0
12929.0,1751874335.088686,0.29929078014184396,4104.0,261.0,72.0
12933.0,1751874335.1400032,0.004454445968649332,570.0,250.0,73.0
12934.0,1751874335.1522837,0.0071525489435937195,577.0,774.0,72.0
12937.0,1751874335.1997433,0.0025807359789787325,477.0,800.0,73.0
12938.0,1751874335.2182832,0.00225178856348757,571.0,205.0,148.0
12950.0,1751874335.3573072,0.013248717725810658,1344.0,944.0,74.0
12958.0,1751874335.4557872,0.01629365308424947,1647.0,967.0,75.0
12969.0,1751874335.5879767,0.017320120637656183,793.0,578.0,74.0
12981.0,1751874335.716564,0.00846580096272249,1393.0,1325.0,73.0
12982.0,1751874335.74657,0.0065040650406504065,1445.0,908.0,74.0
12991.0,1751874335.8527439,0.00799818802112088,1386.0,422.0,73.0
12992.0,1751874335.8619366,0.02180460805766508,1332.0,974.0,74.0
12994.0,1751874335.8721936,0.03702857142857143,1359.0,681.0,73.0
12997.0,1751874335.8888948,0.026355638880876837,842.0,263.0,71.0
12999.0,1751874335.960338,0.05277777777777778,284.0,1059.0,74.0
13000.0,1751874335.9636312,0.027295462665237583,852.0,645.0,74.0
13005.0,1751874335.996232,0.2222222222222222,1457.0,578.0,96.0
13016.0,1751874336.136642,0.005280316654759265,1409.0,1333.0,73.0
13018.0,1751874336.1465712,0.06282527881040892,1363.0,504.0,74.0
13032.0,1751874336.2758057,0.035482156726484894,1362.0,1330.0,74.0
13034.0,1751874336.2903852,0.026395221886840924,1476.0,826.0,73.0
13038.0,1751874336.3668337,0.011296033994334277,608.0,300.0,73.0
13040.0,1751874336.3907652,0.006794355458542134,1304.0,309.0,72.0
13042.0,1751874336.4203506,0.007807544911249475,1405.0,1335.0,73.0
13046.0,1751874336.4751294,0.01566301134024477,1380.0,1334.0,74.0
13052.0,1751874336.5094407,0.12011615628299895,1382.0,639.0,74.0
13053.0,1751874336.515701,0.03314482603647803,1267.0,786.0,73.0
13063.0,1751874336.7120533,0.0031336939322170626,763.0,541.0,74.0
13078.0,1751874336.9592848,0.005320124747752706,1416.0,1334.0,73.0
13079.0,1751874336.9628048,0.029804653835104854,1379.0,245.0,72.0
13088.0,1751874337.1229699,0.006479921198948234,385.0,796.0,73.0
13091.0,1751874337.167823,0.14408233276157806,416.0,1331.0,74.0
13094.0,1751874337.1874607,0.037766727513060996,1356.0,704.0,73.0
13099.0,1751874337.2438605,0.006573600420710427,1300.0,273.0,73.0
13116.0,1751874337.3867183,0.007530499454784383,1381.0,1333.0,73.0
13122.0,1751874337.4411163,0.06236734693877551,577.0,1339.0,73.0
13125.0,1751874337.4632246,0.009258395087077445,1346.0,974.0,74.0
13126.0,1751874337.4762144,0.00997615991197506,1251.0,271.0,72.0
13131.0,1751874337.4992998,0.026737047449652877,809.0,213.0,72.0
13144.0,1751874337.6254692,0.022821816501039982,233.0,530.0,74.0
13150.0,1751874337.6908255,0.007600954582182386,1406.0,1332.0,73.0
13151.0,1751874337.7078345,0.009465760350542104,1381.0,682.0,74.0
13153.0,1751874337.7204094,0.017684791079671483,777.0,911.0,74.0
13154.0,1751874337.729422,0.01584111284478883,1335.0,1032.0,74.0
13161.0,1751874337.8429582,0.012603591160220995,1435.0,231.0,74.0
13163.0,1751874337.8613906,0.02694403468103682,1384.0,1334.0,74.0
13167.0,1751874337.8805604,0.024180837826627954,1400.0,682.0,74.0
13177.0,1751874338.0522778,0.024209402909621973,1334.0,1335.0,73.0
13179.0,1751874338.0565112,0.04103967168262654,232.0,223.0,73.0
13180.0,1751874338.0626538,0.022750696644653966,1368.0,236.0,72.0
13187.0,1751874338.1657445,0.006788088948500487,1325.0,284.0,72.0
13188.0,1751874338.1676476,0.07661498708010336,1355.0,742.0,73.0
13189.0,1751874338.17579,0.01727722627309731,1406.0,197.0,73.0
13192.0,1751874338.190962,0.12668037324055037,1389.0,680.0,73.0
13200.0,1751874338.280571,0.10956696878147029,238.0,782.0,73.0
13204.0,1751874338.333366,0.0028224389386751012,1377.0,551.0,73.0
13212.0,1751874338.4030356,0.011843488102616616,1356.0,384.0,72.0
13213.0,1751874338.4088073,0.03646951924665455,1387.0,204.0,72.0
13216.0,1751874338.4415207,0.0055577610162763,1314.0,857.0,73.0
13220.0,1751874338.4988222,0.01487673018672597,1380.0,769.0,74.0
13229.0,1751874338.6107774,0.03639281129653402,607.0,1334.0,75.0
13230.0,1751874338.613934,0.030082669932639316,459.0,524.0,73.0
13245.0,1751874338.8422084,0.2212138400453772,680.0,934.0,73.0
13250.0,1751874338.896341,0.04520971302428256,1219.0,828.0,73.0
13258.0,1751874339.032983,0.02494585396039604,485.0,687.0,74.0
13262.0,1751874339.0634623,0.01070399341292713,606.0,698.0,73.0
13266.0,1751874339.0694501,0.030440798576793833,850.0,1327.0,73.0
13268.0,1751874339.098807,0.014833183047790802,1245.0,1079.0,73.0
13272.0,1751874339.1543248,0.0064402475434402135,1381.0,1340.0,74.0
13297.0,1751874339.434911,0.02864501539041397,771.0,1337.0,74.0
13322.0,1751874339.6666477,0.012249293310001345,1393.0,1171.0,73.0
13325.0,1751874339.7265491,0.007640746700362294,443.0,590.0,-414.0
13328.0,1751874339.7729914,0.015240621637178108,1397.0,359.0,72.0
13333.0,1751874339.8698235,0.01863839770604336,1225.0,726.0,73.0
13341.0,1751874339.9986181,0.014720829974413796,1370.0,3042.0,74.0
13343.0,1751874340.0392988,0.0066539859609696,2687.0,588.0,74.0
13344.0,1751874340.0446298,0.027527527527527528,1382.0,748.0,73.0
13348.0,1751874340.1097844,0.010640704228007012,370.0,380.0,74.0
13356.0,1751874340.2005541,0.010187907607051678,1462.0,1340.0,74.0
13362.0,1751874340.241029,0.00993905297702766,1404.0,647.0,74.0
13370.0,1751874340.3113232,0.2332185886402754,587.0,2808.0,74.0
13373.0,1751874340.3324664,0.03573240151045483,904.0,690.0,72.0
13374.0,1751874340.358245,0.009144458476599589,1369.0,469.0,73.0
13376.0,1751874340.3715878,0.03179977916820022,1415.0,854.0,73.0
13381.0,1751874340.4111915,0.014757544344621055,1461.0,626.0,73.0
13389.0,1751874340.482976,0.040587891765621956,1058.0,883.0,73.0
13395.0,1751874340.5264478,0.010444369227793626,808.0,238.0,72.0
13397.0,1751874340.5609763,0.012646203170456569,525.0,1341.0,75.0
13399.0,1751874340.587662,0.005458082645819073,1386.0,1341.0,74.0
13409.0,1751874340.66209,0.0530989010989011,1404.0,480.0,105.0
13411.0,1751874340.67371,0.032433770735330526,3914.0,593.0,74.0
13416.0,1751874340.7382193,0.03380956606619931,707.0,1332.0,73.0
13417.0,1751874340.757844,0.007534005983599608,1329.0,1334.0,74.0
13420.0,1751874340.8008177,0.004909944241646275,1312.0,249.0,73.0
13421.0,1751874340.8170476,0.00923790920706722,236.0,909.0,74.0
13428.0,1751874340.893668,0.02188628950229736,1364.0,693.0,73.0
13431.0,1751874340.959342,0.003988317933883968,1334.0,666.0,74.0
13434.0,1751874340.9916155,0.012926585008859102,1395.0,1335.0,74.0
13439.0,1751874341.0604305,0.005220148645769361,1384.0,445.0,73.0
13440.0,1751874341.0686424,0.02390218401486989,1331.0,760.0,73.0
13459.0,1751874341.2414024,0.014825796886582653,1311.0,361.0,73.0
13461.0,1751874341.3111699,0.004688462305803978,494.0,555.0,74.0
13464.0,1751874341.34058,0.03681527152003794,1369.0,213.0,128.0
13465.0,1751874341.3617542,0.009167509268621503,1377.0,2664.0,74.0
13468.0,1751874341.3989017,0.02153914634749493,257.0,434.0,74.0
13471.0,1751874341.4269536,0.06576441102756893,1409.0,499.0,73.0
13474.0,1751874341.4442668,0.02324135622399694,847.0,749.0,72.0
13483.0,1751874341.5931194,0.01263258480649785,1389.0,1337.0,73.0
13503.0,1751874341.7382858,0.04131455399061033,1401.0,234.0,73.0
13504.0,1751874341.757233,0.011877764273990453,1035.0,404.0,74.0
13513.0,1751874341.8540955,0.00788301024678233,1319.0,761.0,74.0
13517.0,1751874341.9045079,0.031114253965046974,220.0,2925.0,74.0
13518.0,1751874341.9592843,0.004967843634516091,1330.0,197.0,74.0
13522.0,1751874341.980199,0.025028674422415204,351.0,269.0,74.0
13525.0,1751874342.0060017,0.025858362508445427,366.0,753.0,74.0
13527.0,1751874342.0657787,0.05866538646183389,733.0,554.0,74.0
13528.0,1751874342.0708404,0.029145870609285245,1387.0,827.0,74.0
13530.0,1751874342.1165164,0.00771428305556331,443.0,500.0,74.0
13533.0,1751874342.187509,0.009185799131282688,544.0,299.0,72.0
13534.0,1751874342.1908736,0.043853964139122924,1366.0,744.0,73.0
13546.0,1751874342.366273,0.02877160741974387,1371.0,839.0,73.0
13551.0,1751874342.4211223,0.049830672472181904,1317.0,1342.0,73.0
13554.0,1751874342.4456444,0.009955140416641061,1328.0,1333.0,73.0
13572.0,1751874342.6545968,0.08556962025316456,1377.0,706.0,74.0
13584.0,1751874342.7859366,0.0075147232037691405,1378.0,195.0,72.0
13592.0,1751874342.8363059,0.014822422170787412,1389.0,632.0,73.0
13603.0,1751874342.892817,0.07721518987341772,1274.0,503.0,75.0
13604.0,1751874342.897118,0.035327729245645846,1343.0,243.0,-876.0
13609.0,1751874343.0486367,0.0016119309097580793,1391.0,658.0,73.0
13612.0,1751874343.0744483,0.02671900721793086,1327.0,313.0,73.0
13631.0,1751874343.312496,0.00556985169634997,367.0,245.0,73.0
13632.0,1751874343.3129456,0.2397003745318352,245.0,465.0,72.0
13638.0,1751874343.40192,0.006625067406209075,768.0,1331.0,74.0
13643.0,1751874343.4309773,0.013082102871977933,562.0,445.0,-176.0
13647.0,1751874343.4573028,0.011062408682947193,841.0,1331.0,74.0
13651.0,1751874343.473427,0.04766391833529643,1410.0,465.0,74.0
13652.0,1751874343.483087,0.015467350815304537,1322.0,499.0,74.0
13655.0,1751874343.5067496,0.005816839362164174,200.0,898.0,74.0
13659.0,1751874343.544726,0.009499434744378846,1414.0,1068.0,74.0
13660.0,1751874343.575616,0.0030460934238399334,242.0,211.0,72.0
13665.0,1751874343.5921886,0.012377138696760102,1425.0,571.0,74.0
13667.0,1751874343.6413891,0.010098072186218995,957.0,1335.0,74.0
13677.0,1751874343.7526395,0.005746495369862011,822.0,813.0,73.0
13678.0,1751874343.7693934,0.0077235482721767015,1331.0,890.0,74.0
13680.0,1751874343.7940683,0.00894659621176185,1455.0,791.0,74.0
13693.0,1751874343.8888743,0.08619929453262787,446.0,878.0,73.0
13696.0,1751874343.899633,0.017808093755722395,1342.0,459.0,73.0
13697.0,1751874343.9011667,0.03498961495446557,1306.0,689.0,74.0
13703.0,1751874344.0051696,0.041232082952119546,460.0,500.0,73.0
13709.0,1751874344.105996,0.003082661786958511,1423.0,349.0,115.0
13715.0,1751874344.133596,0.011198012352807377,1340.0,833.0,73.0
13727.0,1751874344.2860954,0.021989408243149898,2291.0,526.0,165.0
13729.0,1751874344.3145957,0.5042134831460674,301.0,481.0,72.0
13738.0,1751874344.3815112,0.011779592082668032,1170.0,341.0,73.0
13739.0,1751874344.389122,0.025659479926150766,1426.0,602.0,73.0
13754.0,1751874344.6211596,0.007403594900625544,1350.0,262.0,72.0
13761.0,1751874344.6984344,0.011762685670129646,1411.0,1335.0,74.0
13762.0,1751874344.698969,0.19886069394096323,347.0,1334.0,75.0
13769.0,1751874344.7417078,0.012019195055638919,1332.0,662.0,74.0
13775.0,1751874344.8033857,0.022618555483375657,1394.0,651.0,73.0
13777.0,1751874344.848543,0.0037607858988102563,586.0,681.0,74.0
13789.0,1751874345.0085363,0.04420172995162,2336.0,1329.0,74.0
13791.0,1751874345.0259411,0.015327564894932014,1254.0,1334.0,73.0
13793.0,1751874345.033021,0.02511356262167424,297.0,529.0,74.0
13799.0,1751874345.0739613,0.023349531824108094,481.0,1331.0,73.0
13801.0,1751874345.083276,0.03175239367624137,638.0,346.0,72.0
13807.0,1751874345.170196,0.017340840190558683,1325.0,349.0,73.0
13819.0,1751874345.3540814,0.028962079881457534,376.0,660.0,73.0
13820.0,1751874345.3562632,0.07386966673742305,523.0,273.0,73.0
13823.0,1751874345.422644,0.020542481053051457,208.0,989.0,73.0
13825.0,1751874345.4241755,0.02146916438644496,3637.0,1331.0,74.0
13828.0,1751874345.4841392,0.03805410320527393,1342.0,589.0,73.0
13832.0,1751874345.5522625,0.01416719601162634,654.0,542.0,73.0
13834.0,1751874345.566805,0.01907878061706491,379.0,844.0,73.0
13843.0,1751874345.678804,0.025994740699228348,1377.0,852.0,73.0
13850.0,1751874345.762729,0.015631136595711255,226.0,886.0,73.0
13851.0,1751874345.7801843,0.01308655061355946,625.0,381.0,72.0
13857.0,1751874345.8461456,0.07692791942083727,1374.0,1476.0,-95.0
13858.0,1751874345.861056,0.013513730915877025,1423.0,905.0,74.0
13862.0,1751874345.9595776,0.002707683906345992,485.0,1331.0,73.0
13865.0,1751874345.9951963,0.022428728933690346,1325.0,671.0,74.0
13866.0,1751874346.0079696,0.013457518291772436,1019.0,727.0,73.0
13869.0,1751874346.0545118,0.008781335106040787,1426.0,311.0,73.0
13872.0,1751874346.0675855,0.042960771885344036,853.0,594.0,73.0
13875.0,1751874346.0879729,0.012111024911645547,271.0,197.0,73.0
13877.0,1751874346.095879,0.02687579856368683,1439.0,669.0,74.0
13879.0,1751874346.1276388,0.03510989010989011,423.0,821.0,74.0
13890.0,1751874346.2394338,0.015495920775822259,1328.0,904.0,74.0
13897.0,1751874346.452657,0.01275329754920318,1397.0,586.0,73.0
13903.0,1751874346.524913,0.016585660543152924,1381.0,1239.0,74.0
13910.0,1751874346.615676,0.05108449878569634,610.0,323.0,75.0
13917.0,1751874346.6995513,0.011394292205026267,417.0,705.0,72.0
13923.0,1751874346.7818186,0.0026142720698594623,1400.0,755.0,74.0
13924.0,1751874346.7904756,0.017490473449022673,1451.0,492.0,74.0
13925.0,1751874346.7943244,0.03058926560740648,629.0,1336.0,74.0
13928.0,1751874346.827578,0.013706483218678341,229.0,2532.0,181.0
13938.0,1751874347.012274,0.0061543607325027175,1318.0,765.0,74.0
13943.0,1751874347.0788698,0.016503904026952582,3373.0,1340.0,-721.0
13945.0,1751874347.1040955,0.004889269165379529,852.0,628.0,74.0
13946.0,1751874347.1151645,0.008516418360966775,973.0,1337.0,73.0
13950.0,1751874347.1434402,0.030401836969001148,889.0,220.0,71.0
13951.0,1751874347.179742,0.00409927605733731,1412.0,522.0,73.0
13954.0,1751874347.1965299,0.02687486254673411,530.0,486.0,78.0
13955.0,1751874347.20454,0.021100427350427352,1400.0,733.0,73.0
13957.0,1751874347.2231882,0.2144188937228092,1403.0,878.0,73.0
13962.0,1751874347.2726963,0.004212070213706152,1266.0,599.0,73.0
13968.0,1751874347.306277,0.2132904608788853,696.0,2371.0,74.0
13972.0,1751874347.3205674,0.018421359449691033,1351.0,888.0,73.0
13973.0,1751874347.3365035,0.005858588870171882,1299.0,1326.0,74.0
13978.0,1751874347.3656347,0.13066048155511376,609.0,1029.0,-677.0
13983.0,1751874347.415217,0.037744306975076206,621.0,210.0,73.0
13984.0,1751874347.415342,0.6463878326996197,1413.0,728.0,73.0
13988.0,1751874347.4551392,0.02731851383065686,790.0,427.0,73.0
13992.0,1751874347.5040665,0.5604166666666667,1389.0,375.0,73.0
14006.0,1751874347.6355078,0.2700074794315632,4256.0,843.0,73.0
14014.0,1751874347.7885067,0.003910622341616298,1313.0,465.0,73.0
14015.0,1751874347.7916682,0.01292633546176608,233.0,667.0,74.0
14018.0,1751874347.8046706,0.006655827659790671,794.0,235.0,73.0
14040.0,1751874348.0763943,0.01056096061340374,1395.0,436.0,73.0
14047.0,1751874348.164453,0.00981618541297474,1365.0,374.0,73.0
14049.0,1751874348.1781993,0.07146845337800112,1319.0,1334.0,73.0
14060.0,1751874348.2976956,0.01340607699240376,578.0,785.0,73.0
14063.0,1751874348.335654,0.010620872773668511,1331.0,750.0,74.0
14068.0,1751874348.3579326,0.023928529261285372,444.0,1337.0,73.0
14069.0,1751874348.360442,0.0417673789036063,846.0,1337.0,73.0
14070.0,1751874348.3628252,0.036671368124118475,492.0,930.0,73.0
14076.0,1751874348.421506,0.008564684255603602,1284.0,643.0,73.0
14081.0,1751874348.4667153,0.006090179492161229,1398.0,248.0,73.0
14086.0,1751874348.55165,0.009926429517562759,1338.0,523.0,73.0
14101.0,1751874348.750075,0.011947106899454234,677.0,459.0,74.0
14102.0,1751874348.762503,0.01260456055918414,1381.0,739.0,74.0
14106.0,1751874348.7976065,0.023048327137546468,836.0,1014.0,74.0
14107.0,1751874348.8108091,0.0035327409383392513,242.0,559.0,73.0
14112.0,1751874348.8589628,0.002740860070703003,1455.0,331.0,73.0
14116.0,1751874348.8889112,0.0030025156211961374,337.0,246.0,72.0
14119.0,1751874348.8982968,0.017420862545145528,822.0,351.0,73.0
14120.0,1751874348.9590604,0.003200087630761527,752.0,380.0,73.0
14121.0,1751874348.9631813,0.025467898602226962,571.0,717.0,72.0
14124.0,1751874348.9813895,0.025630856179663875,1408.0,841.0,73.0
14125.0,1751874349.0110855,0.0046577594404241945,1402.0,1205.0,74.0
14127.0,1751874349.040197,0.028069153069153068,740.0,541.0,73.0
14130.0,1751874349.0858958,0.31935975609756095,653.0,884.0,74.0
14140.0,1751874349.2242239,0.007729444739409056,1331.0,559.0,73.0
14142.0,1751874349.2526312,0.0072041925358481175,1369.0,541.0,73.0
14145.0,1751874349.2854445,0.005937906463835322,1345.0,528.0,72.0
14146.0,1751874349.2896304,0.01193840475229252,1359.0,302.0,74.0
14149.0,1751874349.3086267,0.01719876626427273,1626.0,491.0,74.0
14152.0,1751874349.3135185,0.02742337586156328,870.0,453.0,73.0
14161.0,1751874349.376437,0.008383958117251938,1347.0,1338.0,73.0
14171.0,1751874349.5086606,0.140754039497307,1436.0,1337.0,74.0
14173.0,1751874349.5164425,0.02447808570382127,1343.0,306.0,73.0
14176.0,1751874349.5693274,0.010869811363481963,1388.0,1331.0,74.0
14183.0,1751874349.6351938,0.07840440165061899,595.0,466.0,73.0
14185.0,1751874349.6692452,0.010360016180502495,1351.0,567.0,74.0
14195.0,1751874349.8465385,0.024805165887330217,1319.0,209.0,72.0
14208.0,1751874350.0371523,0.004986423731824295,1386.0,841.0,73.0
14211.0,1751874350.0595539,0.015737211894946982,1404.0,333.0,73.0
14212.0,1751874350.0729969,0.00937849695376472,873.0,523.0,74.0
14213.0,1751874350.0740366,0.03238047052871237,398.0,242.0,83.0
14223.0,1751874350.1941736,0.011143410852713179,877.0,361.0,73.0
14225.0,1751874350.2097125,0.06356447688564477,1387.0,711.0,97.0
14227.0,1751874350.2168124,0.020957976570056963,1018.0,586.0,73.0
14230.0,1751874350.24448,0.006101768786547053,1400.0,964.0,74.0
14233.0,1751874350.260096,0.0036982089488056076,720.0,855.0,73.0
14238.0,1751874350.2981696,0.009288484083325818,581.0,733.0,73.0
14251.0,1751874350.44614,0.004745615725573328,488.0,239.0,73.0
14252.0,1751874350.4586756,0.005319657857976616,1309.0,1333.0,74.0
14254.0,1751874350.5113723,0.0032729246498213664,1342.0,574.0,73.0
14257.0,1751874350.5477993,0.006191081296728627,1417.0,696.0,74.0
14262.0,1751874350.5785618,0.04050318722852146,359.0,899.0,74.0
14267.0,1751874350.6229942,0.01602234308393356,754.0,695.0,74.0
14270.0,1751874350.6977556,0.2255813953488372,617.0,472.0,72.0
14276.0,1751874350.7532392,0.039137776894804806,423.0,952.0,74.0
14283.0,1751874350.8230844,0.03352549889135255,1374.0,474.0,73.0
14286.0,1751874350.838349,0.018636965152183504,829.0,799.0,73.0
14287.0,1751874350.844497,0.020227070174758787,1393.0,1334.0,74.0
14289.0,1751874350.8647292,0.014518577179436415,1345.0,1336.0,74.0
14295.0,1751874350.8973198,0.03135077415910304,1373.0,645.0,74.0
14308.0,1751874351.0845835,0.026865945351182835,1404.0,256.0,101.0
14311.0,1751874351.0881336,0.025726286314315717,1197.0,442.0,73.0
14317.0,1751874351.14652,0.009364854740697577,222.0,483.0,-380.0
14323.0,1751874351.1961803,0.004453638562868109,1310.0,516.0,73.0
14325.0,1751874351.232548,0.029908202546639027,1358.0,525.0,73.0
14329.0,1751874351.2670333,0.00528494441696389,1859.0,841.0,73.0
14333.0,1751874351.3058958,0.001878721620158577,542.0,376.0,72.0
14344.0,1751874351.441003,0.026709474690894186,273.0,1334.0,75.0
14346.0,1751874351.4580362,0.03347822771295661,492.0,774.0,74.0
14349.0,1751874351.5024302,0.041173443129181676,1372.0,1339.0,73.0
14353.0,1751874351.524847,0.11164229471316085,642.0,2777.0,75.0
14354.0,1751874351.5269861,0.01933638443935927,1364.0,562.0,73.0
14360.0,1751874351.5641544,0.01604527006386105,740.0,1328.0,73.0
14364.0,1751874351.5942032,0.044024514811031666,1372.0,719.0,74.0
14365.0,1751874351.5975337,0.03063927267520939,1357.0,1332.0,73.0
14375.0,1751874351.7767117,0.0680379746835443,1151.0,1786.0,74.0
14380.0,1751874351.8954432,0.014790578849472245,4075.0,1327.0,74.0
14389.0,1751874352.0828,0.0173133984386253,1305.0,841.0,74.0
14391.0,1751874352.1217458,0.008186767169179229,1382.0,413.0,75.0
14394.0,1751874352.14442,0.024991600547902722,2642.0,332.0,-773.0
14397.0,1751874352.1882017,0.013783339571365804,1286.0,1334.0,73.0
14398.0,1751874352.2059307,0.007601123292109953,836.0,727.0,74.0
14404.0,1751874352.2730083,0.005851713716159733,1342.0,1333.0,73.0
14409.0,1751874352.2953942,0.02261380323054332,456.0,644.0,73.0
14417.0,1751874352.3648148,0.023414102913150013,1348.0,715.0,74.0
14421.0,1751874352.4091032,0.018973518973518972,786.0,631.0,74.0
14424.0,1751874352.4213996,0.06521739130434782,1450.0,802.0,74.0
14428.0,1751874352.4584532,0.03373068904688085,2026.0,628.0,74.0
14429.0,1751874352.5010724,0.0031227789374716685,1383.0,674.0,74.0
14435.0,1751874352.5582855,0.00712092627529316,795.0,1201.0,74.0
14439.0,1751874352.6200998,0.006691121527070172,1010.0,474.0,74.0
14455.0,1751874352.7386343,0.008894919342680536,1331.0,1340.0,74.0
14458.0,1751874352.7638283,0.011260958812131908,1015.0,927.0,74.0
14459.0,1751874352.7644873,0.09435551811288964,1146.0,533.0,74.0
14461.0,1751874352.7682598,0.01493981083404987,426.0,648.0,74.0
14465.0,1751874352.8108604,0.0192327977215991,626.0,534.0,72.0
14468.0,1751874352.8432155,0.20052083333333334,2160.0,283.0,73.0
14469.0,1751874352.847968,0.019263315082130413,1420.0,240.0,72.0
14473.0,1751874352.881881,0.007381872627877015,394.0,835.0,73.0
14476.0,1751874352.8951213,0.0364983788791107,1417.0,1335.0,75.0
14478.0,1751874352.959115,0.0027866205305651674,615.0,1007.0,73.0
14479.0,1751874352.973815,0.006590187942396876,1290.0,287.0,73.0
14486.0,1751874353.020509,0.018929402637703645,636.0,639.0,75.0
14488.0,1751874353.0300214,0.15555555555555556,1397.0,854.0,74.0
14494.0,1751874353.126266,0.020465815176558978,1374.0,814.0,73.0
14495.0,1751874353.128739,0.03506674636381749,1304.0,959.0,74.0
14503.0,1751874353.2060397,0.025422084222782845,2910.0,924.0,74.0
14506.0,1751874353.245787,0.004762644776173978,484.0,479.0,73.0
14510.0,1751874353.3087912,0.004258158822968636,1396.0,473.0,72.0
14512.0,1751874353.3396215,0.016485472519648384,1353.0,286.0,73.0
14513.0,1751874353.3487523,0.015693545017756425,599.0,259.0,73.0
14517.0,1751874353.388519,0.012169130285321416,1365.0,561.0,73.0
14521.0,1751874353.4676294,0.008213119932610298,1489.0,1332.0,74.0
14524.0,1751874353.5072353,0.20335039553280596,1370.0,917.0,74.0
14525.0,1751874353.5195103,0.008063732633828816,1325.0,348.0,74.0
14533.0,1751874353.6368237,0.024912181531877093,641.0,649.0,74.0
14537.0,1751874353.6762493,0.0451952610794208,696.0,204.0,70.0
14539.0,1751874353.6886911,0.011472793519828961,1335.0,295.0,72.0
14544.0,1751874353.719026,0.0313492386613468,1377.0,491.0,74.0
14545.0,1751874353.731793,0.007245835512063942,1413.0,1340.0,74.0
14546.0,1751874353.738566,0.009370248576783,654.0,723.0,74.0
14547.0,1751874353.7492762,0.008700670306743019,1387.0,620.0,74.0
14552.0,1751874353.8465524,0.008140449895530893,1410.0,231.0,72.0
14553.0,1751874353.871039,0.009190998626187575,499.0,1341.0,73.0
14562.0,1751874354.0073957,0.017004119554737487,969.0,607.0,75.0
14574.0,1751874354.1818216,0.02038642556353728,1074.0,2156.0,74.0
14580.0,1751874354.257309,0.019406810692054192,1374.0,210.0,73.0
14582.0,1751874354.263317,0.031334413830361965,1425.0,832.0,73.0
14585.0,1751874354.273275,0.01449855815443768,1287.0,629.0,73.0
14594.0,1751874354.3660333,0.0032669339612634973,537.0,626.0,73.0
14607.0,1751874354.487802,0.07760141093474426,1413.0,1339.0,73.0
14610.0,1751874354.5002244,0.027123901430294674,1408.0,854.0,74.0
14611.0,1751874354.5004528,0.7891891891891892,487.0,594.0,73.0
14612.0,1751874354.5370948,0.003469013186155188,738.0,867.0,74.0
14626.0,1751874354.7484832,0.008843678638156528,1373.0,395.0,73.0
14636.0,1751874354.8063743,0.008899089957316583,1396.0,493.0,74.0
14640.0,1751874354.8506625,0.009986257443884563,1201.0,771.0,74.0
14643.0,1751874354.8842847,0.016273412794940403,1373.0,295.0,73.0
14644.0,1751874354.88785,0.033498003654327674,211.0,905.0,-567.0
14645.0,1751874354.8881989,0.17056277056277055,1356.0,584.0,74.0
14649.0,1751874354.9705703,0.008148841076811143,672.0,750.0,74.0
14653.0,1751874355.0288136,0.007173315987279561,773.0,3339.0,73.0
14659.0,1751874355.1125257,0.005819856856286684,1414.0,442.0,72.0
14661.0,1751874355.1567655,0.029472954230235784,855.0,313.0,72.0
14674.0,1751874355.323914,0.017839188762172876,346.0,766.0,121.0
14675.0,1751874355.3476331,0.003518038768988841,741.0,393.0,74.0
14680.0,1751874355.3836446,0.23467784180199058,640.0,867.0,73.0
14685.0,1751874355.4222586,0.012405188913305451,1301.0,426.0,74.0
14687.0,1751874355.4326208,0.04729897933781429,1341.0,398.0,73.0
14692.0,1751874355.4845898,0.007841303908964373,1388.0,406.0,73.0
14693.0,1751874355.5126665,0.0032033260065770417,1364.0,898.0,74.0
14698.0,1751874355.562188,0.058384690236782354,1360.0,749.0,73.0
14704.0,1751874355.6561568,0.00346743438702568,387.0,415.0,72.0
14708.0,1751874355.6871881,0.007976001411681666,1779.0,330.0,111.0
14711.0,1751874355.7184355,0.012720374916313323,384.0,370.0,73.0
14714.0,1751874355.730402,0.19446808510638297,656.0,197.0,74.0
14719.0,1751874355.7529638,0.04230317273795535,429.0,523.0,72.0
14725.0,1751874355.8251812,0.01035609693985824,1413.0,280.0,75.0
14726.0,1751874355.8254938,0.4532871972318339,347.0,277.0,73.0
14731.0,1751874355.8732507,0.10700706137968495,545.0,655.0,73.0
14733.0,1751874355.90589,0.00872763679101554,1362.0,202.0,73.0
14742.0,1751874356.0124912,0.02643643031784841,885.0,883.0,73.0
14744.0,1751874356.035525,0.01447712649367178,1388.0,282.0,73.0
14747.0,1751874356.0532143,0.013906984648501671,441.0,1202.0,73.0
14755.0,1751874356.1775062,0.011367380560131795,1318.0,1061.0,73.0
14758.0,1751874356.2391438,0.0033042073573683823,851.0,694.0,73.0
14759.0,1751874356.2438378,0.01059926620464737,1468.0,714.0,74.0
14763.0,1751874356.2849164,0.1332367849384504,1412.0,494.0,73.0
14773.0,1751874356.4028058,0.027751497950173447,1487.0,483.0,73.0
14775.0,1751874356.4264014,0.40031645569620256,622.0,580.0,153.0
14777.0,1751874356.478905,0.002503936719522467,506.0,1335.0,73.0
14779.0,1751874356.529825,0.002515259397945241,1373.0,1334.0,74.0
14781.0,1751874356.549408,0.019935037564156603,1340.0,1338.0,74.0
14784.0,1751874356.5876863,0.010865296504778112,206.0,360.0,72.0
14786.0,1751874356.6055353,0.0056937325256290775,3340.0,485.0,73.0
14789.0,1751874356.6362643,0.018804243008678882,1403.0,643.0,73.0
14791.0,1751874356.6598504,0.00638481449525453,1326.0,1330.0,73.0
14795.0,1751874356.6983228,0.010674583122789287,1341.0,764.0,74.0
14796.0,1751874356.705079,0.013785038449271767,827.0,1330.0,73.0
14798.0,1751874356.7269793,0.01060121417847118,387.0,1335.0,72.0
14799.0,1751874356.7291133,0.06954134736360516,710.0,1317.0,73.0
14800.0,1751874356.738099,0.021555590733998205,292.0,353.0,73.0
14802.0,1751874356.763241,0.003986161251504212,888.0,1335.0,74.0
14807.0,1751874356.829254,0.005931953351864218,1310.0,301.0,77.0
14810.0,1751874356.8482704,0.01795584973418301,1354.0,562.0,77.0
14817.0,1751874356.8880174,0.036972216145263616,718.0,684.0,73.0
14820.0,1751874356.9627862,0.03783991790661878,833.0,456.0,73.0
14830.0,1751874357.0605185,0.012423753139576606,378.0,629.0,76.0
14838.0,1751874357.162247,0.04251132840448366,1333.0,201.0,72.0
14839.0,1751874357.1855943,0.003199573390214638,204.0,703.0,73.0
14850.0,1751874357.3245244,0.005655147437772485,654.0,898.0,74.0
14852.0,1751874357.327328,0.025904203323558164,1384.0,686.0,73.0
14855.0,1751874357.410194,0.006183681467825986,1409.0,695.0,73.0
14857.0,1751874357.419047,0.18162393162393162,685.0,282.0,72.0
14865.0,1751874357.5369818,0.015897445522626175,466.0,1332.0,73.0
14869.0,1751874357.5883946,0.03318642807837307,949.0,580.0,73.0
14871.0,1751874357.5897312,0.09597523219814241,551.0,816.0,73.0
14879.0,1751874357.6669106,0.009562961019271699,1354.0,1334.0,74.0
14884.0,1751874357.724693,0.022998521335023236,880.0,447.0,73.0
14888.0,1751874357.7845256,0.004545027286751411,1377.0,1068.0,73.0
14890.0,1751874357.8031764,0.07860149471694872,1422.0,687.0,74.0
14899.0,1751874357.8968115,0.015083694689233925,288.0,851.0,74.0
14911.0,1751874358.1511033,0.003439010376178727,627.0,219.0,71.0
14918.0,1751874358.2982433,0.0036816821546700267,1363.0,473.0,73.0
14919.0,1751874358.3017712,0.011922707962176237,1368.0,411.0,73.0
14920.0,1751874358.3324718,0.0053054090423968695,1444.0,244.0,73.0
14924.0,1751874358.3591983,0.008350217965248357,1340.0,810.0,73.0
14925.0,1751874358.3828092,0.0026119402985074628,295.0,211.0,72.0
14927.0,1751874358.3986487,0.014607493309545048,579.0,502.0,74.0
14936.0,1751874358.4751153,0.037291419011139,836.0,1334.0,73.0
14937.0,1751874358.4769745,0.02379946486410365,1381.0,835.0,73.0
14938.0,1751874358.4970825,0.009704284000282306,337.0,909.0,73.0
14941.0,1751874358.5742562,0.03909908570579053,1366.0,300.0,73.0
14947.0,1751874358.6559896,0.024397311080203987,1007.0,1510.0,74.0
14952.0,1751874358.7410545,0.005056406404317768,1395.0,1258.0,73.0
14961.0,1751874358.8298762,0.13326585695006748,1369.0,763.0,74.0
14977.0,1751874358.9796822,0.02355955331532485,3249.0,930.0,73.0
14978.0,1751874358.9863243,0.036248171536622784,1029.0,662.0,73.0
14979.0,1751874358.9925582,0.02347636815920398,537.0,771.0,73.0
14981.0,1751874359.0025196,0.3715277777777778,1302.0,331.0,72.0
14984.0,1751874359.0360029,0.024628961091054953,448.0,784.0,73.0
14988.0,1751874359.0827434,0.015475275429157059,1386.0,321.0,74.0
14990.0,1751874359.0976613,0.018745089235604445,1321.0,610.0,73.0
14992.0,1751874359.1020074,0.03403306068752503,868.0,498.0,74.0
14993.0,1751874359.1089356,0.021351211964930377,305.0,364.0,73.0
15002.0,1751874359.1922681,0.027846652679763495,1482.0,1203.0,74.0
15005.0,1751874359.2386138,0.019207858202241728,956.0,944.0,74.0
15008.0,1751874359.2792246,0.06837686567164179,1416.0,817.0,73.0
15013.0,1751874359.3251126,0.0033127650667103513,1443.0,575.0,72.0
15024.0,1751874359.4288814,0.0179901871706342,221.0,376.0,73.0
15035.0,1751874359.5747087,0.008833370510818648,1344.0,941.0,74.0
15038.0,1751874359.682313,0.00401087284808215,1390.0,1338.0,74.0
15039.0,1751874359.6862488,0.045826809586896305,1438.0,749.0,83.0
15041.0,1751874359.7292411,0.024631466933742293,584.0,797.0,74.0
15051.0,1751874359.888055,0.006423798232377668,1385.0,1337.0,73.0
15060.0,1751874360.018164,0.10618023414102913,1321.0,1344.0,73.0
15061.0,1751874360.024842,0.026078376092472513,574.0,316.0,73.0
15064.0,1751874360.0502813,0.007094994087504927,1334.0,950.0,73.0
15067.0,1751874360.091432,0.012831703910614525,1443.0,249.0,74.0
15075.0,1751874360.1704228,0.32628398791540786,907.0,1330.0,73.0
15079.0,1751874360.193348,0.03480818189798964,522.0,1333.0,73.0
15081.0,1751874360.2289255,0.01013747758517633,237.0,1437.0,73.0
15084.0,1751874360.3008087,0.00800952343982506,328.0,1329.0,73.0
15093.0,1751874360.3793325,0.05922551252847381,210.0,425.0,72.0
15100.0,1751874360.4906507,0.007459933598393245,412.0,281.0,91.0
15104.0,1751874360.5154598,0.01047626722540092,1383.0,929.0,74.0
15106.0,1751874360.5584369,0.0097970761509928,524.0,1930.0,-28.0
15108.0,1751874360.6123989,0.003043952303191463,680.0,1889.0,73.0
15110.0,1751874360.6244197,0.016234198270126413,240.0,1333.0,74.0
15113.0,1751874360.6417978,0.04344545062526951,1327.0,1334.0,73.0
15116.0,1751874360.7222915,0.013280212483399735,821.0,591.0,73.0
15117.0,1751874360.739782,0.008467680765676932,881.0,601.0,73.0
15118.0,1751874360.7698884,0.004807311548635421,1398.0,484.0,72.0
15124.0,1751874360.8328319,0.01855287569573284,567.0,844.0,73.0
15133.0,1751874360.9593167,0.0038140203696370146,594.0,259.0,73.0
15135.0,1751874360.996029,0.008690207593406237,1385.0,779.0,73.0
15140.0,1751874361.0199013,0.03708425078224591,1378.0,386.0,74.0
15142.0,1751874361.0491555,0.010911669087639205,527.0,481.0,73.0
15144.0,1751874361.0795918,0.009388309291989184,527.0,716.0,73.0
15153.0,1751874361.1834705,0.009858138975715316,929.0,593.0,73.0
15155.0,1751874361.2178142,0.006505566977543379,428.0,413.0,72.0
15158.0,1751874361.2693956,0.05555555555555555,1298.0,774.0,74.0
15161.0,1751874361.2888777,0.06983723883181346,1394.0,1335.0,73.0
15186.0,1751874361.5157778,0.008564754736568907,1376.0,539.0,73.0
15187.0,1751874361.5183861,0.009190493873004085,919.0,859.0,77.0
15196.0,1751874361.6069717,0.02460534793814433,1405.0,413.0,72.0
15199.0,1751874361.6503394,0.009621425843568674,468.0,1336.0,73.0
15205.0,1751874361.6830535,0.027596588058203714,751.0,2688.0,73.0
15208.0,1751874361.707442,0.03225806451612903,1324.0,1331.0,74.0
15220.0,1751874361.9594364,0.0017050758157190567,1408.0,1330.0,75.0
15232.0,1751874362.0949476,0.011961440094432422,1402.0,397.0,72.0
15237.0,1751874362.2252111,0.011629496320933094,1430.0,519.0,73.0
15243.0,1751874362.3104007,0.006770253309999823,610.0,258.0,73.0
15246.0,1751874362.3198023,0.06134008194745722,1447.0,662.0,73.0
15250.0,1751874362.3461342,0.011616009629852543,1277.0,783.0,74.0
15251.0,1751874362.3508356,0.020022303325223034,1058.0,2596.0,75.0
15253.0,1751874362.4052227,0.004327596838387802,1367.0,720.0,74.0
15254.0,1751874362.4115086,0.029243315000948227,418.0,1333.0,74.0
15262.0,1751874362.494509,0.0167783436076119,863.0,243.0,74.0
15269.0,1751874362.5713902,0.0038787142905325643,1381.0,318.0,94.0
15272.0,1751874362.6020985,0.0036084063174309598,677.0,575.0,74.0
15274.0,1751874362.6213229,0.02270804866939944,1424.0,583.0,73.0
15276.0,1751874362.6465025,0.008522688962308678,438.0,1362.0,73.0
15284.0,1751874362.7815547,0.007905980062023345,1435.0,1338.0,73.0
15286.0,1751874362.8018932,0.02282301344566911,342.0,638.0,84.0
15291.0,1751874362.8122067,0.017699115044247787,422.0,1333.0,74.0
15295.0,1751874362.836428,0.023758519961051605,365.0,1337.0,74.0
15300.0,1751874362.8660924,0.019455252918287938,687.0,782.0,73.0
15305.0,1751874363.0217135,0.0016352172557251618,1341.0,549.0,86.0
15311.0,1751874363.1115549,0.0034680296188475557,1368.0,1336.0,74.0
15316.0,1751874363.2091522,0.001926747118089893,3414.0,567.0,73.0
15317.0,1751874363.2139232,0.023462174763122273,1355.0,714.0,73.0
15320.0,1751874363.2388117,0.012806527620211188,1382.0,426.0,73.0
15321.0,1751874363.279674,0.004690814162179801,1368.0,1147.0,74.0
15328.0,1751874363.3501415,0.004765625,1445.0,1332.0,73.0
15332.0,1751874363.3737445,0.007355527839073843,1399.0,1313.0,74.0
15334.0,1751874363.379549,0.04298740772904907,1334.0,791.0,74.0
15335.0,1751874363.3797934,0.08225966303270565,1396.0,1332.0,75.0
15336.0,1751874363.4081514,0.0052134327483912,312.0,2576.0,74.0
15341.0,1751874363.5062995,0.04521834260187802,1345.0,301.0,72.0
15342.0,1751874363.5176513,0.017533507544465986,398.0,847.0,74.0
15349.0,1751874363.5626256,0.006181592590951389,1223.0,550.0,74.0
15350.0,1751874363.5686386,0.023871733966745842,1730.0,830.0,73.0
15359.0,1751874363.6990025,0.015460852329038653,334.0,263.0,72.0
15369.0,1751874363.8451989,0.4995575221238938,997.0,768.0,74.0
15374.0,1751874363.886793,0.013250089831117499,1123.0,888.0,73.0
15390.0,1751874364.0724127,0.011661432795254624,337.0,715.0,73.0
15393.0,1751874364.1491373,0.0629753292524578,1334.0,321.0,73.0
15397.0,1751874364.2174313,0.03314365578516522,342.0,1332.0,74.0
15404.0,1751874364.356492,0.0020434061106953437,1422.0,600.0,74.0
15405.0,1751874364.3604312,0.01817520901490367,663.0,1077.0,75.0
15407.0,1751874364.3725188,0.021182934498394732,675.0,714.0,72.0
15408.0,1751874364.374519,0.021599090564607806,1410.0,535.0,74.0
15417.0,1751874364.4278982,0.02675039018547421,1384.0,439.0,73.0
15421.0,1751874364.4640949,0.0140838425063106,1370.0,476.0,76.0
15423.0,1751874364.509534,0.020865574470355943,399.0,458.0,74.0
15424.0,1751874364.5285652,0.0076075550891920255,832.0,317.0,74.0
15429.0,1751874364.604344,0.04100683447241207,458.0,914.0,74.0
15432.0,1751874364.6144726,0.03156019343344362,594.0,2268.0,73.0
15433.0,1751874364.6279593,0.011117395454063417,346.0,927.0,74.0
15435.0,1751874364.657786,0.01243965465435388,1353.0,707.0,79.0
15436.0,1751874364.6587272,0.10641163793103449,1379.0,1140.0,74.0
15439.0,1751874364.690671,0.005427621258706155,1405.0,713.0,73.0
15440.0,1751874364.7044969,0.003807718814610613,868.0,674.0,74.0
15442.0,1751874364.7313113,0.04286912751677852,1348.0,305.0,146.0
15443.0,1751874364.7385018,0.02044523715153917,418.0,1340.0,74.0
15454.0,1751874364.8603168,0.051306002421726345,500.0,926.0,74.0
15457.0,1751874364.8755133,0.01554430508560816,555.0,355.0,73.0
15462.0,1751874364.9883986,0.05400111919418019,1401.0,1335.0,74.0
15465.0,1751874365.0388918,0.011019084038639288,207.0,361.0,72.0
15479.0,1751874365.1620858,0.006185495360878479,1367.0,1049.0,73.0
15492.0,1751874365.2672937,0.053762793497892834,1277.0,1336.0,74.0
15497.0,1751874365.313613,0.008183825758122484,1432.0,775.0,74.0
15500.0,1751874365.3799872,0.004782603503660094,903.0,1330.0,73.0
15504.0,1751874365.4003122,0.021948854876905226,431.0,1333.0,74.0
15505.0,1751874365.4047003,0.022915230875258444,636.0,1329.0,74.0
15510.0,1751874365.4690845,0.01001814075746918,1167.0,664.0,74.0
15513.0,1751874365.5125053,0.011321398771144657,659.0,418.0,73.0
15516.0,1751874365.5454013,0.00650085825937694,1311.0,807.0,75.0
15527.0,1751874365.6670368,0.013141090273576662,1351.0,722.0,73.0
15530.0,1751874365.7015266,0.013288586053764534,1270.0,454.0,73.0
15532.0,1751874365.7142105,0.051319648093841645,735.0,1069.0,73.0
15536.0,1751874365.7734869,0.0047611072565016625,1462.0,651.0,73.0
15541.0,1751874365.8802445,0.01447324789825814,1322.0,1330.0,74.0
15544.0,1751874365.8921278,0.015085012012566993,1328.0,602.0,73.0
15547.0,1751874365.9827237,0.0030365186615186617,1372.0,436.0,106.0
15549.0,1751874365.99389,0.010696211188619888,706.0,209.0,72.0
15553.0,1751874366.0684853,0.008656841923694735,569.0,864.0,73.0
15566.0,1751874366.188835,0.014453115503367127,750.0,924.0,73.0
15567.0,1751874366.194923,0.03178328493575719,343.0,389.0,73.0
15580.0,1751874366.3130205,0.02404809619238477,445.0,793.0,74.0
15585.0,1751874366.400473,0.008320852055250457,670.0,460.0,74.0
15586.0,1751874366.4034517,0.034983766233766235,1369.0,393.0,73.0
15587.0,1751874366.4085875,0.027720219183128426,1332.0,890.0,73.0
15589.0,1751874366.417335,0.04212972744559476,802.0,3351.0,74.0
15597.0,1751874366.5112138,0.034675286511901264,1396.0,683.0,222.0
15600.0,1751874366.5151596,0.2332175925925926,1358.0,377.0,73.0
15606.0,1751874366.5706778,0.007895912995977554,1571.0,832.0,73.0
15607.0,1751874366.5721283,0.02694721299372462,1414.0,857.0,73.0
15608.0,1751874366.596578,0.007124094949162071,1294.0,215.0,74.0
15612.0,1751874366.630749,0.07159376571141277,1393.0,658.0,74.0
15614.0,1751874366.6371994,0.12060301507537688,551.0,1340.0,73.0
15616.0,1751874366.6570606,0.0029863481228668944,1401.0,802.0,74.0
15617.0,1751874366.6703196,0.021295019969603788,630.0,1180.0,73.0
15620.0,1751874366.710846,0.018274468458970305,940.0,682.0,74.0
15624.0,1751874366.7727766,0.00578341204739415,1099.0,217.0,73.0
15630.0,1751874366.8329117,0.013521756811712079,1393.0,911.0,73.0
15635.0,1751874366.8810709,0.008764003040865212,440.0,283.0,119.0
15645.0,1751874367.0191884,0.0330100708690787,1390.0,240.0,71.0
15650.0,1751874367.0492766,0.009367064347659432,1414.0,860.0,74.0
15653.0,1751874367.0848222,0.004799883639184504,399.0,485.0,73.0
15655.0,1751874367.0992694,0.04202030287901481,283.0,361.0,74.0
15658.0,1751874367.1037729,0.025459991442019683,1357.0,1337.0,74.0
15664.0,1751874367.151327,0.45855758880516684,731.0,791.0,73.0
15666.0,1751874367.161901,0.016621943947525343,256.0,1167.0,75.0
15678.0,1751874367.2834253,0.02787682333873582,1386.0,323.0,73.0
15683.0,1751874367.3499844,0.008384941156440869,1376.0,898.0,74.0
15685.0,1751874367.3700516,0.013274243786190605,1372.0,855.0,73.0
15687.0,1751874367.3778267,0.1856573705179283,522.0,298.0,73.0
15694.0,1751874367.4278233,0.046207129582699784,808.0,1336.0,74.0
15702.0,1751874367.5332415,0.05428500864410966,1367.0,1331.0,73.0
15703.0,1751874367.5378609,0.03159624662036792,592.0,475.0,-155.0
15706.0,1751874367.5728598,0.006328454360286106,1439.0,254.0,131.0
15726.0,1751874367.7933404,0.033359214685818865,1371.0,784.0,73.0
15732.0,1751874367.8708575,0.0026562869841937776,1336.0,371.0,72.0
15737.0,1751874367.9621685,0.036720367203672034,1479.0,393.0,73.0
15739.0,1751874368.0132573,0.007384154389469553,1349.0,775.0,73.0
15747.0,1751874368.1265273,0.03695281409891984,1342.0,422.0,73.0
15757.0,1751874368.282609,0.01891916774074756,1378.0,458.0,72.0
15762.0,1751874368.3371098,0.011474685305527818,1353.0,586.0,73.0
15766.0,1751874368.3759549,0.012735892906944315,1080.0,479.0,73.0
15768.0,1751874368.4002423,0.012868304141347087,1464.0,357.0,73.0
15770.0,1751874368.423233,0.005844451364104529,549.0,856.0,74.0
15771.0,1751874368.4312623,0.005148656289991369,332.0,429.0,73.0
15776.0,1751874368.478594,0.029461482733639216,823.0,523.0,73.0
15778.0,1751874368.5005238,0.011786622096869669,1400.0,1340.0,73.0
15780.0,1751874368.5293062,0.01293103448275862,884.0,413.0,74.0
15783.0,1751874368.5967839,0.008477892265553672,1420.0,848.0,73.0
15785.0,1751874368.6026971,0.034106747560875623,1340.0,964.0,73.0
15788.0,1751874368.6161318,0.02807874256065924,1389.0,921.0,74.0
15792.0,1751874368.6635132,0.011608623548922056,1432.0,634.0,73.0
15793.0,1751874368.6791792,0.013883205262280422,870.0,202.0,74.0
15795.0,1751874368.6960723,0.01667319420354725,893.0,521.0,73.0
15796.0,1751874368.6964543,0.3215767634854772,447.0,579.0,74.0
15801.0,1751874368.7293463,0.02118042476747892,845.0,1336.0,74.0
15803.0,1751874368.7555451,0.008381314774946177,309.0,1341.0,72.0
15804.0,1751874368.7887616,0.005886364452101504,456.0,277.0,72.0
15810.0,1751874368.8528104,0.019324853228962817,695.0,733.0,-729.0
15812.0,1751874368.8752635,0.029426030719482618,2004.0,484.0,75.0
15816.0,1751874368.9669566,0.14294367050272563,1341.0,854.0,73.0
15823.0,1751874369.0046015,0.036583643297707046,485.0,1018.0,134.0
15824.0,1751874369.0420542,0.003779694182585362,1373.0,1332.0,72.0
15827.0,1751874369.0533488,0.014062062579408662,471.0,1337.0,74.0
15830.0,1751874369.077693,0.019943019943019943,1373.0,448.0,73.0
15832.0,1751874369.0898097,0.026951079320475156,1348.0,287.0,72.0
15838.0,1751874369.1213326,0.05967704189094313,903.0,1804.0,74.0
15840.0,1751874369.133307,0.03868057770285662,1427.0,670.0,74.0
15841.0,1751874369.1360466,0.03545199020763442,1434.0,194.0,72.0
15844.0,1751874369.158552,0.011703035474826283,384.0,520.0,73.0
15849.0,1751874369.2359939,0.0143302322407479,757.0,778.0,73.0
15855.0,1751874369.2984958,0.01765451298888313,319.0,365.0,72.0
15863.0,1751874369.3689306,0.0045178263630590585,626.0,828.0,74.0
15864.0,1751874369.386935,0.011359010387256898,1290.0,893.0,74.0
15871.0,1751874369.4700694,0.025072177480626043,808.0,469.0,74.0
15873.0,1751874369.483277,0.09041878172588833,1467.0,293.0,73.0
15878.0,1751874369.5228372,0.008277858766680598,589.0,1332.0,74.0
15884.0,1751874369.5938504,0.011614080690208224,1291.0,476.0,72.0
15893.0,1751874369.6764445,0.0059686978091285136,425.0,453.0,-263.0
15894.0,1751874369.6843,0.02158339176294851,1423.0,235.0,72.0
15903.0,1751874369.7854097,0.009425958413620546,1446.0,1330.0,74.0
15906.0,1751874369.802789,0.030038091783058225,1327.0,854.0,73.0
15908.0,1751874369.8444934,0.0030577706732544973,811.0,1339.0,73.0
15912.0,1751874369.8919845,0.02449963558894433,1185.0,1249.0,74.0
15916.0,1751874369.905892,0.1260014566642389,509.0,836.0,73.0
15921.0,1751874370.0034134,0.024753064381768417,1408.0,805.0,73.0
15924.0,1751874370.0363007,0.024338272015981356,1361.0,291.0,74.0
15925.0,1751874370.0581777,0.010199088823407887,1346.0,1334.0,74.0
15927.0,1751874370.0646784,0.03290314600255639,409.0,547.0,73.0
15928.0,1751874370.0667715,0.06855074156253649,1404.0,718.0,76.0
15934.0,1751874370.1427186,0.03547488914097143,1331.0,1222.0,74.0
15936.0,1751874370.155849,0.020113053766267912,1360.0,827.0,73.0
15938.0,1751874370.2259774,0.004130368271042334,1326.0,1285.0,300.0
15943.0,1751874370.2748008,0.044346412816345486,1439.0,1331.0,75.0
15946.0,1751874370.3196595,0.1918412348401323,1386.0,381.0,73.0
15953.0,1751874370.395785,0.03483854797610594,1371.0,756.0,74.0
15964.0,1751874370.5099783,0.036561625501885874,442.0,816.0,74.0
15966.0,1751874370.535957,0.00976295210166178,725.0,1332.0,73.0
15970.0,1751874370.5715249,0.014217200593947876,264.0,499.0,74.0
15971.0,1751874370.5743876,0.03234197520159542,1359.0,723.0,74.0
15973.0,1751874370.5837474,0.016901640695852916,898.0,293.0,73.0
15974.0,1751874370.5894833,0.03430383395791294,531.0,678.0,74.0
15977.0,1751874370.616642,0.02037862560064841,1426.0,1083.0,73.0
15980.0,1751874370.62916,0.03135865856432587,1402.0,672.0,73.0
15983.0,1751874370.651929,0.03701243238113315,1350.0,216.0,73.0
15990.0,1751874370.7289975,0.05681063122923588,895.0,1082.0,74.0
15991.0,1751874370.7305498,0.06858147713950762,1377.0,857.0,74.0
15997.0,1751874370.764043,0.02390554678824011,1343.0,238.0,74.0
16006.0,1751874370.8454769,0.020054046366093016,1334.0,1337.0,74.0
16017.0,1751874370.9779148,0.03279557676285692,480.0,452.0,74.0
16020.0,1751874370.996453,0.016476237787713198,1321.0,1339.0,74.0
16021.0,1751874371.0328362,0.003230785329356982,457.0,1417.0,73.0
16025.0,1751874371.0708895,0.15964740450538686,1344.0,839.0,74.0
16026.0,1751874371.0814834,0.014486303656067113,1315.0,654.0,73.0
16029.0,1751874371.0956254,0.03534777651083238,453.0,731.0,74.0
16044.0,1751874371.336745,0.00997148801726131,1377.0,584.0,73.0
16047.0,1751874371.3668652,0.01688094491481133,774.0,648.0,73.0
16054.0,1751874371.4365635,0.015806755415277318,236.0,426.0,72.0
16073.0,1751874371.5924673,0.03521591759475283,619.0,843.0,73.0
16077.0,1751874371.6197515,0.038501026694045176,1323.0,297.0,73.0
16084.0,1751874371.6952524,0.022725906330788193,1398.0,683.0,74.0
16086.0,1751874371.7016308,0.03216904517858551,839.0,729.0,73.0
16087.0,1751874371.7047982,0.03114421123899797,643.0,1870.0,75.0
16090.0,1751874371.7666416,0.006749090051723376,1952.0,749.0,74.0
16094.0,1751874371.803607,0.023502562459961563,1434.0,2266.0,74.0
16107.0,1751874372.0017998,0.00924583031182016,735.0,417.0,74.0
16109.0,1751874372.0148647,0.4169329073482428,1722.0,878.0,69.0
16121.0,1751874372.130911,0.008552148740112534,455.0,1335.0,75.0
16122.0,1751874372.1482646,0.010058894760017614,1369.0,606.0,73.0
16125.0,1751874372.1667147,0.3740942028985507,1381.0,549.0,73.0
16126.0,1751874372.1943924,0.005279313517278144,1423.0,856.0,74.0
16132.0,1751874372.270736,0.025966260943839418,1233.0,575.0,73.0
16135.0,1751874372.3120017,0.04799610183944451,1312.0,912.0,74.0
16139.0,1751874372.399003,0.007684606434504965,1000.0,1061.0,-488.0
16145.0,1751874372.457351,0.01269596397598399,1352.0,712.0,74.0
16151.0,1751874372.560703,0.00966206720327073,352.0,373.0,73.0
16152.0,1751874372.5671418,0.02240325865580448,1377.0,786.0,73.0
16155.0,1751874372.6330838,0.014214284154675867,1350.0,1336.0,74.0
16158.0,1751874372.6657035,0.019344365784371195,1383.0,770.0,73.0
16160.0,1751874372.6702714,0.023495351038360892,1391.0,254.0,109.0
16177.0,1751874372.7879615,0.013594595038876925,368.0,686.0,74.0
16178.0,1751874372.817138,0.006765866692814944,515.0,1338.0,73.0
16182.0,1751874372.844515,0.011331787827410816,921.0,332.0,74.0
16184.0,1751874372.8501039,0.024336009882643606,229.0,928.0,73.0
16186.0,1751874372.8602378,0.06540319583797845,1303.0,952.0,73.0
16187.0,1751874372.883983,0.008591392567493058,220.0,836.0,72.0
16198.0,1751874373.0699472,0.07744388796141717,1429.0,252.0,73.0
16201.0,1751874373.1390464,0.0014365287107012872,1331.0,244.0,112.0
16211.0,1751874373.2176404,0.031185460553490293,1427.0,588.0,78.0
16214.0,1751874373.2379794,0.009251767148593151,3333.0,1293.0,-850.0
16220.0,1751874373.2762005,0.02990831028962305,1393.0,465.0,73.0
16225.0,1751874373.2947822,0.0525244817499682,1361.0,1338.0,73.0
16231.0,1751874373.3439898,0.010013326649631378,387.0,676.0,73.0
16235.0,1751874373.3834894,0.5101123595505618,876.0,659.0,73.0
16238.0,1751874373.4481034,0.005270400083080199,1429.0,1015.0,74.0
16239.0,1751874373.459405,0.005331591258719154,771.0,1255.0,74.0
16241.0,1751874373.5013444,0.02573792923698443,1299.0,1180.0,81.0
16265.0,1751874373.8192725,0.2508108108108108,437.0,1000.0,74.0
16267.0,1751874373.8266032,0.03386501139310128,392.0,453.0,74.0
16277.0,1751874373.9766533,0.01989493950702384,203.0,561.0,74.0
16279.0,1751874374.0150602,0.004457902879306678,262.0,340.0,73.0
16281.0,1751874374.0340607,0.013114804985177942,371.0,479.0,319.0
16283.0,1751874374.0470703,0.06795716639209226,1437.0,743.0,74.0
16284.0,1751874374.064555,0.011092795762849267,863.0,3348.0,73.0
16285.0,1751874374.0715835,0.02074646250598127,1390.0,422.0,73.0
16288.0,1751874374.141283,0.010282857685249636,1439.0,1330.0,74.0
16289.0,1751874374.1502929,0.020776249634220957,630.0,550.0,73.0
16294.0,1751874374.1962302,0.006855155008355786,1446.0,260.0,72.0
16302.0,1751874374.3135414,0.011229052186081437,1413.0,727.0,74.0
16305.0,1751874374.3398151,0.019143923031612015,1677.0,1067.0,74.0
16307.0,1751874374.358169,0.008542760816129162,871.0,607.0,74.0
16309.0,1751874374.3684776,0.022266204849084613,990.0,1693.0,73.0
16313.0,1751874374.4020042,0.009443128164044523,715.0,835.0,74.0
16315.0,1751874374.4059784,0.09929390997352162,253.0,956.0,-276.0
16316.0,1751874374.4214413,0.012464485381724864,575.0,1200.0,73.0
16322.0,1751874374.4942214,0.010393116970781413,730.0,756.0,74.0
16324.0,1751874374.5007644,0.043857686283284854,824.0,394.0,73.0
16328.0,1751874374.5940127,0.016281260211829383,1411.0,1133.0,73.0
16333.0,1751874374.6650054,0.005354564941598495,1375.0,1330.0,74.0
16345.0,1751874374.7635477,0.023365366497079328,1357.0,706.0,74.0
16346.0,1751874374.7764812,0.011565982834031806,1442.0,566.0,73.0
16353.0,1751874374.8190799,0.0708215297450425,1387.0,615.0,73.0
16367.0,1751874375.0109117,0.005648040055873085,1423.0,1327.0,73.0
16369.0,1751874375.0319645,0.032855626326963906,1075.0,886.0,73.0
16377.0,1751874375.149638,0.007786964935509857,1419.0,4007.0,73.0
16378.0,1751874375.1849878,0.00408714744131059,1321.0,584.0,73.0
16381.0,1751874375.2405908,0.0036418937847680793,288.0,832.0,73.0
16388.0,1751874375.3193371,0.01369036445064228,349.0,1336.0,74.0
16398.0,1751874375.4491882,0.005876456358757961,1383.0,1334.0,73.0
16401.0,1751874375.4897285,0.01850039154267815,1412.0,1333.0,74.0
16402.0,1751874375.4978156,0.02496104430658866,613.0,463.0,73.0
16403.0,1751874375.5267181,0.006937913511194707,1411.0,474.0,73.0
16404.0,1751874375.5474842,0.007387802071346375,198.0,500.0,73.0
16405.0,1751874375.573975,0.005518644556077711,819.0,1335.0,75.0
16412.0,1751874375.666748,0.009686026536057605,1387.0,229.0,71.0
16413.0,1751874375.7449007,0.0025296702894796195,1298.0,403.0,96.0
16415.0,1751874375.7641742,0.03539258369614172,844.0,477.0,73.0
16416.0,1751874375.7861357,0.006657731576825428,1363.0,1332.0,74.0
16430.0,1751874376.0305343,0.00934304341190066,1443.0,817.0,73.0
16439.0,1751874376.088161,0.032488454516163674,1422.0,612.0,73.0
16441.0,1751874376.1319764,0.0045859449837455405,1388.0,1330.0,74.0
16442.0,1751874376.1326187,0.07506702412868632,1033.0,852.0,73.0
16443.0,1751874376.1847112,0.003768763973171511,1461.0,1328.0,73.0
16446.0,1751874376.2009196,0.022134855665661354,224.0,2803.0,73.0
16450.0,1751874376.2602947,0.03019884009942005,1425.0,590.0,75.0
16457.0,1751874376.3421443,0.0062482523213993,1353.0,822.0,73.0
16458.0,1751874376.3511822,0.016341508487552468,490.0,526.0,73.0
16460.0,1751874376.377296,0.014781877178223771,1432.0,209.0,72.0
16466.0,1751874376.4500353,0.014232145900801092,624.0,520.0,74.0
16467.0,1751874376.4594808,0.015188073044980063,863.0,580.0,73.0
16468.0,1751874376.4642384,0.0343159259813457,562.0,1338.0,74.0
16470.0,1751874376.4960563,0.012523404647165353,3365.0,648.0,74.0
16471.0,1751874376.4997673,0.039413680781758956,528.0,1063.0,84.0
16477.0,1751874376.5445542,0.016293398533007333,1404.0,391.0,72.0
16483.0,1751874376.605223,0.030338849487785657,1333.0,563.0,74.0
16484.0,1751874376.6082354,0.030777976287152835,367.0,690.0,74.0
16501.0,1751874376.8397236,0.06555626734998932,922.0,522.0,73.0
16502.0,1751874376.8638003,0.0081031671525273,492.0,644.0,74.0
16509.0,1751874376.905243,0.025365601138863724,1376.0,827.0,74.0
16515.0,1751874377.043221,0.023821098687408847,931.0,1000.0,365.0
16521.0,1751874377.0971253,0.012476085806162739,205.0,447.0,74.0
16522.0,1751874377.1129484,0.012597975915192648,860.0,1331.0,73.0
16527.0,1751874377.1951795,0.014196135108044476,1395.0,666.0,74.0
16536.0,1751874377.312795,0.00878547007314012,1298.0,1316.0,75.0
16551.0,1751874377.3965962,0.01798133235724744,1373.0,438.0,73.0
16552.0,1751874377.418707,0.0023875630651556236,507.0,577.0,74.0
16561.0,1751874377.5199811,0.009495906337938462,1173.0,266.0,73.0
16574.0,1751874377.7121978,0.005338904363974002,1374.0,918.0,73.0
16578.0,1751874377.7722979,0.0444947209653092,1452.0,878.0,73.0
16580.0,1751874377.7815683,0.4150268336314848,1384.0,1505.0,73.0
16593.0,1751874378.0282829,0.0038321580409687228,1416.0,1338.0,74.0
16603.0,1751874378.177314,0.12096581400908439,1452.0,568.0,73.0
16609.0,1751874378.2280717,0.027877488228986995,1360.0,627.0,73.0
16614.0,1751874378.2572424,0.01621312600045735,1318.0,202.0,73.0
16616.0,1751874378.2808971,0.008279591385858416,1008.0,333.0,74.0
16618.0,1751874378.3098254,0.013178381675468306,1346.0,473.0,73.0
16621.0,1751874378.3579617,0.014488791689447786,199.0,717.0,74.0
16623.0,1751874378.3590095,0.07558997050147492,1293.0,412.0,72.0
16628.0,1751874378.4320319,0.002098189979150897,393.0,975.0,73.0
16641.0,1751874378.6265998,0.11601085481682497,1415.0,851.0,73.0
16642.0,1751874378.6393843,0.018845419847328244,1421.0,833.0,74.0
16648.0,1751874378.68674,0.014737296882125626,858.0,744.0,73.0
16651.0,1751874378.7041938,0.022399294973010686,1366.0,1332.0,73.0
16657.0,1751874378.7916968,0.033699413269143975,693.0,2031.0,74.0
16661.0,1751874378.810826,0.035998172681589766,1360.0,552.0,74.0
16677.0,1751874379.0025942,0.0947075208913649,397.0,1341.0,74.0
16692.0,1751874379.1303167,0.08199302665616916,882.0,922.0,73.0
16694.0,1751874379.1617157,0.24466824644549762,303.0,1336.0,73.0
16696.0,1751874379.1784966,0.10227272727272728,1236.0,990.0,73.0
16703.0,1751874379.2370164,0.027181688125894134,2624.0,1653.0,-315.0
16705.0,1751874379.2514315,0.016855406851167768,1394.0,479.0,74.0
16706.0,1751874379.2605288,0.021936836587603196,1417.0,764.0,73.0
16720.0,1751874379.4359617,0.024208779259428832,1421.0,3246.0,74.0
16729.0,1751874379.5895176,0.007797899078430109,1387.0,1333.0,74.0
16730.0,1751874379.6063082,0.010403378972134818,1387.0,756.0,72.0
16732.0,1751874379.622517,0.38461538461538464,254.0,2775.0,74.0
16737.0,1751874379.655279,0.18853073463268366,1361.0,1336.0,74.0
16742.0,1751874379.6892128,0.009279398312836671,1310.0,417.0,74.0
16744.0,1751874379.7085228,0.02073721409639737,1354.0,1329.0,74.0
16747.0,1751874379.7310152,0.009018926226342218,480.0,870.0,73.0
16753.0,1751874379.8022375,0.27887981330221706,3897.0,547.0,73.0
16754.0,1751874379.8206387,0.011038293497815472,1357.0,1004.0,73.0
16757.0,1751874379.8299923,0.047979171832382844,336.0,775.0,72.0
16769.0,1751874379.9643219,0.02437835202340322,1417.0,596.0,73.0
16770.0,1751874379.98234,0.014153854233683021,1410.0,524.0,74.0
16773.0,1751874380.0030954,0.06132329209252286,359.0,333.0,74.0
16774.0,1751874380.0181723,0.014621492021067526,1370.0,697.0,73.0
16779.0,1751874380.09782,0.01198642296166901,1359.0,737.0,73.0
16782.0,1751874380.1328924,0.07079544146425694,1355.0,1332.0,74.0
16793.0,1751874380.3454762,0.0033568766452083715,1382.0,4057.0,74.0
16794.0,1751874380.353148,0.01876458689901976,1407.0,1238.0,74.0
16798.0,1751874380.3718102,0.025855814260273068,359.0,329.0,73.0
16808.0,1751874380.5217743,0.005350580096562658,1424.0,1417.0,73.0
16809.0,1751874380.5282297,0.009469556854331582,1334.0,689.0,80.0
16819.0,1751874380.6918209,0.017555496595029627,1352.0,466.0,75.0
16828.0,1751874380.7885325,0.024269543056954897,508.0,288.0,74.0
16835.0,1751874380.8704004,0.02034958224409247,1348.0,1275.0,75.0
16842.0,1751874380.9932804,0.009273431169532727,240.0,269.0,77.0
16845.0,1751874381.0437994,0.005126257831782798,664.0,783.0,73.0
16846.0,1751874381.066476,0.006469150370869858,385.0,591.0,74.0
16847.0,1751874381.0669012,0.29329268292682925,767.0,380.0,73.0
16852.0,1751874381.123186,0.011386189142293342,820.0,772.0,73.0
16853.0,1751874381.1268904,0.0546412541468809,748.0,1335.0,74.0
16854.0,1751874381.1332269,0.02832219327064688,1407.0,693.0,73.0
16859.0,1751874381.2017086,0.02137712621954334,1426.0,597.0,73.0
16860.0,1751874381.2122731,0.0163812023440505,312.0,1337.0,73.0
16862.0,1751874381.2222562,0.03138591220911985,1433.0,365.0,73.0
16868.0,1751874381.28274,0.02728841264075554,1323.0,1334.0,73.0
16873.0,1751874381.3578994,0.03839869281045752,1351.0,798.0,73.0
16874.0,1751874381.3594284,0.0317885226702359,1403.0,1328.0,74.0
16882.0,1751874381.4472303,0.01235984815043701,1402.0,1331.0,74.0
16895.0,1751874381.557524,0.008071955719557196,283.0,230.0,74.0
16898.0,1751874381.5752265,0.0038005164060460122,1388.0,1285.0,74.0
16899.0,1751874381.59232,0.00414672158521652,1428.0,1334.0,74.0
16900.0,1751874381.6051455,0.007218809731475124,387.0,1335.0,75.0
16904.0,1751874381.682719,0.013562614068281902,1376.0,423.0,73.0
16905.0,1751874381.7349818,0.003863293240833231,1436.0,506.0,73.0
16916.0,1751874381.8341923,0.027895623874004766,1318.0,422.0,73.0
16920.0,1751874381.8555279,0.02645095017976374,1389.0,1333.0,74.0
16921.0,1751874381.863417,0.0182288496652465,1372.0,647.0,73.0
16922.0,1751874381.8684146,0.030900723208415515,580.0,413.0,72.0
16926.0,1751874381.896542,0.008932137540394321,1415.0,215.0,73.0
16935.0,1751874381.9957485,0.010555779151878818,1121.0,641.0,74.0
16940.0,1751874382.0495868,0.022356828193832598,1382.0,364.0,73.0
16943.0,1751874382.0953798,0.03646681036378833,1797.0,575.0,73.0
16946.0,1751874382.1610587,0.013108263973315876,1388.0,1330.0,73.0
16958.0,1751874382.2532473,0.01568237115682371,1271.0,764.0,73.0
16960.0,1751874382.2657473,0.03501536470968785,1367.0,1337.0,74.0
16961.0,1751874382.2682827,0.06538461538461539,1419.0,204.0,73.0
16963.0,1751874382.275942,0.019724262855992755,1374.0,398.0,74.0
16967.0,1751874382.332422,0.02432028682402151,1413.0,558.0,77.0
16969.0,1751874382.3407815,0.011380344645062636,1397.0,1338.0,74.0
16970.0,1751874382.3461075,0.02638112973308504,1356.0,932.0,74.0
16971.0,1751874382.3464622,0.1877890841813136,572.0,274.0,73.0
16984.0,1751874382.5322976,0.016259618601538975,1425.0,2947.0,74.0
16996.0,1751874382.6948688,0.06486313771434657,1373.0,799.0,73.0
17002.0,1751874382.7977388,0.005406936099041618,1392.0,840.0,74.0
17008.0,1751874382.8351643,0.019052044609665426,1348.0,481.0,73.0
17010.0,1751874382.8734572,0.015741277384954212,310.0,1059.0,73.0
17011.0,1751874382.8737516,0.3401442307692308,597.0,515.0,73.0
17017.0,1751874382.9707456,0.01808092485549133,1430.0,341.0,73.0
17018.0,1751874382.9819632,0.013861302455309978,591.0,909.0,73.0
17021.0,1751874383.0150554,0.01467673683646687,543.0,1199.0,74.0
17022.0,1751874383.0408354,0.0055698689551630185,1340.0,1328.0,74.0
17026.0,1751874383.115022,0.006342091993949241,1333.0,192.0,74.0
17032.0,1751874383.2689502,0.020810880164228895,216.0,507.0,73.0
17048.0,1751874383.5034034,0.22676371780515117,2172.0,1334.0,73.0
17049.0,1751874383.5565865,0.002401401414855535,1440.0,1335.0,74.0
17051.0,1751874383.6209512,0.004961379350247346,1232.0,677.0,73.0
17053.0,1751874383.6641462,0.021061641614898777,1387.0,499.0,72.0
17056.0,1751874383.6888402,0.008298538622129436,1437.0,1336.0,75.0
17058.0,1751874383.7159293,0.0021394582498247858,1347.0,583.0,73.0
17070.0,1751874383.87499,0.023981311727482406,1410.0,730.0,73.0
17072.0,1751874383.8894372,0.023680823680823682,1309.0,537.0,74.0
17078.0,1751874383.9735909,0.025916991402239128,1335.0,761.0,73.0
17087.0,1751874384.066133,0.01699859747545582,1416.0,1323.0,74.0
17093.0,1751874384.1430912,0.0121845620979713,1436.0,846.0,74.0
17098.0,1751874384.2525616,0.00423059155340514,1427.0,352.0,73.0
17101.0,1751874384.2736235,0.019985974754558204,645.0,722.0,74.0
17103.0,1751874384.36246,0.0027509067977754898,342.0,884.0,74.0
17110.0,1751874384.4068012,0.033309126119583636,534.0,589.0,88.0
17112.0,1751874384.4554477,0.01165297137706246,683.0,318.0,72.0
17140.0,1751874384.828408,0.0374173337974243,1433.0,480.0,73.0
17141.0,1751874384.8545434,0.007903917435860164,390.0,625.0,73.0
17146.0,1751874384.9592137,0.0035218300201057214,1412.0,358.0,73.0
17149.0,1751874384.9881766,0.0925845932325414,2192.0,867.0,-491.0
17167.0,1751874385.192157,0.011946978173060513,1337.0,585.0,73.0
17172.0,1751874385.233836,0.0587440918298447,809.0,376.0,73.0
17182.0,1751874385.3504975,0.01378902629981146,1448.0,263.0,73.0
17183.0,1751874385.3663995,0.010521569216894634,779.0,2874.0,79.0
17191.0,1751874385.4382749,0.002807601320612473,1268.0,848.0,74.0
17195.0,1751874385.4933898,0.026055095671054417,458.0,871.0,74.0
17200.0,1751874385.5259368,0.02367198292100967,1392.0,844.0,74.0
17203.0,1751874385.5344784,0.033877261440227034,451.0,1335.0,73.0
17211.0,1751874385.6974206,0.060662333642835034,301.0,1339.0,72.0
17215.0,1751874385.757971,0.020461318840942672,518.0,533.0,72.0
17216.0,1751874385.7582743,0.3635036496350365,617.0,1864.0,74.0
17219.0,1751874385.7770448,0.02177766523170423,1373.0,1298.0,73.0
17221.0,1751874385.7925873,0.013598927408542424,329.0,759.0,72.0
17226.0,1751874385.8307593,0.006303163821063582,1432.0,366.0,87.0
17232.0,1751874385.8841515,0.015839151797258855,1369.0,511.0,74.0
17236.0,1751874385.9593093,0.004958877600387035,1323.0,1342.0,74.0
17240.0,1751874386.0082412,0.009244944970565652,1416.0,493.0,73.0
17248.0,1751874386.1372838,0.015374398808685328,860.0,1333.0,75.0
17250.0,1751874386.1444168,0.17140502678203542,1371.0,505.0,74.0
17252.0,1751874386.1771019,0.008341735309224418,715.0,1111.0,75.0
17254.0,1751874386.1861417,0.020165186224092253,764.0,550.0,73.0
17260.0,1751874386.237274,0.011202321640571887,667.0,311.0,74.0
17263.0,1751874386.2619743,0.013262750455373406,622.0,500.0,74.0
17266.0,1751874386.2858536,0.0412669864108713,725.0,536.0,73.0
17268.0,1751874386.3008578,0.009863269837559892,1404.0,573.0,94.0
17269.0,1751874386.306223,0.03478564873486868,1373.0,730.0,74.0
17270.0,1751874386.342228,0.00802292642019004,1355.0,963.0,74.0
17274.0,1751874386.3670769,0.007952286282306162,1394.0,673.0,-903.0
17276.0,1751874386.3795838,0.05017640141121129,710.0,1330.0,-333.0
17283.0,1751874386.464911,0.014969389278781544,1370.0,616.0,73.0
17284.0,1751874386.4684503,0.02596439169139466,523.0,331.0,71.0
17289.0,1751874386.5478377,0.007382216323822163,1325.0,1334.0,74.0
17292.0,1751874386.6322038,0.005234909769757312,748.0,1080.0,73.0
17296.0,1751874386.6600997,0.02044225064193653,1378.0,343.0,74.0
17301.0,1751874386.7518902,0.01764783353088371,1413.0,1333.0,74.0
17313.0,1751874386.8498344,0.008439287102326356,574.0,1340.0,73.0
17315.0,1751874386.870396,0.040664517728737914,877.0,873.0,74.0
17321.0,1751874387.030729,0.02330080267944794,1383.0,375.0,74.0
17328.0,1751874387.177673,0.0223666031888279,1417.0,915.0,73.0
17343.0,1751874387.372873,0.0035712830818950886,1404.0,289.0,73.0
17349.0,1751874387.4087467,0.007715020478140776,1306.0,302.0,74.0
17353.0,1751874387.4598868,0.010861328618337964,1354.0,571.0,73.0
17359.0,1751874387.5352578,0.06416837782340862,1368.0,208.0,72.0
17366.0,1751874387.6329951,0.00747372668062787,341.0,417.0,73.0
17370.0,1751874387.668821,0.011645962732919254,746.0,658.0,73.0
17382.0,1751874387.9590073,0.0010376843255051884,1414.0,1330.0,73.0
17383.0,1751874387.974703,0.011996792786795964,567.0,2151.0,74.0
17391.0,1751874388.06252,0.010328035532723283,1385.0,825.0,79.0
17394.0,1751874388.0823033,0.01544114430689821,721.0,702.0,74.0
17402.0,1751874388.1676822,0.006213924321242785,1382.0,1337.0,74.0
17404.0,1751874388.1804364,0.014998977342453923,1341.0,1288.0,75.0
17406.0,1751874388.247667,0.00579651632252855,1350.0,1332.0,73.0
17411.0,1751874388.3264909,0.009675139521848269,580.0,439.0,73.0
17421.0,1751874388.5342972,0.0024281532730175627,898.0,2025.0,73.0
17423.0,1751874388.5477903,0.004627041798646047,1403.0,783.0,73.0
17425.0,1751874388.5721657,0.009376465072667605,1405.0,379.0,73.0
17428.0,1751874388.5870235,0.01383324006715165,1347.0,297.0,72.0
17430.0,1751874388.5975428,0.011864406779661017,1354.0,579.0,73.0
17437.0,1751874388.6814833,0.002598497527337704,1444.0,1334.0,74.0
17438.0,1751874388.6892812,0.006125904263506234,620.0,3346.0,33.0
17439.0,1751874388.707672,0.005994057615295182,859.0,218.0,78.0
17446.0,1751874388.7775776,0.09256370254810192,2370.0,339.0,73.0
17448.0,1751874388.811343,0.005358821059366939,1392.0,294.0,72.0
17449.0,1751874388.8128738,0.028765085138039347,1362.0,1334.0,73.0
17457.0,1751874388.9061346,0.016707667076670766,1355.0,1025.0,74.0
17460.0,1751874388.9829373,0.011028103877623622,346.0,789.0,73.0
17465.0,1751874389.0375464,0.01621900826446281,1433.0,1333.0,74.0
17471.0,1751874389.061583,0.07085407889697434,1363.0,735.0,74.0
17474.0,1751874389.0838969,0.0065271966527196655,467.0,319.0,73.0
17475.0,1751874389.1057498,0.007000304361059176,407.0,312.0,73.0
17477.0,1751874389.1239498,0.030998610116665964,1378.0,1012.0,73.0
17479.0,1751874389.1359222,0.02298659806647027,1325.0,773.0,73.0
17484.0,1751874389.2314913,0.005090895275725167,503.0,878.0,73.0
17490.0,1751874389.2996292,0.062298711755233493,356.0,388.0,74.0
17497.0,1751874389.35631,0.027478689995513682,633.0,607.0,77.0
17499.0,1751874389.377202,0.014194619147449336,479.0,409.0,71.0
17503.0,1751874389.4270575,0.03457234212629896,1202.0,652.0,73.0
17504.0,1751874389.447913,0.007728150926241619,651.0,519.0,74.0
17507.0,1751874389.4697804,0.024402298140483104,1350.0,1332.0,74.0
17513.0,1751874389.6007228,0.00784391891099673,1349.0,563.0,72.0
17521.0,1751874389.6833482,0.0188912094171255,1190.0,666.0,73.0
17522.0,1751874389.6859012,0.040814366657063283,1329.0,1329.0,74.0
17525.0,1751874389.7290883,0.00710749767953522,920.0,797.0,74.0
17544.0,1751874390.083986,0.012414846883555103,1261.0,1041.0,75.0
17549.0,1751874390.119507,0.07445442875481387,510.0,834.0,74.0
17552.0,1751874390.1281834,0.11749571183533447,1391.0,1332.0,73.0
17559.0,1751874390.301178,0.003013451800304452,667.0,833.0,73.0
17564.0,1751874390.3324337,0.020040466326235667,1638.0,853.0,73.0
17567.0,1751874390.3346987,0.0740546218487395,1411.0,479.0,74.0
17569.0,1751874390.3655884,0.003329957603117115,3542.0,400.0,72.0
17570.0,1751874390.3912656,0.0065725526498495715,1281.0,222.0,72.0
17574.0,1751874390.425301,0.026920355959340208,717.0,565.0,73.0
17577.0,1751874390.4490983,0.010194933271856348,1386.0,248.0,73.0
17580.0,1751874390.4869223,0.015040246288041561,1357.0,223.0,157.0
17592.0,1751874390.5918074,0.011176321414339021,1439.0,473.0,74.0
17594.0,1751874390.612078,0.008447839262734028,238.0,617.0,73.0
17595.0,1751874390.6167502,0.01996833665287779,1332.0,737.0,73.0
17605.0,1751874390.6830835,0.04188900747065102,1349.0,495.0,73.0
17606.0,1751874390.6879048,0.016516369339345225,4288.0,1583.0,343.0
17610.0,1751874390.7101147,0.021741927183841502,1432.0,1335.0,73.0
17611.0,1751874390.7155783,0.016853204269478415,562.0,551.0,73.0
17615.0,1751874390.7364516,0.021018502990664656,1392.0,633.0,74.0
17617.0,1751874390.7721179,0.006856826481830475,1439.0,1187.0,74.0
17624.0,1751874390.9591796,0.0018882517507870233,1374.0,488.0,73.0
17633.0,1751874391.05515,0.006723970608623319,1340.0,820.0,73.0
17636.0,1751874391.0811117,0.005340345908769091,1357.0,297.0,456.0
17638.0,1751874391.0843709,0.1770573566084788,1415.0,765.0,74.0
17645.0,1751874391.1236951,0.013087217064613283,1322.0,841.0,81.0
17649.0,1751874391.154025,0.02082339850580194,4016.0,1328.0,73.0
17672.0,1751874391.377641,0.47880299251870323,1220.0,957.0,73.0
17674.0,1751874391.4008675,0.00911319846396704,567.0,1335.0,74.0
17675.0,1751874391.4067335,0.010448755307634668,1425.0,1495.0,74.0
17676.0,1751874391.4105465,0.012667753668631631,624.0,1179.0,75.0
17680.0,1751874391.450602,0.010085256810147639,601.0,489.0,72.0
17684.0,1751874391.5279717,0.0028698134366398204,497.0,531.0,74.0
17694.0,1751874391.628527,0.029745846940224335,883.0,986.0,74.0
17696.0,1751874391.6424158,0.03109096692111959,1408.0,301.0,72.0
17698.0,1751874391.6758034,0.006446889906956974,224.0,2527.0,75.0
17701.0,1751874391.709229,0.008248047401023431,1344.0,1327.0,74.0
17703.0,1751874391.731963,0.017993444930819825,1348.0,749.0,73.0
17704.0,1751874391.7386494,0.015909173084571716,1409.0,304.0,73.0
17710.0,1751874391.814294,0.030499260502858058,1335.0,613.0,87.0
17716.0,1751874391.959632,0.0028848567371204384,1387.0,231.0,73.0
17717.0,1751874391.998122,0.003542820978960235,623.0,1341.0,73.0
17726.0,1751874392.1153874,0.04812295288485765,465.0,1070.0,74.0
17728.0,1751874392.1292262,0.008781081551034603,1348.0,658.0,72.0
17739.0,1751874392.2315211,0.02892390149239939,1316.0,312.0,74.0
17741.0,1751874392.259607,0.020030503304524657,545.0,698.0,74.0
17744.0,1751874392.2869298,0.02743576017130621,1349.0,519.0,73.0
17747.0,1751874392.3536074,0.014294892386765179,685.0,596.0,73.0
17750.0,1751874392.425462,0.0020381623076864575,2172.0,800.0,73.0
17752.0,1751874392.4445736,0.0541413822996296,1384.0,791.0,73.0
17753.0,1751874392.4505997,0.03302535875761746,331.0,298.0,76.0
17760.0,1751874392.488325,0.13637613417651911,1362.0,870.0,73.0
17762.0,1751874392.498094,0.37299771167048057,1344.0,724.0,74.0
17771.0,1751874392.553097,0.05351448773048662,409.0,1336.0,73.0
17772.0,1751874392.5588481,0.024848036799737145,1325.0,343.0,73.0
17773.0,1751874392.5648782,0.023576881996914434,1363.0,384.0,91.0
17777.0,1751874392.7138526,0.008119833767182718,1394.0,840.0,73.0
17778.0,1751874392.7146327,0.1511127063890883,812.0,296.0,73.0
17786.0,1751874392.7899246,0.008901403333484718,1422.0,1634.0,62.0
17793.0,1751874392.8576746,0.005698726052708354,1316.0,1342.0,74.0
17797.0,1751874392.9064696,0.010443864229765013,695.0,298.0,73.0
17798.0,1751874392.9094284,0.048572106637133135,244.0,668.0,73.0
17800.0,1751874392.9700866,0.009721475427465319,1421.0,1332.0,75.0
17802.0,1751874393.0139654,0.01129191398725157,491.0,707.0,73.0
17803.0,1751874393.041771,0.005577053428171842,1423.0,1343.0,74.0
17804.0,1751874393.0446305,0.03251685585047367,1363.0,358.0,73.0
17815.0,1751874393.1405694,0.009715759024022136,326.0,711.0,74.0
17816.0,1751874393.1409855,0.23215523215523215,241.0,701.0,74.0
17822.0,1751874393.2283077,0.025274407856730213,1342.0,1327.0,74.0
17832.0,1751874393.36652,0.01756756756756757,428.0,280.0,73.0
17835.0,1751874393.379446,0.01461013180879784,1239.0,825.0,74.0
17836.0,1751874393.3856854,0.008698306119334656,1405.0,1347.0,74.0
17845.0,1751874393.4526343,0.012338095175857067,599.0,1331.0,73.0
17847.0,1751874393.4833357,0.004635395046353951,543.0,786.0,74.0
17849.0,1751874393.4857655,0.02122865275142315,1380.0,218.0,74.0
17850.0,1751874393.52866,0.003459516998203712,1332.0,2517.0,74.0
17853.0,1751874393.5745537,0.015261792631022238,710.0,487.0,73.0
17861.0,1751874393.6365206,0.014697139052058312,1354.0,416.0,73.0
17866.0,1751874393.742801,0.0029265199613049027,1392.0,2037.0,74.0
17869.0,1751874393.8075378,0.05149097018059639,1387.0,455.0,74.0
17875.0,1751874393.9600239,0.1857627118644068,1327.0,1336.0,74.0
17876.0,1751874393.9712179,0.020945591781109132,1470.0,372.0,74.0
17879.0,1751874394.0040433,0.02187072133746487,2533.0,562.0,94.0
17884.0,1751874394.0585694,0.01066467823885411,903.0,565.0,73.0
17902.0,1751874394.1865873,0.010273704023213866,1346.0,795.0,74.0
17915.0,1751874394.2818973,0.006940743725385706,1372.0,739.0,74.0
17918.0,1751874394.2949307,0.043501707711666365,488.0,554.0,74.0
17921.0,1751874394.3279812,0.02172555094697916,1365.0,1336.0,74.0
17925.0,1751874394.3535364,0.010371318822023048,467.0,875.0,77.0
17927.0,1751874394.368177,0.026156854225505104,932.0,972.0,74.0
17931.0,1751874394.397139,0.013823674273518306,1344.0,1337.0,75.0
17937.0,1751874394.5524492,0.014260104302477183,1417.0,600.0,74.0
17947.0,1751874394.636287,0.005463820531190388,759.0,533.0,74.0
17949.0,1751874394.6846898,0.005465779467680608,1403.0,736.0,72.0
17951.0,1751874394.691122,0.037037037037037035,1405.0,885.0,74.0
17954.0,1751874394.7374184,0.012266714712550485,692.0,601.0,74.0
17955.0,1751874394.741747,0.045051495291072316,1338.0,610.0,74.0
17959.0,1751874394.8010385,0.04034357105674128,1325.0,471.0,73.0
17962.0,1751874394.8284688,0.03431486204498029,1348.0,396.0,74.0
17965.0,1751874394.852611,0.009096447553622823,1356.0,823.0,74.0
17979.0,1751874395.0226603,0.031377828405737065,3634.0,1326.0,75.0
17983.0,1751874395.0921066,0.011922475296631185,1359.0,843.0,74.0
17986.0,1751874395.1156492,0.011537660947396592,343.0,818.0,74.0
17987.0,1751874395.121621,0.01584514069048094,417.0,1144.0,73.0
17991.0,1751874395.2036066,0.018376985830828682,987.0,372.0,73.0
17992.0,1751874395.203875,0.43956043956043955,1346.0,638.0,73.0
17999.0,1751874395.2524185,0.020081790072148154,1362.0,491.0,73.0
18002.0,1751874395.3256955,0.0037842822811090266,816.0,404.0,73.0
18003.0,1751874395.3283944,0.05763351915123179,812.0,463.0,72.0
18005.0,1751874395.3449461,0.01236506678050863,1386.0,282.0,72.0
18007.0,1751874395.3655055,0.009196794501640775,1337.0,433.0,78.0
18013.0,1751874395.4995327,0.0012694243817027795,1339.0,650.0,72.0
18016.0,1751874395.5240638,0.02922481691308553,1379.0,655.0,73.0
18021.0,1751874395.5915306,0.02607132154629907,1420.0,851.0,74.0
18028.0,1751874395.6714685,0.020192650731359257,310.0,2627.0,74.0
18033.0,1751874395.75175,0.009074811863656485,722.0,497.0,73.0
18035.0,1751874395.7886665,0.005217011822581925,927.0,915.0,74.0
18036.0,1751874395.8069053,0.005102440297533603,488.0,733.0,74.0
18037.0,1751874395.8114784,0.03153013910355487,1365.0,797.0,74.0
18045.0,1751874395.9693108,0.012004656351554543,1370.0,475.0,73.0
18063.0,1751874396.249591,0.007958925083152948,1019.0,265.0,98.0
18074.0,1751874396.3683767,0.0063537803812268225,354.0,672.0,75.0
18076.0,1751874396.3789577,0.018394000866136347,1323.0,546.0,116.0
18081.0,1751874396.3934584,0.03373597929249353,1346.0,1333.0,74.0
18082.0,1751874396.4018927,0.009738421469822216,213.0,579.0,74.0
18094.0,1751874396.4799676,0.008359636238632458,653.0,1010.0,73.0
18095.0,1751874396.4912066,0.006417636774551191,1376.0,549.0,73.0
18099.0,1751874396.5420039,0.02332770209553934,1421.0,606.0,73.0
18105.0,1751874396.5981982,0.029649799561303987,536.0,197.0,73.0
18107.0,1751874396.6424885,0.004702105774773655,1338.0,669.0,74.0
18110.0,1751874396.6629539,0.009980747015787448,1420.0,622.0,73.0
18112.0,1751874396.6702383,0.06485539000876424,1389.0,969.0,75.0
18131.0,1751874396.8995366,0.16098081023454158,716.0,200.0,72.0
18142.0,1751874397.035498,0.008280746941403735,1055.0,542.0,74.0
18143.0,1751874397.0444415,0.02201357946106514,848.0,674.0,73.0
18145.0,1751874397.0524404,0.07925636007827788,916.0,415.0,72.0
18146.0,1751874397.0620425,0.015036111316522468,857.0,301.0,73.0
18147.0,1751874397.0711374,0.021401944683402414,735.0,475.0,73.0
18152.0,1751874397.1184268,0.00918551498319591,1348.0,766.0,74.0
18154.0,1751874397.133249,0.05230607966457023,1389.0,820.0,74.0
18155.0,1751874397.1422663,0.019104932594013614,791.0,810.0,74.0
18161.0,1751874397.2712655,0.01793793702298798,853.0,421.0,73.0
18178.0,1751874397.4521604,0.022682115509119728,683.0,284.0,73.0
18184.0,1751874397.5075788,0.011063278248391427,1365.0,729.0,74.0
18185.0,1751874397.5294688,0.006842259355244467,805.0,882.0,73.0
18187.0,1751874397.537269,0.020224625968751294,1387.0,654.0,73.0
18188.0,1751874397.5499709,0.00808058029841771,1406.0,464.0,73.0
18190.0,1751874397.5606377,0.016290825279589326,536.0,769.0,74.0
18195.0,1751874397.6102114,0.0523390458545623,546.0,592.0,73.0
18198.0,1751874397.6323447,0.02191960819446933,1371.0,791.0,74.0
18202.0,1751874397.6719277,0.01411701285355705,1327.0,594.0,73.0
18204.0,1751874397.6938918,0.019177834935246604,1265.0,1331.0,74.0
18208.0,1751874397.7301219,0.023038262592171392,1336.0,379.0,72.0
18212.0,1751874397.766238,0.00730416337312268,669.0,1128.0,74.0
18213.0,1751874397.7782586,0.014204376376296943,1377.0,534.0,73.0
18214.0,1751874397.7811885,0.04984807423831814,408.0,2165.0,-241.0
18216.0,1751874397.7903707,0.018334848065752557,406.0,1329.0,73.0
18219.0,1751874397.8218324,0.035597592433361996,1445.0,805.0,73.0
18221.0,1751874397.8516867,0.012614271070853294,279.0,1329.0,74.0
18222.0,1751874397.8581896,0.022823020844781477,1413.0,827.0,74.0
18230.0,1751874398.0127366,0.0029015350056158743,1309.0,592.0,73.0
18232.0,1751874398.0624077,0.005185222964587477,1347.0,838.0,75.0
18238.0,1751874398.0861888,0.018920156069490157,877.0,409.0,74.0
18239.0,1751874398.0921748,0.026043969293838672,1445.0,725.0,73.0
18244.0,1751874398.1436515,0.03873493975903614,1371.0,684.0,73.0
18252.0,1751874398.2143373,0.016657279879849128,1403.0,600.0,73.0
18259.0,1751874398.3076398,0.008079507431151897,472.0,1337.0,74.0
18267.0,1751874398.3975441,0.03065739570164349,1388.0,959.0,74.0
18273.0,1751874398.445634,0.002941963091735758,1379.0,597.0,74.0
18276.0,1751874398.4517126,0.022701259061426938,1379.0,717.0,74.0
18279.0,1751874398.4578621,0.007828616768050781,1742.0,863.0,73.0
18282.0,1751874398.4716125,0.011285450578956201,1392.0,603.0,73.0
18296.0,1751874398.629478,0.014435436029266363,1408.0,373.0,73.0
18306.0,1751874398.7482853,0.04288752875808482,1357.0,302.0,72.0
18309.0,1751874398.7569559,0.35368043087971274,1386.0,1330.0,73.0
18312.0,1751874398.7613485,0.23621460506706407,530.0,558.0,74.0
18316.0,1751874398.8269227,0.009676232523914642,621.0,722.0,74.0
18332.0,1751874399.0667453,0.008346206659800893,1156.0,336.0,72.0
18335.0,1751874399.1213086,0.2654473554127533,934.0,579.0,72.0
18346.0,1751874399.2798803,0.015247891829020064,842.0,1340.0,72.0
18347.0,1751874399.295097,0.007001277260040683,574.0,838.0,73.0
18349.0,1751874399.3059888,0.02342447858011622,1417.0,756.0,74.0
18354.0,1751874399.3454368,0.025093984962406016,621.0,838.0,73.0
18359.0,1751874399.3993042,0.014469922399206489,367.0,555.0,74.0
18360.0,1751874399.407491,0.017844707520891366,826.0,591.0,74.0
18362.0,1751874399.424506,0.027583157608325963,1425.0,455.0,73.0
18364.0,1751874399.4433804,0.0560962661475845,1508.0,517.0,73.0
18367.0,1751874399.4718099,0.37969924812030076,1352.0,2807.0,74.0
18371.0,1751874399.5254006,0.006599468948983012,1404.0,730.0,75.0
18372.0,1751874399.5326622,0.008437848841026987,1342.0,1332.0,73.0
18377.0,1751874399.5860062,0.021496759807678907,1117.0,254.0,72.0
18384.0,1751874399.6287448,0.007944890929965557,1394.0,336.0,99.0
18386.0,1751874399.66822,0.006442299981287925,1359.0,201.0,156.0
18390.0,1751874399.7146564,0.0033352199223803366,1371.0,483.0,74.0
18394.0,1751874399.7782972,0.005414312617702448,1364.0,1085.0,77.0
18398.0,1751874399.8202975,0.01711328774718167,1427.0,2640.0,45.0
18399.0,1751874399.8318548,0.004939615296062959,1298.0,766.0,74.0
18400.0,1751874399.872554,0.0035071311667056347,412.0,270.0,72.0
18403.0,1751874399.8870642,0.0255792762301484,501.0,1332.0,74.0
18405.0,1751874399.962221,0.04190919674039581,651.0,251.0,73.0
18410.0,1751874399.9787207,0.03173621844410098,653.0,692.0,73.0
18421.0,1751874400.1171246,0.005018956490341217,730.0,1334.0,74.0
18427.0,1751874400.206325,0.015794099183929693,299.0,269.0,101.0
18433.0,1751874400.258426,0.02085516663173339,345.0,676.0,75.0
18434.0,1751874400.2681,0.012218507227849345,540.0,1130.0,74.0
18436.0,1751874400.2713916,0.22656641604010025,780.0,264.0,71.0
18446.0,1751874400.398864,0.033599305216305705,747.0,543.0,88.0
18453.0,1751874400.5254238,0.005408856550860116,1767.0,661.0,73.0
18455.0,1751874400.5687962,0.0028055691597285385,333.0,307.0,-265.0
18457.0,1751874400.5795255,0.014183551847437425,1198.0,906.0,74.0
18458.0,1751874400.5829885,0.02649683264082828,1329.0,1340.0,74.0
18459.0,1751874400.5870135,0.023158019426676144,296.0,277.0,74.0
18462.0,1751874400.6290462,0.016975711674066335,648.0,435.0,94.0
18463.0,1751874400.6432378,0.01443001443001443,1361.0,816.0,74.0
18467.0,1751874400.6974869,0.011692743785316002,1358.0,852.0,73.0
18468.0,1751874400.6988328,0.05620300751879699,235.0,448.0,72.0
18471.0,1751874400.717982,0.0352773826458037,1387.0,628.0,73.0
18472.0,1751874400.7384436,0.009376666125779457,593.0,786.0,73.0
18478.0,1751874400.787826,0.0342902711323764,1367.0,1341.0,73.0
18486.0,1751874400.8755033,0.03962283077540375,631.0,924.0,74.0
18488.0,1751874400.8840067,0.017061010403758032,1413.0,208.0,73.0
18491.0,1751874400.896749,0.020753213456674635,1426.0,405.0,74.0
18497.0,1751874400.9935036,0.010618731998473123,1326.0,505.0,73.0
18501.0,1751874401.0143473,0.05042016806722689,1391.0,253.0,72.0
18504.0,1751874401.0376852,0.02378156194950088,1398.0,673.0,74.0
18510.0,1751874401.1194386,0.03322005097706032,285.0,523.0,72.0
18511.0,1751874401.1347342,0.013048727632963903,411.0,564.0,73.0
18513.0,1751874401.1419864,0.02404809619238477,1400.0,517.0,73.0
18517.0,1751874401.2024593,0.013630145909327774,1290.0,496.0,73.0
18519.0,1751874401.2165399,0.010966869851309648,3591.0,850.0,73.0
18524.0,1751874401.2639282,0.025491216135099443,208.0,356.0,73.0
18531.0,1751874401.3443122,0.047792272955343704,205.0,421.0,73.0
18535.0,1751874401.3786554,0.025954198473282442,1038.0,292.0,72.0
18538.0,1751874401.4547403,0.003962437460913071,874.0,508.0,73.0
18553.0,1751874401.5918877,0.011138613861386138,1435.0,1342.0,74.0
18556.0,1751874401.6065378,0.011021619330224672,1384.0,281.0,73.0
18560.0,1751874401.652,0.02694610778443114,1364.0,908.0,75.0
18573.0,1751874401.7682843,0.04394726328405913,849.0,451.0,73.0
18574.0,1751874401.7735348,0.02892914730152708,572.0,860.0,74.0
18581.0,1751874401.8442357,0.00706750506677753,893.0,536.0,72.0
18584.0,1751874401.869546,0.005726351545196865,1390.0,207.0,73.0
18587.0,1751874401.9078996,0.029083741947889628,2262.0,672.0,73.0
18592.0,1751874402.031802,0.019770660340055358,694.0,1389.0,74.0
18594.0,1751874402.1075625,0.0042296280963223624,1368.0,577.0,96.0
18599.0,1751874402.1401021,0.1933111954459203,515.0,294.0,102.0
18609.0,1751874402.2746937,0.009722873429904005,1307.0,509.0,103.0
18610.0,1751874402.2757568,0.09926877908265012,199.0,1115.0,73.0
18611.0,1751874402.2767272,0.06986899563318777,680.0,879.0,74.0
18613.0,1751874402.3117232,0.007485705229021128,1348.0,1022.0,74.0
18617.0,1751874402.3787851,0.005539106834443622,264.0,974.0,73.0
18620.0,1751874402.4033237,0.025471942073959142,767.0,1336.0,74.0
18627.0,1751874402.4704235,0.11462140992167102,1396.0,1294.0,74.0
18637.0,1751874402.5602863,0.09794628751974724,1297.0,468.0,82.0
18639.0,1751874402.5715432,0.040172166427546625,1060.0,811.0,73.0
18647.0,1751874402.710413,0.12525972098545562,1309.0,529.0,75.0
18667.0,1751874403.0030742,0.004542695648875232,436.0,864.0,73.0
18685.0,1751874403.1704779,0.03311567164179104,1363.0,388.0,75.0
18691.0,1751874403.2399163,0.014346575392346066,1385.0,1332.0,74.0
18692.0,1751874403.240767,0.11526653642199275,3778.0,464.0,73.0
18696.0,1751874403.2896202,0.00866594132356029,1369.0,613.0,74.0
18701.0,1751874403.362789,0.015934818660321582,1171.0,473.0,73.0
18702.0,1751874403.3840857,0.00683343228740744,1357.0,1312.0,74.0
18706.0,1751874403.4805808,0.006799163179916318,1408.0,311.0,74.0
18718.0,1751874403.6746147,0.005118683621064107,416.0,755.0,73.0
18719.0,1751874403.6840892,0.008438283962192433,740.0,1115.0,73.0
18729.0,1751874403.8684132,0.0025912565053603444,1399.0,430.0,72.0
18732.0,1751874403.9628847,0.025351389512868236,687.0,377.0,74.0
18733.0,1751874403.9820096,0.009921127040031747,314.0,1344.0,73.0
18736.0,1751874404.0002391,0.009550028016663825,895.0,342.0,73.0
18749.0,1751874404.142714,0.022605900347384248,397.0,571.0,74.0
18751.0,1751874404.149038,0.4803921568627451,1777.0,948.0,74.0
18755.0,1751874404.1779673,0.014291964415925331,1359.0,421.0,72.0
18758.0,1751874404.2228842,0.019849190507873142,1356.0,552.0,74.0
18763.0,1751874404.2734914,0.22988505747126436,3248.0,1007.0,-762.0
18772.0,1751874404.347482,0.03280046384494326,1364.0,724.0,74.0
18773.0,1751874404.354475,0.017253652418562082,650.0,238.0,71.0
18776.0,1751874404.3675916,0.011973217802284363,1283.0,559.0,73.0
18779.0,1751874404.3864393,0.0443650126156434,751.0,635.0,73.0
18783.0,1751874404.3981454,0.01899468342194297,489.0,892.0,77.0
18787.0,1751874404.4682188,0.01494543976487509,1323.0,261.0,73.0
18800.0,1751874404.6392813,0.012571887120502875,1441.0,869.0,73.0
18812.0,1751874404.7408297,0.005706634360952594,205.0,712.0,74.0
18819.0,1751874404.796559,0.004664007364222154,228.0,515.0,74.0
18821.0,1751874404.8528893,0.003423914458552843,1413.0,1347.0,73.0
18822.0,1751874404.8756616,0.008426495833856719,528.0,1339.0,73.0
18824.0,1751874404.8947008,0.008312822179909906,1322.0,3156.0,73.0
18826.0,1751874404.9712498,0.014224163371303783,321.0,572.0,73.0
18829.0,1751874404.9767377,0.04312993854258121,1395.0,641.0,74.0
18835.0,1751874405.0717115,0.0077559124849682585,1334.0,260.0,72.0
18842.0,1751874405.1228957,0.022293345105396756,1430.0,1331.0,73.0
18850.0,1751874405.2618299,0.126,502.0,1335.0,74.0
18860.0,1751874405.4573066,0.0556177260519248,1446.0,647.0,73.0
18862.0,1751874405.5122113,0.0030729385412291755,1404.0,464.0,73.0
18864.0,1751874405.5173314,0.08825214899713467,285.0,533.0,73.0
18865.0,1751874405.5235207,0.006850369458128079,1391.0,1336.0,74.0
18868.0,1751874405.548818,0.03482142857142857,1469.0,1336.0,74.0
18872.0,1751874405.619833,0.020356234096692113,1351.0,329.0,122.0
18878.0,1751874405.668703,0.22015113350125945,1159.0,279.0,72.0
18879.0,1751874405.689192,0.014157088343459264,1426.0,549.0,74.0
18881.0,1751874405.7243874,0.006133522057088936,1359.0,844.0,73.0
18884.0,1751874405.7764502,0.0439289597680319,1358.0,879.0,73.0
18887.0,1751874405.7943788,0.01272684421399953,698.0,319.0,72.0
18890.0,1751874405.8217342,0.017338331771321464,735.0,705.0,73.0
18891.0,1751874405.8458211,0.006437958359994093,1420.0,461.0,73.0
18893.0,1751874405.8643298,0.03767403767403767,757.0,3343.0,189.0
18897.0,1751874405.8995447,0.015496850786170647,527.0,245.0,72.0
18911.0,1751874406.1285636,0.003118296655279256,1411.0,861.0,74.0
18914.0,1751874406.1840796,0.001966878907736151,1435.0,847.0,73.0
18919.0,1751874406.2264967,0.08435949274030509,584.0,385.0,74.0
18921.0,1751874406.2461755,0.04570843418357848,606.0,1058.0,73.0
18929.0,1751874406.3511627,0.013974041598223168,1347.0,544.0,73.0
18936.0,1751874406.4367342,0.004150755437489623,492.0,3354.0,73.0
18939.0,1751874406.490221,0.002878564734234837,744.0,560.0,72.0
18941.0,1751874406.5005307,0.12164339419978518,762.0,3338.0,74.0
18944.0,1751874406.5702553,0.03772859996926387,1403.0,1339.0,73.0
18948.0,1751874406.6272283,0.0191221727568795,1389.0,1325.0,73.0
18952.0,1751874406.6405072,0.01282272439767696,1081.0,595.0,73.0
18957.0,1751874406.6916983,0.04075705050126487,3300.0,409.0,72.0
18961.0,1751874406.7252674,0.0233820004358248,772.0,994.0,73.0
18963.0,1751874406.7395618,0.02069324993484493,1392.0,813.0,73.0
18975.0,1751874406.975546,0.02052973611658133,1387.0,483.0,74.0
18977.0,1751874407.0082636,0.02951074294589697,383.0,1800.0,74.0
18978.0,1751874407.0120769,0.03772065655001548,471.0,955.0,73.0
18980.0,1751874407.0294902,0.01136478213899892,391.0,712.0,74.0
18983.0,1751874407.045572,0.02104236343366778,1379.0,1110.0,82.0
18991.0,1751874407.1105752,0.011150234741784037,697.0,585.0,73.0
18992.0,1751874407.112851,0.03732290124762106,1424.0,337.0,72.0
18993.0,1751874407.1316402,0.005034748643027444,1334.0,765.0,74.0
19001.0,1751874407.1532428,0.09868421052631579,1366.0,873.0,74.0
19006.0,1751874407.2508411,0.011895401116958004,266.0,1331.0,75.0
19012.0,1751874407.3636944,0.01964203963288352,627.0,839.0,73.0
19013.0,1751874407.3651736,0.034892217756667884,853.0,919.0,73.0
19014.0,1751874407.3738873,0.015964067319660154,588.0,633.0,73.0
19020.0,1751874407.4296024,0.02555135653449151,1388.0,905.0,74.0
19021.0,1751874407.444051,0.012621247681727912,1328.0,1328.0,74.0
19026.0,1751874407.4891083,0.005889281507656066,1397.0,555.0,73.0
19027.0,1751874407.509157,0.004085025531409572,1433.0,1333.0,74.0
19042.0,1751874407.6359916,0.008384404620136126,1434.0,1337.0,74.0
19049.0,1751874407.706337,0.007405036749288189,1394.0,1338.0,73.0
19052.0,1751874407.7265642,0.013114900854930398,1404.0,358.0,-706.0
19055.0,1751874407.790455,0.0012776615841316962,1382.0,1335.0,74.0
19056.0,1751874407.8007228,0.019508057675996608,1450.0,1336.0,74.0
19068.0,1751874407.9602253,0.0032447912561414573,560.0,508.0,73.0
19079.0,1751874408.0804915,0.010728982951205173,1341.0,907.0,73.0
19080.0,1751874408.097329,0.01560587084699492,1420.0,475.0,74.0
19081.0,1751874408.098361,0.05622608183691492,240.0,316.0,73.0
19086.0,1751874408.1805642,0.0286666026072195,1245.0,792.0,75.0
19090.0,1751874408.2328324,0.004208885424785659,394.0,778.0,73.0
19096.0,1751874408.3519847,0.010472147176122475,1166.0,231.0,72.0
19098.0,1751874408.3614433,0.023329566580395873,525.0,355.0,75.0
19106.0,1751874408.459027,0.01699913269731136,1417.0,1334.0,74.0
19109.0,1751874408.4914064,0.016932954322681826,1442.0,264.0,73.0
19110.0,1751874408.4916248,0.5768463073852296,293.0,535.0,74.0
19112.0,1751874408.5096385,0.005543937458771351,667.0,512.0,73.0
19114.0,1751874408.5655105,0.0026195647801777887,1425.0,694.0,74.0
19115.0,1751874408.5794253,0.007243889041472123,353.0,831.0,74.0
19119.0,1751874408.5964334,0.09132189707366296,1343.0,1332.0,73.0
19120.0,1751874408.6076922,0.008326131405324509,639.0,524.0,74.0
19125.0,1751874408.6498322,0.07040121120363362,1388.0,552.0,73.0
19126.0,1751874408.6579204,0.01747182667947934,271.0,833.0,73.0
19134.0,1751874408.7117949,0.01015355166243602,1444.0,470.0,73.0
19139.0,1751874408.728751,0.007634932753861514,1432.0,437.0,73.0
19150.0,1751874408.816071,0.01123744590511962,3004.0,424.0,73.0
19152.0,1751874408.8522,0.008002649152823003,1391.0,1136.0,73.0
19158.0,1751874408.9590526,0.0019265207638221268,487.0,460.0,9.0
19159.0,1751874408.9721386,0.006160089202478659,1385.0,2571.0,74.0
19163.0,1751874408.999992,0.0073684780841956985,1435.0,727.0,73.0
19177.0,1751874409.2501423,0.0038108696659407866,1358.0,775.0,73.0
19181.0,1751874409.3045638,0.004425288459692438,3136.0,818.0,74.0
19187.0,1751874409.3743346,0.015189680177085718,637.0,1610.0,74.0
19189.0,1751874409.3998826,0.018895119699119427,1397.0,318.0,73.0
19191.0,1751874409.417757,0.01750551734481798,1391.0,840.0,73.0
19196.0,1751874409.4634783,0.019990747278969538,883.0,316.0,73.0
19197.0,1751874409.469082,0.03595257320130891,1437.0,465.0,73.0
19207.0,1751874409.5492156,0.010012210012210013,278.0,1102.0,73.0
19208.0,1751874409.5531797,0.009922424679776295,1334.0,406.0,73.0
19220.0,1751874409.6837223,0.016553279012736333,333.0,536.0,73.0
19222.0,1751874409.7333202,0.00541097220229101,475.0,605.0,74.0
19231.0,1751874409.8148417,0.004428236519927064,393.0,605.0,73.0
19235.0,1751874409.8737173,0.0071167123846081985,1406.0,440.0,73.0
19244.0,1751874409.9947255,0.029873865899535296,680.0,974.0,73.0
19247.0,1751874410.0869083,0.023992427276368005,1370.0,611.0,74.0
19264.0,1751874410.2903001,0.010013450904199672,1056.0,749.0,74.0
19278.0,1751874410.4249015,0.02100550964187328,3399.0,1853.0,-388.0
19284.0,1751874410.5053895,0.013640281092548395,445.0,631.0,72.0
19293.0,1751874410.5938754,0.005251097956845523,282.0,675.0,74.0
19299.0,1751874410.694831,0.02773128251526804,823.0,1330.0,74.0
19303.0,1751874410.7738068,0.038080624912819085,401.0,378.0,72.0
19305.0,1751874410.8084645,0.008127156694245706,1357.0,436.0,73.0
19306.0,1751874410.8352284,0.008806583631472884,1430.0,1281.0,76.0
19308.0,1751874410.8653383,0.018311524815931027,1407.0,220.0,73.0
19319.0,1751874410.9966164,0.02707766427265022,1453.0,852.0,74.0
19334.0,1751874411.2164333,0.011397911832946635,1340.0,812.0,74.0
19343.0,1751874411.2859173,0.007603749599021018,1385.0,794.0,74.0
19350.0,1751874411.3812675,0.01638194070520665,477.0,1339.0,72.0
19351.0,1751874411.3867674,0.027554889339564414,1221.0,1336.0,73.0
19363.0,1751874411.4881208,0.033079153689184834,1334.0,888.0,74.0
19364.0,1751874411.4899454,0.02363080344731721,1350.0,596.0,73.0
19365.0,1751874411.5072508,0.013845588335398146,1367.0,210.0,79.0
19368.0,1751874411.524185,0.046656833824975416,1393.0,380.0,73.0
19371.0,1751874411.5456061,0.005402485143165856,475.0,1338.0,74.0
19372.0,1751874411.5528994,0.004839984195969972,1356.0,1335.0,73.0
19385.0,1751874411.778512,0.008266313753435815,1408.0,882.0,73.0
19387.0,1751874411.8188179,0.038806533849494854,1372.0,453.0,72.0
19392.0,1751874411.8958147,0.11605080831408776,503.0,773.0,74.0
19395.0,1751874411.992325,0.017925267833812385,1379.0,629.0,74.0
19405.0,1751874412.087672,0.5486486486486486,1384.0,1111.0,74.0
19408.0,1751874412.0989923,0.020400816032641305,1367.0,391.0,73.0
19409.0,1751874412.1190002,0.00439826922162522,848.0,801.0,76.0
19410.0,1751874412.1289701,0.007210271642792124,1397.0,558.0,74.0
19417.0,1751874412.2237568,0.014643490091477059,334.0,858.0,73.0
19421.0,1751874412.2561152,0.031223219941130444,1328.0,604.0,73.0
19427.0,1751874412.3056433,0.4808823529411765,1341.0,619.0,73.0
19429.0,1751874412.3399844,0.01683935134237246,1454.0,515.0,74.0
19434.0,1751874412.3937116,0.02171233869798463,1364.0,816.0,74.0
19441.0,1751874412.450307,0.01042032548881864,1375.0,409.0,73.0
19458.0,1751874412.612047,0.05532459226095299,867.0,1334.0,74.0
19459.0,1751874412.616917,0.028895917193789533,332.0,810.0,74.0
19460.0,1751874412.6195204,0.03625829361741893,1431.0,928.0,73.0
19470.0,1751874412.757659,0.022883741672938093,320.0,377.0,73.0
19475.0,1751874412.7879937,0.021826519369919306,2574.0,1330.0,75.0
19477.0,1751874412.8060467,0.04390015391822258,1352.0,209.0,279.0
19483.0,1751874412.9596903,0.2278177458033573,2553.0,352.0,74.0
19484.0,1751874412.960147,0.20642201834862386,3390.0,843.0,75.0
19486.0,1751874412.9919937,0.024904364118978842,288.0,384.0,-1.0
19499.0,1751874413.1366873,0.017697308959444883,796.0,793.0,72.0
19500.0,1751874413.1371956,0.09838998211091235,966.0,407.0,85.0
19505.0,1751874413.1686256,0.005718588465138996,1362.0,287.0,73.0
19514.0,1751874413.2270873,0.013904653802497162,1383.0,324.0,84.0
19516.0,1751874413.2274907,0.21604938271604937,1011.0,375.0,72.0
19518.0,1751874413.2650573,0.0051970058258872034,1366.0,275.0,72.0
19523.0,1751874413.352215,0.02165043432482232,1408.0,1260.0,74.0
19528.0,1751874413.3879766,0.015735922984558993,1327.0,933.0,74.0
19556.0,1751874413.6719046,0.21908526256352343,197.0,671.0,73.0
19561.0,1751874413.7225442,0.036340067942070446,1486.0,276.0,72.0
19564.0,1751874413.7378407,0.011042592858167216,1348.0,585.0,74.0
19568.0,1751874413.7897158,0.03922934076137419,611.0,853.0,74.0
19571.0,1751874413.806861,0.01871541093531127,983.0,270.0,73.0
19579.0,1751874413.9589424,0.0013942451463569035,1181.0,846.0,74.0
19580.0,1751874413.9613693,0.008387227162489895,1410.0,858.0,74.0
19585.0,1751874414.0604184,0.0133005733005733,1445.0,342.0,73.0
19590.0,1751874414.198872,0.012111991169582793,1406.0,557.0,74.0
19591.0,1751874414.2002306,0.0832078313253012,647.0,1333.0,74.0
19593.0,1751874414.2523773,0.003674849331177422,1390.0,476.0,73.0
19598.0,1751874414.2987857,0.008993954882783702,1319.0,220.0,73.0
19601.0,1751874414.3282232,0.03997489309952532,1423.0,803.0,74.0
19602.0,1751874414.3294575,0.04434180138568129,371.0,1335.0,74.0
19607.0,1751874414.4117093,0.010406453962295862,403.0,727.0,74.0
19608.0,1751874414.4212718,0.01788877523015893,1383.0,499.0,73.0
19613.0,1751874414.5267706,0.0031926797340441617,1402.0,321.0,73.0
19625.0,1751874414.7063193,0.00864188425038108,391.0,740.0,75.0
19641.0,1751874414.8879647,0.028363806844819504,399.0,780.0,73.0
19642.0,1751874414.9592133,0.003321792832413212,664.0,1236.0,74.0
19649.0,1751874415.080621,0.020843075689758836,863.0,802.0,73.0
19651.0,1751874415.0906365,0.16485981308411216,264.0,282.0,74.0
19657.0,1751874415.1369393,0.01046182202955934,717.0,729.0,74.0
19659.0,1751874415.152057,0.029338051009877634,1347.0,743.0,73.0
19680.0,1751874415.3859854,0.007822889775483063,345.0,904.0,73.0
19686.0,1751874415.4127803,0.034759516081439956,1328.0,487.0,73.0
19705.0,1751874415.6280644,0.03960912052117264,496.0,1204.0,75.0
19709.0,1751874415.7033439,0.22573363431151242,583.0,334.0,74.0
19710.0,1751874415.7083974,0.02920789712701372,1370.0,814.0,73.0
19719.0,1751874415.8019617,0.03453307392996109,380.0,561.0,73.0
19720.0,1751874415.8185132,0.012112631744533585,1387.0,538.0,73.0
19726.0,1751874415.9761605,0.008479278407716713,1084.0,908.0,74.0
19729.0,1751874416.0003026,0.025531031619732927,1410.0,1337.0,74.0
19730.0,1751874416.0048256,0.023258306538049302,1407.0,823.0,74.0
19732.0,1751874416.0134473,0.02981778023191607,866.0,764.0,73.0
19739.0,1751874416.0589674,0.03160377358490566,1431.0,745.0,74.0
19741.0,1751874416.064287,0.007826581918224077,1408.0,947.0,74.0
19745.0,1751874416.0909925,0.012347763173761003,1636.0,557.0,72.0
19746.0,1751874416.1158638,0.005689382692399789,1396.0,224.0,73.0
19753.0,1751874416.1750364,0.021376133582841513,1988.0,1332.0,74.0
19759.0,1751874416.2380981,0.01732602478551001,861.0,397.0,72.0
19766.0,1751874416.3113713,0.02281979244309386,1339.0,1332.0,74.0
19769.0,1751874416.3380036,0.019302090357383683,1386.0,721.0,72.0
19776.0,1751874416.4333267,0.011018705197132616,1357.0,1341.0,74.0
19781.0,1751874416.4757047,0.020551207893841444,1209.0,2937.0,73.0
19791.0,1751874416.5738115,0.006319236574820273,667.0,1334.0,74.0
19797.0,1751874416.627789,0.559228650137741,424.0,425.0,73.0
19800.0,1751874416.695697,0.5168539325842697,1406.0,255.0,72.0
19806.0,1751874416.7284677,0.02161422708618331,1384.0,485.0,74.0
19807.0,1751874416.7536092,0.007996744520573872,747.0,486.0,73.0
19809.0,1751874416.7881079,0.007921847923371356,816.0,2481.0,74.0
19815.0,1751874416.8807163,0.030697674418604652,291.0,332.0,74.0
19816.0,1751874416.8982344,0.012504402958788305,1429.0,684.0,74.0
19821.0,1751874417.069649,0.011239083660296165,499.0,770.0,73.0
19827.0,1751874417.1689909,0.017750444489784023,976.0,862.0,73.0
19828.0,1751874417.172064,0.03399700952231054,1438.0,1338.0,73.0
19834.0,1751874417.2391155,0.0430675970959329,685.0,710.0,74.0
19839.0,1751874417.3203793,0.14942528735632185,437.0,745.0,74.0
19859.0,1751874417.4996572,0.0321306098106456,1175.0,577.0,73.0
19865.0,1751874417.5580359,0.011787511503593038,1147.0,488.0,73.0
19866.0,1751874417.5774179,0.006953589405929627,1408.0,1338.0,73.0
19873.0,1751874417.7262788,0.0294082628884391,1421.0,1257.0,74.0
19877.0,1751874417.7585392,0.009386646453161519,1339.0,357.0,74.0
19880.0,1751874417.778415,0.03233413269384493,248.0,1335.0,74.0
19882.0,1751874417.7817378,0.0438907422852377,1434.0,222.0,71.0
19885.0,1751874417.8181129,0.008518666742896346,1380.0,529.0,74.0
19886.0,1751874417.8209076,0.03480278422273782,2785.0,553.0,74.0
19888.0,1751874417.9054747,0.004366197916938035,797.0,1327.0,73.0
19894.0,1751874418.032109,0.019025754097242744,512.0,236.0,72.0
19895.0,1751874418.0358667,0.025997779084198838,1385.0,572.0,72.0
19900.0,1751874418.1139255,0.004041263935186735,1384.0,366.0,104.0
19910.0,1751874418.2648666,0.008954317802397936,1296.0,821.0,73.0
19912.0,1751874418.3117833,0.003948888203527996,1331.0,925.0,73.0
19914.0,1751874418.3423223,0.03487391737564191,780.0,637.0,72.0
19920.0,1751874418.4332674,0.033065321851658024,1341.0,654.0,72.0
19922.0,1751874418.4540105,0.006875859482435304,757.0,272.0,74.0
19923.0,1751874418.459885,0.005916918305721048,1376.0,1329.0,75.0
19931.0,1751874418.4957502,0.016493942490147424,1395.0,1342.0,73.0
19943.0,1751874418.6272314,0.005321628782279431,1465.0,1334.0,73.0
19945.0,1751874418.6352644,0.02273877292852625,1392.0,525.0,73.0
19952.0,1751874418.7077258,0.015354571909940266,1000.0,853.0,72.0
19956.0,1751874418.732746,0.012457692778208213,369.0,1335.0,73.0
19960.0,1751874418.7911482,0.015908037861571387,1401.0,947.0,73.0
19964.0,1751874418.8640966,0.01835604132355143,422.0,821.0,73.0
19968.0,1751874418.904197,0.025908071459874712,789.0,726.0,72.0
19969.0,1751874418.959704,0.0027876842861506296,273.0,338.0,72.0
19973.0,1751874419.0130832,0.00313919373187693,1323.0,572.0,74.0
19974.0,1751874419.014142,0.042568203198494824,1087.0,328.0,73.0
19975.0,1751874419.0146058,0.1210762331838565,698.0,2062.0,73.0
19990.0,1751874419.2139652,0.002675229744689076,539.0,670.0,73.0
19997.0,1751874419.3010948,0.03923620193565263,1335.0,637.0,73.0
19998.0,1751874419.30615,0.02884479426874676,497.0,194.0,72.0
20000.0,1751874419.3232622,0.02402750569703754,1088.0,742.0,72.0
20015.0,1751874419.4562435,0.006900127632418635,843.0,845.0,73.0
20016.0,1751874419.4635441,0.012677131384196728,421.0,1001.0,74.0
20019.0,1751874419.5130308,0.011459665939926846,540.0,1333.0,73.0
20023.0,1751874419.543962,0.008587376556462,1296.0,1336.0,74.0
20028.0,1751874419.580944,0.01327893175074184,1458.0,292.0,119.0
20038.0,1751874419.6371644,0.03611657428929019,1395.0,860.0,74.0
20040.0,1751874419.6540277,0.3279088689991863,1211.0,785.0,74.0
20041.0,1751874419.7132442,0.005641720664656445,1135.0,223.0,73.0
20048.0,1751874419.7731543,0.008530465949820789,980.0,448.0,72.0
20050.0,1751874419.825642,0.013893768564949376,1132.0,774.0,73.0
20058.0,1751874419.9593914,0.0033862034239677745,385.0,555.0,72.0
20064.0,1751874420.0565913,0.012262981365265779,386.0,635.0,74.0
20070.0,1751874420.1308649,0.005039783499975693,1428.0,1013.0,73.0
20075.0,1751874420.1771896,0.017963022461080117,1439.0,539.0,74.0
20079.0,1751874420.2077465,0.05252470556382835,678.0,249.0,72.0
20080.0,1751874420.2080715,0.14951627088830255,293.0,199.0,72.0
20088.0,1751874420.2483697,0.02712123224007436,1449.0,1330.0,74.0
20094.0,1751874420.3058317,0.072397698903723,289.0,282.0,74.0
20099.0,1751874420.3528817,0.017953273040482342,856.0,811.0,74.0
20102.0,1751874420.3860931,0.010217218615607966,1396.0,563.0,73.0
20106.0,1751874420.4301152,0.17848101265822786,1388.0,807.0,73.0
20107.0,1751874420.4696262,0.005259420621261539,2681.0,534.0,73.0
20119.0,1751874420.6312587,0.012668039775873143,690.0,327.0,74.0
20122.0,1751874420.681884,0.019383259911894272,284.0,757.0,73.0
20129.0,1751874420.8021517,0.006486538430738184,1462.0,580.0,73.0
20131.0,1751874420.8077033,0.06324069218668064,1393.0,405.0,74.0
20140.0,1751874420.9634528,0.02219425695000572,818.0,199.0,71.0
20144.0,1751874420.9866006,0.029410318201937735,1358.0,576.0,271.0
20145.0,1751874420.9919083,0.019385813932421416,1410.0,577.0,73.0
20148.0,1751874421.0274923,0.027537646402677078,1352.0,1333.0,74.0
20152.0,1751874421.0934525,0.008298838564481775,772.0,401.0,73.0
20154.0,1751874421.1110864,0.019027954256670903,1377.0,543.0,74.0
20155.0,1751874421.113744,0.037577526450200655,618.0,353.0,72.0
20159.0,1751874421.184447,0.0063474933778082995,881.0,646.0,75.0
20163.0,1751874421.218401,0.006690626704746013,338.0,531.0,74.0
20164.0,1751874421.228296,0.027778441825440463,648.0,1333.0,74.0
20171.0,1751874421.29018,0.06158242191348901,1367.0,851.0,73.0
20172.0,1751874421.2914343,0.05845213849287169,1392.0,330.0,72.0
20179.0,1751874421.3727605,0.011377860287189007,685.0,261.0,72.0
20180.0,1751874421.3738258,0.09772389905987135,1329.0,1327.0,74.0
20196.0,1751874421.5797331,0.03189149560117302,1316.0,544.0,73.0
20210.0,1751874421.6985455,0.0048786061125392745,227.0,1337.0,74.0
20215.0,1751874421.7191103,0.04029681541791198,1359.0,262.0,72.0
20225.0,1751874421.8352287,0.007367958922674608,1263.0,735.0,74.0
20231.0,1751874421.9062514,0.01302575454889045,1402.0,931.0,74.0
20232.0,1751874421.911859,0.026382831728485687,1382.0,492.0,73.0
20235.0,1751874421.9595253,0.0040929515984080116,1416.0,315.0,73.0
20241.0,1751874422.043192,0.01456433637284701,678.0,1332.0,73.0
20244.0,1751874422.1138976,0.0033532691561126834,1121.0,724.0,73.0
20246.0,1751874422.1215606,0.018344862925954393,1449.0,1328.0,74.0
20247.0,1751874422.1238258,0.04911550468262227,506.0,569.0,81.0
20249.0,1751874422.1639957,0.004768396425786249,1447.0,994.0,77.0
20251.0,1751874422.212032,0.005926850191062934,814.0,572.0,73.0
20270.0,1751874422.4532766,0.0610769786772678,279.0,1329.0,74.0
20272.0,1751874422.4757671,0.2755344418052256,221.0,1335.0,74.0
20283.0,1751874422.5942702,0.014989489077780825,907.0,296.0,73.0
20284.0,1751874422.5963159,0.009884678747940691,1301.0,307.0,73.0
20285.0,1751874422.6023393,0.007918685734546745,1391.0,1335.0,75.0
20288.0,1751874422.6434383,0.0257153661918568,1417.0,440.0,73.0
20300.0,1751874422.84433,0.09163442940038685,1304.0,962.0,74.0
20304.0,1751874422.8720362,0.03270122208175306,1458.0,1334.0,73.0
20308.0,1751874422.9001398,0.011648809951822823,1429.0,400.0,73.0
20318.0,1751874423.0682468,0.021454701958252637,1454.0,785.0,74.0
20324.0,1751874423.1299493,0.01377278184000873,1355.0,745.0,75.0
20325.0,1751874423.135541,0.027235529792856535,1353.0,1329.0,75.0
20335.0,1751874423.2715905,0.00783690158441706,1339.0,248.0,74.0
20339.0,1751874423.3093288,0.013879900307065254,1441.0,893.0,73.0
20345.0,1751874423.3893623,0.0023879673352975206,1404.0,1339.0,-6.0
20347.0,1751874423.4158304,0.005433478454629598,1411.0,894.0,75.0
20353.0,1751874423.4652438,0.15160915083365645,1331.0,276.0,73.0
20354.0,1751874423.4719067,0.02827129159616469,1333.0,572.0,73.0
20361.0,1751874423.5042868,0.015418987381604203,621.0,252.0,73.0
20362.0,1751874423.5212457,0.010592981268336719,1387.0,435.0,73.0
20363.0,1751874423.5223384,0.05051007713361533,1378.0,752.0,74.0
20367.0,1751874423.553631,0.009159211789627688,651.0,898.0,73.0
20373.0,1751874423.6421394,0.20864067439409906,749.0,464.0,73.0
20383.0,1751874423.8696976,0.025804261098378745,1399.0,431.0,73.0
20390.0,1751874423.9960015,0.021329639889196676,1447.0,871.0,73.0
20393.0,1751874424.0220802,0.012663150853284797,1379.0,650.0,74.0
20398.0,1751874424.0875313,0.014472075010191602,1337.0,711.0,73.0
20402.0,1751874424.1247878,0.011926809393288391,1364.0,768.0,73.0
20405.0,1751874424.1628566,0.052732502396931925,1365.0,348.0,73.0
20412.0,1751874424.2364986,0.02581103480937722,1483.0,505.0,73.0
20414.0,1751874424.245089,0.5530085959885387,1321.0,891.0,73.0
20430.0,1751874424.44976,0.05614167294649586,1372.0,420.0,73.0
20436.0,1751874424.5069714,0.0035871850905042674,1373.0,1340.0,73.0
20447.0,1751874424.646971,0.02474013737766701,1413.0,648.0,73.0
20448.0,1751874424.6473463,0.1673913043478261,1365.0,659.0,73.0
20449.0,1751874424.6636748,0.012796229088648227,1365.0,786.0,73.0
20456.0,1751874424.7965887,0.0700746697300402,533.0,1335.0,72.0
20458.0,1751874424.8107455,0.00355600157074916,721.0,1326.0,74.0
20460.0,1751874424.8119223,0.05555555555555555,1397.0,379.0,75.0
20467.0,1751874424.9602983,0.04844467108618052,272.0,1336.0,75.0
20496.0,1751874425.2951188,0.019613337069207062,613.0,785.0,73.0
20500.0,1751874425.3463297,0.03431441580997981,647.0,396.0,74.0
20501.0,1751874425.363865,0.005490903130634322,583.0,1337.0,74.0
20502.0,1751874425.3660715,0.02005540166204986,1387.0,643.0,97.0
20503.0,1751874425.367961,0.05267660718650697,1370.0,440.0,73.0
20506.0,1751874425.4050314,0.006346945483573072,1426.0,709.0,73.0
20509.0,1751874425.4613295,0.017735538426999924,998.0,322.0,74.0
20512.0,1751874425.47348,0.029728955907615956,694.0,1336.0,74.0
20525.0,1751874425.6522164,0.025174181674773234,1298.0,1335.0,74.0
20526.0,1751874425.655081,0.03708461801986982,1310.0,1031.0,73.0
20527.0,1751874425.7085412,0.0036194784033336596,1414.0,420.0,73.0
20534.0,1751874425.7931857,0.007798992708411637,894.0,1287.0,73.0
20542.0,1751874425.8374684,0.02672124806601341,1393.0,653.0,73.0
20544.0,1751874425.8876252,0.002317671667043288,823.0,371.0,73.0
20547.0,1751874425.9767618,0.008856817107421928,545.0,202.0,72.0
20549.0,1751874426.0673006,0.002866691758473437,1318.0,328.0,74.0
20561.0,1751874426.1765988,0.02255026904559615,1300.0,862.0,74.0
20566.0,1751874426.2617877,0.023414935083144052,408.0,1334.0,74.0
20567.0,1751874426.2653344,0.06461927919525681,491.0,877.0,76.0
20569.0,1751874426.2867262,0.03299171124086399,211.0,768.0,72.0
20570.0,1751874426.2989092,0.012741979817018101,580.0,2787.0,73.0
20571.0,1751874426.30808,0.01661639276055752,1425.0,311.0,73.0
20572.0,1751874426.3198602,0.012209196379760676,361.0,557.0,73.0
20574.0,1751874426.3203955,0.23567251461988303,211.0,269.0,72.0
20577.0,1751874426.3587985,0.016514745308310992,3414.0,1045.0,73.0
20580.0,1751874426.4008622,0.007609689749783083,392.0,658.0,73.0
20587.0,1751874426.4526427,0.013633002154271566,1377.0,283.0,72.0
20593.0,1751874426.5286074,0.004481852215702413,205.0,834.0,73.0
20596.0,1751874426.591042,0.004030830273427079,255.0,970.0,74.0
20600.0,1751874426.6478255,0.019866302608040676,871.0,594.0,73.0
20607.0,1751874426.743751,0.024338139925230793,1396.0,816.0,74.0
20608.0,1751874426.746125,0.06202174788562223,804.0,780.0,74.0
20609.0,1751874426.767683,0.00924444836677735,1414.0,245.0,72.0
20611.0,1751874426.7950819,0.016235064185137475,1419.0,440.0,73.0
20617.0,1751874426.8894556,0.013289629545491424,1412.0,1335.0,74.0
20618.0,1751874426.9008338,0.009545329757354339,1397.0,822.0,75.0
20620.0,1751874426.959095,0.004239613389743499,1391.0,1335.0,74.0
20623.0,1751874426.9932942,0.01781468591709452,1356.0,597.0,79.0
20626.0,1751874427.0222702,0.013881877839475013,1347.0,847.0,75.0
20631.0,1751874427.064067,0.014246056153066143,1408.0,537.0,74.0
20634.0,1751874427.1262546,0.009088607373907577,1380.0,234.0,73.0
20642.0,1751874427.2876806,0.010293932419589388,1360.0,771.0,74.0
20645.0,1751874427.3530505,0.007834475467708745,1413.0,787.0,74.0
20657.0,1751874427.4417655,0.010491545149585816,369.0,485.0,72.0
20672.0,1751874427.5818388,0.008520226367637811,1386.0,329.0,74.0
20680.0,1751874427.6349983,0.039745145631067964,1352.0,1331.0,74.0
20682.0,1751874427.6678338,0.005088597589091627,1350.0,350.0,73.0
20683.0,1751874427.673898,0.024720955824555888,630.0,909.0,74.0
20685.0,1751874427.690086,0.011883725897590245,1392.0,1333.0,73.0
20687.0,1751874427.7097235,0.011564151131492374,363.0,1028.0,74.0
20689.0,1751874427.7303338,0.022891234213640713,1437.0,832.0,73.0
20690.0,1751874427.736529,0.025582041010589775,1442.0,915.0,74.0
20701.0,1751874427.7949078,0.0129617078956286,1436.0,518.0,72.0
20705.0,1751874427.8296163,0.014196175068302352,1443.0,441.0,73.0
20706.0,1751874427.8384695,0.00710957908060216,769.0,687.0,73.0
20714.0,1751874427.9730206,0.006499250086528478,877.0,256.0,74.0
20717.0,1751874427.996083,0.0035038657673959533,1306.0,688.0,74.0
20720.0,1751874428.0235562,0.005118749838830295,1368.0,380.0,72.0
20727.0,1751874428.088165,0.06030439360581985,1416.0,637.0,104.0
20737.0,1751874428.2076278,0.017783745273195595,484.0,1309.0,74.0
20741.0,1751874428.236579,0.025409712825139076,1449.0,920.0,73.0
20744.0,1751874428.2585099,0.018619118549023043,1428.0,350.0,74.0
20748.0,1751874428.324476,0.08233246301131418,2500.0,693.0,74.0
20754.0,1751874428.427524,0.01078844592243146,1445.0,1343.0,73.0
20756.0,1751874428.4492064,0.017187358096449005,1404.0,712.0,74.0
20757.0,1751874428.4499118,0.15164410058027078,1194.0,299.0,72.0
20758.0,1751874428.455855,0.0156469408224674,1374.0,606.0,74.0
20762.0,1751874428.4900877,0.019619542327670925,1380.0,208.0,73.0
20773.0,1751874428.6260989,0.007640067911714771,1416.0,501.0,73.0
20779.0,1751874428.6854568,0.007747980036506133,608.0,744.0,73.0
20785.0,1751874428.7431726,0.011082766439909297,1189.0,1336.0,73.0
20787.0,1751874428.7506797,0.014437815209150542,320.0,360.0,72.0
20792.0,1751874428.8023288,0.027433488592405464,1446.0,706.0,74.0
20799.0,1751874428.874756,0.03752131893121091,1391.0,1332.0,73.0
20802.0,1751874428.9020162,0.06887346502936466,682.0,287.0,73.0
20812.0,1751874429.0322418,0.0024309195120319365,576.0,302.0,75.0
20830.0,1751874429.2283947,0.003892791082848749,1461.0,261.0,-73.0
20831.0,1751874429.2351177,0.028694804290291125,701.0,415.0,73.0
20835.0,1751874429.2753232,0.07550270688321732,1399.0,538.0,72.0
20838.0,1751874429.2988558,0.011018989034501204,1332.0,878.0,73.0
20851.0,1751874429.3916876,0.02181064628934076,1055.0,1335.0,73.0
20861.0,1751874429.5868227,0.008491195860802804,4286.0,617.0,74.0
20865.0,1751874429.655999,0.008548846161721645,928.0,453.0,73.0
20873.0,1751874429.7241392,0.01680821471902465,1374.0,768.0,74.0
20875.0,1751874429.7481778,0.006306677244745273,1397.0,1329.0,73.0
20876.0,1751874429.7578156,0.01492685100378741,681.0,574.0,73.0
20880.0,1751874429.831095,0.039332970817473265,533.0,1056.0,74.0
20882.0,1751874429.8543425,0.011282921616694953,1078.0,1328.0,74.0
20884.0,1751874429.860444,0.03173863518691105,389.0,275.0,73.0
20889.0,1751874429.9595983,0.003678032606612961,215.0,1336.0,74.0
20893.0,1751874430.0308528,0.003101124457183393,986.0,1326.0,73.0
20896.0,1751874430.067735,0.0051207154577090205,1343.0,1333.0,73.0
20900.0,1751874430.0872033,0.009337588075300366,1321.0,924.0,73.0
20901.0,1751874430.1131613,0.004836237829107361,909.0,330.0,73.0
20905.0,1751874430.1620624,0.009208327338328555,380.0,931.0,74.0
20917.0,1751874430.3175368,0.010107500308908933,1384.0,429.0,73.0
20919.0,1751874430.319911,0.0862157976251936,501.0,1339.0,74.0
20924.0,1751874430.412854,0.5217391304347826,1425.0,1337.0,74.0
20933.0,1751874430.4901297,0.011563425108754568,675.0,659.0,74.0
20937.0,1751874430.5248625,0.03836251287332647,343.0,781.0,162.0
20944.0,1751874430.5798118,0.03701083351757683,880.0,635.0,74.0
20947.0,1751874430.5956786,0.015686634253738188,1353.0,1335.0,73.0
20952.0,1751874430.66302,0.030153846153846153,1371.0,382.0,73.0
20953.0,1751874430.6881738,0.006032925779883313,1439.0,852.0,73.0
20954.0,1751874430.6978755,0.015046836968013177,1328.0,304.0,72.0
20970.0,1751874430.8703048,0.05457532246288635,1307.0,355.0,73.0
20971.0,1751874430.8723953,0.05060240963855422,626.0,1680.0,76.0
20977.0,1751874431.0058331,0.022166989393370133,1430.0,827.0,73.0
20984.0,1751874431.153825,0.007225542861466293,1365.0,501.0,73.0
20996.0,1751874431.2514665,0.008525208278462412,868.0,596.0,74.0
20998.0,1751874431.262703,0.04898669650627875,1366.0,860.0,73.0
21001.0,1751874431.2798078,0.12529411764705883,482.0,1078.0,74.0
21005.0,1751874431.3861585,0.008291282563343615,1301.0,2597.0,74.0
21008.0,1751874431.4332354,0.017745124362322732,1355.0,203.0,71.0
21010.0,1751874431.4428926,0.01480998042070385,1398.0,1332.0,73.0
21023.0,1751874431.6320198,0.011682832726354885,1377.0,234.0,83.0
21025.0,1751874431.6847413,0.0036077258128382242,847.0,389.0,73.0
21033.0,1751874431.8278968,0.003975689376045012,355.0,768.0,72.0
21036.0,1751874431.8403778,0.1459915611814346,524.0,1329.0,74.0
21037.0,1751874431.8584733,0.004979700166865942,1450.0,209.0,118.0
21038.0,1751874431.8687189,0.00831199068684517,1342.0,685.0,73.0
21039.0,1751874431.8734834,0.005927051671732523,876.0,417.0,73.0
21041.0,1751874431.9591093,0.0015021639564687592,3316.0,545.0,73.0
21048.0,1751874432.0542662,0.007852537609522234,512.0,1329.0,75.0
21055.0,1751874432.0945637,0.01082286847323199,1415.0,3175.0,74.0
21057.0,1751874432.1143405,0.009144167447323165,1403.0,462.0,74.0
21058.0,1751874432.1169455,0.01685985247629083,920.0,843.0,73.0
21066.0,1751874432.2109776,0.010292397660818714,1435.0,631.0,87.0
21070.0,1751874432.2731545,0.005897331750296819,1377.0,689.0,73.0
21072.0,1751874432.3051643,0.015444323771800933,467.0,700.0,73.0
21083.0,1751874432.4302626,0.022098879638195085,754.0,606.0,73.0
21084.0,1751874432.432314,0.09958239640218439,1447.0,383.0,73.0
21086.0,1751874432.4500597,0.0069239258125378235,1339.0,813.0,74.0
21087.0,1751874432.4565065,0.027214358675032833,209.0,392.0,72.0
21090.0,1751874432.5131354,0.02330726683196643,1400.0,651.0,73.0
21091.0,1751874432.522935,0.01972935679876056,1410.0,1224.0,74.0
21094.0,1751874432.556337,0.0070583224314703825,227.0,939.0,74.0
21099.0,1751874432.6369922,0.004143551811519759,727.0,948.0,74.0
21102.0,1751874432.6927521,0.018835710745167152,745.0,398.0,73.0
21103.0,1751874432.719084,0.00543685097591475,1384.0,830.0,74.0
21112.0,1751874432.8198051,0.004007884362680683,1407.0,407.0,72.0
21115.0,1751874432.8577368,0.04467039872043871,571.0,589.0,73.0
21117.0,1751874432.8713837,0.051638939219239004,1027.0,464.0,73.0
21118.0,1751874432.8720112,0.1619806966009232,1411.0,659.0,74.0
21126.0,1751874432.9792325,0.01941210192341906,1401.0,1339.0,74.0
21128.0,1751874432.9824436,0.049504139004999594,1344.0,1282.0,74.0
21135.0,1751874433.0529654,0.015882902522578637,1436.0,1339.0,74.0
21137.0,1751874433.0603838,0.03492276695768973,1093.0,619.0,74.0
21139.0,1751874433.0740962,0.019167630780776084,1123.0,2776.0,73.0
21147.0,1751874433.1685205,0.03324263575062108,1448.0,742.0,75.0
21151.0,1751874433.1955917,0.013210741195605271,1392.0,805.0,74.0
21166.0,1751874433.3509073,0.01781666515549914,904.0,592.0,73.0
21179.0,1751874433.4975255,0.005155043830956431,428.0,425.0,73.0
21185.0,1751874433.5593905,0.008055496211026353,1434.0,298.0,73.0
21186.0,1751874433.5617862,0.04382753711612772,691.0,424.0,73.0
21190.0,1751874433.6329222,0.007231703789412786,1353.0,417.0,74.0
21192.0,1751874433.6422026,0.05264136904761905,1365.0,844.0,73.0
21207.0,1751874433.8400729,0.027710070558050033,1330.0,1333.0,73.0
21208.0,1751874433.8543386,0.0258705488884517,1391.0,319.0,73.0
21209.0,1751874433.8652163,0.006857194414995602,383.0,550.0,74.0
21215.0,1751874433.9889512,0.10104011887072809,212.0,407.0,72.0
21217.0,1751874434.0114186,0.03050381679389313,1371.0,215.0,73.0
21221.0,1751874434.1188178,0.01799339140883148,271.0,816.0,74.0
21223.0,1751874434.1396022,0.004597462034532973,1293.0,448.0,73.0
21229.0,1751874434.171481,0.018606611669777805,1001.0,996.0,75.0
21230.0,1751874434.1717849,0.11996336996336997,1409.0,603.0,74.0
21238.0,1751874434.2640824,0.041056353272241865,1423.0,1081.0,74.0
21239.0,1751874434.2819426,0.0035388739946380695,1291.0,1340.0,74.0
21245.0,1751874434.3298278,0.011172544188844644,2289.0,944.0,74.0
21254.0,1751874434.4488873,0.021903343711926357,431.0,405.0,73.0
21259.0,1751874434.4820209,0.02423979148566464,710.0,805.0,74.0
21261.0,1751874434.5014908,0.015713591446622387,1060.0,675.0,73.0
21263.0,1751874434.5152125,0.013394231756132607,948.0,463.0,73.0
21269.0,1751874434.5567849,0.2997448979591837,1396.0,698.0,73.0
21279.0,1751874434.7425334,0.013951502732240438,1467.0,729.0,73.0
21281.0,1751874434.7783,0.007435395517518702,1461.0,1027.0,74.0
21283.0,1751874434.7945971,0.012626887843525626,1385.0,1328.0,73.0
21288.0,1751874434.8202345,0.0711474417196488,1010.0,420.0,73.0
21290.0,1751874434.834662,0.053446597646225995,1325.0,1329.0,73.0
21303.0,1751874435.00479,0.02585410895660203,1283.0,290.0,73.0
21305.0,1751874435.038495,0.008534150277633415,1358.0,1336.0,74.0
21306.0,1751874435.041639,0.010077698284483422,400.0,678.0,74.0
21313.0,1751874435.1140804,0.002730206006453214,1196.0,561.0,73.0
21327.0,1751874435.296989,0.008272973410779164,783.0,1336.0,74.0
21328.0,1751874435.3145945,0.005481352520334049,797.0,568.0,73.0
21335.0,1751874435.3802092,0.008865556444042693,504.0,207.0,74.0
21337.0,1751874435.3884857,0.29000613120784796,1363.0,515.0,72.0
21344.0,1751874435.4215915,0.10533875987550874,369.0,338.0,74.0
21345.0,1751874435.4255395,0.03833999165225687,371.0,453.0,73.0
21347.0,1751874435.4329984,0.02919961159661534,582.0,288.0,73.0
21353.0,1751874435.4713202,0.011344580952055029,1378.0,834.0,73.0
21355.0,1751874435.5017178,0.004887665162351945,1481.0,662.0,73.0
21366.0,1751874435.6290665,0.0074956243817061105,1349.0,469.0,83.0
21371.0,1751874435.7165825,0.003724037317157446,1322.0,638.0,73.0
21372.0,1751874435.7195601,0.03154523618895116,1043.0,900.0,73.0
21374.0,1751874435.7345374,0.01092369196240707,1406.0,396.0,73.0
21377.0,1751874435.7450173,0.031005299375148305,2343.0,657.0,74.0
21380.0,1751874435.79543,0.012509060784922853,406.0,369.0,73.0
21381.0,1751874435.8116624,0.004200616686279475,613.0,403.0,74.0
21388.0,1751874435.8511162,0.010068293662749824,1378.0,323.0,73.0
21394.0,1751874436.0326755,0.008807468733485996,889.0,1009.0,74.0
21399.0,1751874436.0854375,0.04546139927623643,1393.0,467.0,76.0
21410.0,1751874436.2068038,0.010050121428202346,597.0,689.0,74.0
21416.0,1751874436.2720487,0.006675841421604134,1343.0,408.0,74.0
21418.0,1751874436.350594,0.0049236588328320004,1401.0,1340.0,73.0
21419.0,1751874436.3521411,0.02797087057265806,1379.0,328.0,72.0
21421.0,1751874436.4015675,0.0015067984097168136,327.0,784.0,73.0
21422.0,1751874436.4036412,0.009554140127388535,1069.0,892.0,74.0
21426.0,1751874436.437098,0.01920838183934808,1326.0,229.0,72.0
21432.0,1751874436.483669,0.031005917159763315,536.0,593.0,73.0
21443.0,1751874436.5739431,0.0055051038366772265,851.0,1270.0,74.0
21447.0,1751874436.5937643,0.01655770146038426,1399.0,705.0,72.0
21448.0,1751874436.5982497,0.0352928670139258,1086.0,966.0,73.0
21449.0,1751874436.6073923,0.01777615597143304,1371.0,499.0,74.0
21453.0,1751874436.6492262,0.012380080410811671,1426.0,684.0,73.0
21454.0,1751874436.6498826,0.07467248908296943,670.0,656.0,73.0
21455.0,1751874436.6591365,0.01330031655263964,1379.0,1330.0,74.0
21472.0,1751874436.9736667,0.006503689275515426,1260.0,373.0,73.0
21474.0,1751874436.9958878,0.2084233261339093,546.0,810.0,75.0
21481.0,1751874437.06849,0.006593512756313751,211.0,893.0,-140.0
21484.0,1751874437.0799613,0.13260530421216848,678.0,213.0,72.0
21485.0,1751874437.094204,0.024840451644575354,830.0,1338.0,-181.0
21487.0,1751874437.1034086,0.3454692556634304,738.0,250.0,74.0
21498.0,1751874437.293335,0.009543071455220218,1411.0,1742.0,74.0
21506.0,1751874437.3481004,0.056207755247242974,209.0,2468.0,73.0
21507.0,1751874437.3594406,0.012601429979242237,1393.0,944.0,73.0
21524.0,1751874437.531001,0.10542380840572904,1396.0,915.0,74.0
21527.0,1751874437.5557554,0.02478244419220583,1443.0,250.0,128.0
21529.0,1751874437.6160052,0.016929338413578108,1374.0,733.0,73.0
21533.0,1751874437.6356184,0.029361673138497173,450.0,1336.0,73.0
21536.0,1751874437.6542072,0.009815510617638367,1337.0,263.0,102.0
21543.0,1751874437.7193387,0.027826372184561556,1414.0,1331.0,74.0
21546.0,1751874437.763874,0.027465944890624306,1374.0,201.0,73.0
21547.0,1751874437.796811,0.005826309473897266,1460.0,746.0,74.0
21553.0,1751874437.8816004,0.03546845898453316,1424.0,524.0,73.0
21558.0,1751874437.9715602,0.01619615905330191,1346.0,395.0,74.0
21565.0,1751874438.091469,0.015291936978683966,2424.0,328.0,71.0
21572.0,1751874438.1385572,0.21216216216216216,580.0,944.0,74.0
21575.0,1751874438.1615763,0.010175090849025438,1413.0,1001.0,74.0
21576.0,1751874438.2072406,0.005044714515019491,761.0,475.0,105.0
21584.0,1751874438.2982972,0.07214323328067404,1349.0,1333.0,74.0
21587.0,1751874438.32891,0.0060126968624099626,214.0,458.0,74.0
21592.0,1751874438.3912892,0.026527459649496616,788.0,427.0,74.0
21598.0,1751874438.4303105,0.041237113402061855,563.0,274.0,72.0
21600.0,1751874438.436519,0.023284313725490197,1264.0,2169.0,74.0
21604.0,1751874438.4834278,0.011082661367371117,1419.0,768.0,74.0
21606.0,1751874438.4970212,0.007187193727540019,1010.0,811.0,74.0
21608.0,1751874438.5083482,0.09232392508572936,753.0,1341.0,73.0
21613.0,1751874438.5590706,0.01615522000324728,1400.0,969.0,74.0
21617.0,1751874438.584248,0.057562408223201175,1269.0,1218.0,73.0
21618.0,1751874438.5874066,0.047738879431574274,1449.0,451.0,73.0
21619.0,1751874438.6015491,0.010305974429038895,508.0,423.0,72.0
21623.0,1751874438.6351202,0.012509241460890138,1408.0,888.0,73.0
21624.0,1751874438.6479113,0.015787511649580616,1418.0,408.0,73.0
21627.0,1751874438.6640863,0.0292675976061556,910.0,366.0,74.0
21642.0,1751874438.8014562,0.1392982456140351,872.0,1182.0,473.0
21649.0,1751874438.867277,0.017873313950717316,890.0,668.0,74.0
21651.0,1751874438.9030411,0.00674544400798506,358.0,1063.0,74.0
21660.0,1751874439.0162644,0.00938224752266498,979.0,306.0,73.0
21661.0,1751874439.0378516,0.0036603627086684042,485.0,795.0,73.0
21676.0,1751874439.213873,0.006916609639260925,1347.0,1341.0,74.0
21678.0,1751874439.2245286,0.04179718965362929,1434.0,580.0,72.0
21687.0,1751874439.3275058,0.005133140840551813,300.0,297.0,73.0
21688.0,1751874439.3292782,0.017158544955387784,618.0,221.0,73.0
21690.0,1751874439.3412158,0.026535924587429552,305.0,228.0,73.0
21692.0,1751874439.4065673,0.0035019835004908516,198.0,986.0,74.0
21707.0,1751874439.593879,0.015627504407757654,349.0,272.0,74.0
21709.0,1751874439.6084378,0.021730629573766827,1435.0,745.0,74.0
21714.0,1751874439.6613262,0.007658721637678048,1410.0,346.0,73.0
21716.0,1751874439.6798923,0.01571767497034401,1384.0,801.0,73.0
21718.0,1751874439.7065227,0.019354278771046694,1428.0,1329.0,74.0
21727.0,1751874439.8197577,0.007156546211087899,513.0,855.0,74.0
21730.0,1751874439.8856602,0.0691747572815534,610.0,833.0,66.0
21736.0,1751874439.9937766,0.01399843672280253,226.0,1134.0,74.0
21738.0,1751874440.011404,0.008691067691275383,1382.0,791.0,73.0
21740.0,1751874440.0221589,0.0246234067207416,1300.0,884.0,74.0
21742.0,1751874440.0605848,0.017771077457228352,1368.0,809.0,73.0
21745.0,1751874440.0954652,0.014251045593019053,508.0,1338.0,73.0
21751.0,1751874440.1687682,0.014815667444996218,1389.0,3350.0,74.0
21756.0,1751874440.2105167,0.009664286978582808,352.0,537.0,73.0
21767.0,1751874440.3640885,0.21890827236916152,1307.0,864.0,74.0
21772.0,1751874440.4040372,0.027465303140978815,1380.0,424.0,72.0
21776.0,1751874440.4281507,0.01866384369318574,344.0,852.0,75.0
21777.0,1751874440.433226,0.029446630945042438,1380.0,339.0,73.0
21783.0,1751874440.4913166,0.009641248828845166,1351.0,414.0,73.0
21786.0,1751874440.5145824,0.004661046798318736,1374.0,371.0,105.0
21789.0,1751874440.541897,0.012901758148906439,2440.0,217.0,72.0
21790.0,1751874440.55844,0.003560063354596841,1419.0,3637.0,74.0
21797.0,1751874440.6271105,0.004449919162368158,1388.0,262.0,72.0
21798.0,1751874440.6309738,0.01044841097083152,1343.0,481.0,73.0
21801.0,1751874440.6575212,0.006682284869734752,1434.0,263.0,73.0
21803.0,1751874440.7158911,0.048216151664427526,308.0,750.0,74.0
21812.0,1751874440.789091,0.014790745574317726,1421.0,564.0,73.0
21816.0,1751874440.8322904,0.026491192273685644,532.0,891.0,75.0
21818.0,1751874440.8405392,0.1825242718446602,1328.0,453.0,73.0
21819.0,1751874440.8546526,0.012216142041936509,676.0,210.0,71.0
21821.0,1751874440.8775136,0.009658705178053447,872.0,594.0,73.0
21823.0,1751874440.891884,0.02425249169435216,1433.0,849.0,75.0
21825.0,1751874440.9013171,0.1718967921896792,419.0,577.0,73.0
21838.0,1751874441.0948532,0.007400423389607386,1375.0,314.0,73.0
21840.0,1751874441.112109,0.019548208854734985,1357.0,816.0,73.0
21845.0,1751874441.1720674,0.01675158252277289,1080.0,685.0,89.0
21865.0,1751874441.4525595,0.005839249997630174,585.0,2416.0,74.0
21870.0,1751874441.5219734,0.009016188511781986,1393.0,329.0,73.0
21876.0,1751874441.6435502,0.006510686548238822,398.0,606.0,73.0
21882.0,1751874441.6974888,0.003882476390346275,1362.0,906.0,73.0
21883.0,1751874441.7046862,0.012942958766960874,319.0,294.0,73.0
21886.0,1751874441.7744021,0.03319980244745651,1387.0,287.0,73.0
21887.0,1751874441.7799337,0.029047782743210727,1330.0,914.0,73.0
21889.0,1751874441.8054018,0.0094693668885868,297.0,878.0,72.0
21897.0,1751874441.966375,0.013166123564069649,1059.0,1326.0,74.0
21899.0,1751874441.982783,0.020411744063633174,1376.0,1332.0,73.0
21904.0,1751874442.0747156,0.006971145208236012,1322.0,397.0,74.0
21911.0,1751874442.1817005,0.013955475388047657,548.0,1341.0,75.0
21912.0,1751874442.2005024,0.007653157874796358,1411.0,963.0,74.0
21913.0,1751874442.208025,0.020539924676393328,359.0,276.0,72.0
21914.0,1751874442.221689,0.015667338289446258,1350.0,1332.0,74.0
21916.0,1751874442.232541,0.01116170865713013,1382.0,545.0,73.0
21927.0,1751874442.3329027,0.01391691456387427,648.0,1341.0,75.0
21945.0,1751874442.5456865,0.007111189703300451,1416.0,753.0,-418.0
21957.0,1751874442.7453737,0.0039012138970280453,248.0,630.0,72.0
21958.0,1751874442.7469568,0.03595997498436523,1313.0,265.0,72.0
21968.0,1751874442.9673955,0.012989556135770235,1324.0,425.0,72.0
21971.0,1751874443.0045369,0.05674268270784701,1341.0,3048.0,73.0
21974.0,1751874443.018779,0.07761662093296746,291.0,798.0,74.0
21981.0,1751874443.138423,0.0061915426162560926,1285.0,595.0,74.0
21986.0,1751874443.2254994,0.007253518000621476,667.0,478.0,-388.0
21987.0,1751874443.2533479,0.00458908398452578,1402.0,1337.0,74.0
21990.0,1751874443.272382,0.05824240636980242,1397.0,1338.0,75.0
21995.0,1751874443.3433855,0.006009843364713634,1352.0,444.0,73.0
22000.0,1751874443.4008234,0.0324210979084897,1440.0,723.0,74.0
22004.0,1751874443.500399,0.0024558896057491975,1386.0,1219.0,74.0
22005.0,1751874443.5040298,0.021053344164635796,694.0,314.0,73.0
22037.0,1751874443.9594786,0.0033574230848647533,1340.0,524.0,73.0
22041.0,1751874443.9902644,0.019530838165524513,609.0,804.0,72.0
22048.0,1751874444.075696,0.011417193379854591,1434.0,201.0,71.0
22061.0,1751874444.2955534,0.005387921789339121,1425.0,1337.0,74.0
22062.0,1751874444.3025544,0.020586932069941034,266.0,794.0,74.0
22063.0,1751874444.3276289,0.005998326932582988,1313.0,1337.0,74.0
22064.0,1751874444.3288524,0.026464208242950107,502.0,427.0,104.0
22066.0,1751874444.3581355,0.0048860318357351416,383.0,3349.0,73.0
22077.0,1751874444.4554188,0.01251445283275522,615.0,747.0,78.0
22081.0,1751874444.4907596,0.01318619128466327,1384.0,788.0,94.0
22084.0,1751874444.5407448,0.014158693341065043,1390.0,1327.0,74.0
22086.0,1751874444.558974,0.018818856683531136,1754.0,500.0,74.0
22089.0,1751874444.6139855,0.006132729794845587,505.0,246.0,74.0
22092.0,1751874444.6229146,0.009336412006826623,333.0,279.0,73.0
22098.0,1751874444.6885676,0.015416666666666667,891.0,400.0,73.0
22101.0,1751874444.7096148,0.02452316076294278,1335.0,436.0,73.0
22102.0,1751874444.7134101,0.02536814750649672,509.0,641.0,74.0
22108.0,1751874444.7958689,0.0066216435466861364,1257.0,497.0,74.0
22111.0,1751874444.8121648,0.003069385827701207,520.0,865.0,73.0
22113.0,1751874444.8563118,0.01635258358662614,1383.0,402.0,73.0
22122.0,1751874444.9947352,0.0049000708893504295,714.0,658.0,74.0
22128.0,1751874445.0557916,0.08848484848484849,1365.0,233.0,117.0
22134.0,1751874445.1325617,0.00918851224900446,1362.0,810.0,73.0
22140.0,1751874445.1962159,0.27119565217391306,372.0,797.0,73.0
22142.0,1751874445.2227545,0.013502706692913386,1182.0,1335.0,74.0
22149.0,1751874445.3518188,0.010697317135622634,225.0,274.0,72.0
22158.0,1751874445.402809,0.24885844748858446,1403.0,850.0,75.0
22162.0,1751874445.4425051,0.005533696257568408,1401.0,407.0,237.0
22164.0,1751874445.464185,0.009774561647648205,1422.0,432.0,74.0
22165.0,1751874445.4683897,0.023384651271285282,828.0,220.0,71.0
22169.0,1751874445.5129538,0.009093918224421177,1364.0,773.0,75.0
22174.0,1751874445.5483162,0.02344463615142596,1307.0,1165.0,73.0
22177.0,1751874445.5952795,0.04720451201569397,1359.0,255.0,71.0
22179.0,1751874445.6162534,0.00852308545780064,1305.0,316.0,73.0
22183.0,1751874445.6498113,0.025101370921027225,511.0,359.0,71.0
22184.0,1751874445.6509275,0.05599647266313933,298.0,503.0,74.0
22196.0,1751874445.8196838,0.021547716707683896,1311.0,582.0,72.0
22200.0,1751874445.8531725,0.008730743263978396,1359.0,254.0,73.0
22211.0,1751874445.9927902,0.021744537217978328,1407.0,325.0,72.0
22220.0,1751874446.1591074,0.003200173795339277,564.0,877.0,74.0
22234.0,1751874446.3309896,0.026884051686757438,1405.0,416.0,74.0
22235.0,1751874446.3482618,0.009843388110731223,1027.0,518.0,74.0
22238.0,1751874446.3742971,0.020778123439720398,1396.0,883.0,75.0
22240.0,1751874446.4737067,0.0037668265064417354,642.0,2744.0,73.0
22242.0,1751874446.5021298,0.005677746027904725,1330.0,853.0,73.0
22246.0,1751874446.54032,0.04956660356680283,661.0,893.0,73.0
22249.0,1751874446.5547411,0.041071777821239976,1373.0,223.0,139.0
22251.0,1751874446.6000183,0.0030210008283389368,891.0,566.0,79.0
22259.0,1751874446.6559246,0.00695643593665203,1379.0,349.0,74.0
22260.0,1751874446.6592298,0.007019829208279056,988.0,890.0,73.0
22261.0,1751874446.674018,0.00632129506329317,1302.0,742.0,74.0
22262.0,1751874446.6868498,0.00934440818748146,1943.0,514.0,74.0
22264.0,1751874446.688647,0.05978068623983021,902.0,443.0,73.0
22266.0,1751874446.7314584,0.002945923500007835,864.0,1327.0,74.0
22270.0,1751874446.7426305,0.01859368862118633,1394.0,1336.0,73.0
22275.0,1751874446.7835667,0.06934178106300598,759.0,403.0,73.0
22288.0,1751874446.9649029,0.01608590118072983,1350.0,1336.0,73.0
22300.0,1751874447.1428008,0.013807618474917316,1353.0,1330.0,74.0
22303.0,1751874447.2095907,0.003423542280747167,1355.0,1337.0,74.0
22309.0,1751874447.3076324,0.008487896887771141,3334.0,245.0,-421.0
22310.0,1751874447.3079803,0.28376844494892167,1440.0,599.0,74.0
22313.0,1751874447.3385248,0.009012625982943848,1422.0,351.0,73.0
22314.0,1751874447.339468,0.054357204486626405,1243.0,2408.0,-252.0
22316.0,1751874447.354257,0.04994824016563147,721.0,662.0,74.0
22319.0,1751874447.372868,0.015011325680500634,3520.0,312.0,72.0
22320.0,1751874447.3843389,0.010163655597270333,588.0,702.0,74.0
22329.0,1751874447.472488,0.5297029702970297,671.0,412.0,74.0
22332.0,1751874447.4844284,0.016016427104722793,874.0,601.0,73.0
22340.0,1751874447.5906641,0.07614115841963943,1403.0,536.0,74.0
22342.0,1751874447.6054866,0.00430264653352817,359.0,1338.0,73.0
22348.0,1751874447.6685119,0.035018811758382604,203.0,381.0,75.0
22356.0,1751874447.7641222,0.1117330462863294,1386.0,1335.0,73.0
22371.0,1751874447.898876,0.0721779269827948,687.0,660.0,73.0
22377.0,1751874448.0049193,0.0026936949276354836,248.0,757.0,73.0
22384.0,1751874448.1216323,0.004395637480336297,502.0,235.0,73.0
22385.0,1751874448.1280591,0.014101365251542921,1340.0,1331.0,75.0
22391.0,1751874448.179837,0.14657738095238096,682.0,1004.0,73.0
22395.0,1751874448.2146573,0.0958183990442055,1399.0,598.0,73.0
22398.0,1751874448.2731626,0.042869269949066216,1368.0,750.0,72.0
22401.0,1751874448.3227518,0.009342189843582602,1356.0,353.0,73.0
22404.0,1751874448.3426592,0.012056671914066118,799.0,201.0,72.0
22406.0,1751874448.3847146,0.012982744453574363,351.0,719.0,74.0
22410.0,1751874448.420428,0.024101957962896346,2195.0,345.0,73.0
22411.0,1751874448.446693,0.0055748434058214055,269.0,819.0,74.0
22416.0,1751874448.488004,0.04449388209121246,568.0,2780.0,75.0
22421.0,1751874448.529787,0.04118942731277533,457.0,820.0,72.0
22423.0,1751874448.5490806,0.013705747455926617,1412.0,676.0,74.0
22440.0,1751874448.7729406,0.02833018040880358,551.0,601.0,73.0
22452.0,1751874448.9604068,0.07489770503469134,1358.0,286.0,73.0
22456.0,1751874448.9760861,0.04483271375464684,1393.0,857.0,73.0
22457.0,1751874448.9790833,0.04924934466597824,1424.0,846.0,74.0
22461.0,1751874449.027648,0.24854932301740812,1505.0,524.0,79.0
22462.0,1751874449.0345292,0.009898591354307271,764.0,844.0,73.0
22466.0,1751874449.1510243,0.0356396036003273,1414.0,445.0,73.0
22468.0,1751874449.165338,0.006004176818656457,605.0,402.0,74.0
22471.0,1751874449.1782174,0.01676185746213062,1341.0,844.0,74.0
22480.0,1751874449.3092759,0.036146755828664376,1263.0,624.0,74.0
22481.0,1751874449.3217542,0.011319037597406292,1410.0,511.0,72.0
22494.0,1751874449.421572,0.01062851175973348,1298.0,419.0,73.0
22498.0,1751874449.4678445,0.01963432871822085,304.0,623.0,73.0
22509.0,1751874449.5862343,0.04739601537923803,361.0,671.0,73.0
22511.0,1751874449.6138263,0.008147054941626772,539.0,2916.0,73.0
22515.0,1751874449.6786292,0.027888808139534885,503.0,582.0,73.0
22517.0,1751874449.6904385,0.03904606032265607,1347.0,800.0,73.0
22520.0,1751874449.7322774,0.0039001973274708974,905.0,355.0,73.0
22526.0,1751874449.8204126,0.02112975743334505,673.0,339.0,72.0
22527.0,1751874449.8207488,0.5638841567291312,1373.0,582.0,227.0
22530.0,1751874449.838826,0.010677242220866382,1176.0,306.0,71.0
22534.0,1751874449.8502038,0.012888107791446984,241.0,266.0,72.0
22536.0,1751874449.9593022,0.0017444764958986672,1407.0,840.0,73.0
22544.0,1751874450.0444095,0.06626098715348208,484.0,568.0,73.0
22548.0,1751874450.0713995,0.09685534591194969,506.0,224.0,73.0
22552.0,1751874450.1034684,0.007423867481440331,807.0,1333.0,74.0
22553.0,1751874450.105622,0.012886025327704954,3487.0,725.0,73.0
22554.0,1751874450.1210868,0.006185060699541108,1374.0,454.0,73.0
22558.0,1751874450.1787574,0.005504883776333254,1322.0,1334.0,73.0
22565.0,1751874450.309233,0.0123415569158474,1307.0,1039.0,73.0
22569.0,1751874450.3537087,0.00466448573262166,1414.0,584.0,74.0
22571.0,1751874450.3553345,0.0733306022122081,1401.0,1325.0,74.0
22574.0,1751874450.377401,0.0096160850877832,1366.0,667.0,74.0
22580.0,1751874450.4266996,0.00919648810846855,1336.0,340.0,74.0
22583.0,1751874450.4774103,0.032274969173859434,1440.0,503.0,73.0
22592.0,1751874450.5796154,0.029757077883157634,1436.0,567.0,73.0
22599.0,1751874450.7022178,0.010735694822888284,483.0,862.0,73.0
22603.0,1751874450.7758322,0.01894150417827298,1338.0,2694.0,74.0
22605.0,1751874450.7861533,0.007576472809667674,476.0,865.0,74.0
22611.0,1751874450.8302317,0.022765278200060808,1356.0,1330.0,74.0
22613.0,1751874450.8437464,0.02991235869427156,758.0,264.0,72.0
22616.0,1751874450.8777459,0.013707662409772349,1405.0,835.0,74.0
22624.0,1751874451.014194,0.027346938775510202,1315.0,1327.0,73.0
22636.0,1751874451.1272278,0.007612946168566437,1217.0,756.0,74.0
22641.0,1751874451.1752698,0.0068692513680288746,1344.0,1582.0,73.0
22642.0,1751874451.180115,0.009531413743200759,1437.0,1331.0,74.0
22647.0,1751874451.263154,0.011839585227602483,1163.0,1338.0,74.0
22678.0,1751874451.5904148,0.025982461838259176,692.0,672.0,74.0
22680.0,1751874451.6214077,0.007791573070669286,488.0,621.0,74.0
22681.0,1751874451.622815,0.03642952508106046,1373.0,907.0,74.0
22682.0,1751874451.642811,0.009608444071045687,1415.0,665.0,74.0
22687.0,1751874451.6981277,0.002797036836127545,1426.0,1328.0,-110.0
22693.0,1751874451.7344723,0.004326530612244898,1427.0,320.0,73.0
22697.0,1751874451.7708821,0.2853717026378897,271.0,540.0,73.0
22700.0,1751874451.843122,0.0037242479209933666,2335.0,201.0,72.0
22701.0,1751874451.8550506,0.005792163543441226,234.0,820.0,73.0
22711.0,1751874452.0706713,0.010875301135711828,294.0,223.0,73.0
22717.0,1751874452.1561058,0.05600306866129651,1359.0,1134.0,73.0
22720.0,1751874452.1832037,0.007848781423910958,516.0,961.0,74.0
22721.0,1751874452.1910188,0.005224820973046071,335.0,594.0,74.0
22728.0,1751874452.2592158,0.01236931054117248,1382.0,579.0,74.0
22730.0,1751874452.2854588,0.007454080832495364,1384.0,1336.0,74.0
22733.0,1751874452.335674,0.003828600405679513,609.0,270.0,73.0
22734.0,1751874452.3472137,0.015934450529089636,1371.0,645.0,74.0
22738.0,1751874452.3852546,0.03500937751183353,201.0,369.0,73.0
22753.0,1751874452.6635556,0.017653421498397926,1345.0,610.0,74.0
22759.0,1751874452.73718,0.018089245798493254,500.0,492.0,74.0
22760.0,1751874452.7537186,0.00564034505640345,1360.0,1338.0,74.0
22762.0,1751874452.7749727,0.011394063692816044,474.0,799.0,73.0
22770.0,1751874452.854424,0.2531328320802005,316.0,603.0,73.0
22781.0,1751874453.0146577,0.007846836179734692,402.0,758.0,74.0
22782.0,1751874453.0178907,0.030815621092888136,556.0,891.0,73.0
22785.0,1751874453.041846,0.018771845245269373,1218.0,471.0,72.0
22786.0,1751874453.0435982,0.02710930704552044,1392.0,1328.0,73.0
22789.0,1751874453.083963,0.0031260787848567373,500.0,1336.0,74.0
22790.0,1751874453.0951462,0.012696994831876475,1410.0,253.0,73.0
22798.0,1751874453.217389,0.029526916802610114,1155.0,1018.0,74.0
22808.0,1751874453.3189268,0.013499970524081825,575.0,198.0,73.0
22811.0,1751874453.3823426,0.0043509493245808195,1308.0,590.0,73.0
22812.0,1751874453.3922026,0.01914996377686549,1075.0,1338.0,73.0
22822.0,1751874453.4765208,0.01532138010987129,1274.0,1331.0,74.0
22823.0,1751874453.476906,0.5624355005159959,1347.0,1338.0,73.0
22824.0,1751874453.4874008,0.004100707887562714,875.0,367.0,72.0
22826.0,1751874453.5094988,0.008625378817312922,3476.0,658.0,72.0
22834.0,1751874453.5710967,0.004440025202803812,1408.0,467.0,72.0
22855.0,1751874453.7204037,0.01126316075849498,453.0,374.0,73.0
22856.0,1751874453.7367702,0.009682507229021234,1315.0,534.0,73.0
22859.0,1751874453.7657995,0.04246483590087073,2451.0,1339.0,74.0
22864.0,1751874453.7888935,0.016358940017219936,1369.0,344.0,74.0
22867.0,1751874453.7988982,0.01002175541210457,374.0,649.0,74.0
22869.0,1751874453.8289695,0.004417758143297141,1341.0,1329.0,73.0
22874.0,1751874453.959186,0.0016401853830043148,1385.0,668.0,73.0
22875.0,1751874453.9714677,0.008392561581150813,447.0,822.0,73.0
22880.0,1751874453.9992,0.019340021757524476,1410.0,221.0,72.0
22885.0,1751874454.0855691,0.01631953088263768,1409.0,1334.0,73.0
22888.0,1751874454.1449687,0.007657539875238131,1345.0,469.0,72.0
22897.0,1751874454.2899814,0.017356665243989187,416.0,375.0,105.0
22898.0,1751874454.300468,0.004370291125122346,1401.0,659.0,74.0
22899.0,1751874454.3039677,0.009098371870296895,659.0,430.0,74.0
22919.0,1751874454.5668852,0.010318485558904678,1186.0,462.0,72.0
22921.0,1751874454.5828521,0.05142460041695622,523.0,999.0,77.0
22925.0,1751874454.618383,0.02346178873544935,230.0,993.0,375.0
22931.0,1751874454.698504,0.003945131431726703,1471.0,428.0,73.0
22941.0,1751874454.8053808,0.026419737097714176,1330.0,859.0,74.0
22947.0,1751874454.8293147,0.17379977670264235,1394.0,327.0,73.0
22955.0,1751874454.991598,0.005900871220440735,504.0,862.0,73.0
22969.0,1751874455.196825,0.010365464548731482,2413.0,548.0,74.0
22977.0,1751874455.2926598,0.013917550511110044,349.0,592.0,73.0
22980.0,1751874455.316113,0.008313408634952044,1360.0,885.0,73.0
22983.0,1751874455.3736684,0.0032433933213862035,1413.0,243.0,73.0
22989.0,1751874455.4341478,0.006268196609008392,877.0,235.0,72.0
22990.0,1751874455.435492,0.02258064516129032,684.0,536.0,74.0
22992.0,1751874455.4690313,0.00515630035449565,480.0,576.0,73.0
22996.0,1751874455.4986923,0.025112107623318385,228.0,3008.0,74.0
23012.0,1751874455.7471023,0.005549461186036007,1160.0,436.0,73.0
23013.0,1751874455.7488744,0.015159944367176634,1403.0,1324.0,75.0
23024.0,1751874455.902253,0.007560922541340296,631.0,278.0,72.0
23025.0,1751874455.9029384,0.08076514346439957,445.0,1331.0,74.0
23030.0,1751874455.9807425,0.014745916515426498,464.0,1338.0,73.0
23032.0,1751874456.0014253,0.012424862118113653,1392.0,203.0,71.0
23033.0,1751874456.0150032,0.006831992693807299,1345.0,466.0,-208.0
23036.0,1751874456.064029,0.006834470731731903,1360.0,255.0,72.0
23039.0,1751874456.0790782,0.034245790860153474,1360.0,741.0,74.0
23043.0,1751874456.1090913,0.009292760025897856,1389.0,1334.0,73.0
23048.0,1751874456.191111,0.03675286539736668,1419.0,327.0,72.0
23053.0,1751874456.2479863,0.03200836820083682,1382.0,413.0,74.0
23055.0,1751874456.2583194,0.029632605911453756,1389.0,625.0,80.0
23057.0,1751874456.3011875,0.006821310221769054,904.0,1330.0,74.0
23058.0,1751874456.3131917,0.01210880025450352,1230.0,1322.0,73.0
23059.0,1751874456.3170314,0.027559796597400966,1380.0,1011.0,74.0
23060.0,1751874456.3293147,0.013839828594591465,824.0,1337.0,73.0
23063.0,1751874456.3438985,0.014068527342863625,1270.0,1333.0,74.0
23064.0,1751874456.3462682,0.07060935474219607,1322.0,924.0,72.0
23068.0,1751874456.3880992,0.10379669320269443,1358.0,1334.0,73.0
23070.0,1751874456.4079096,0.0130027000142106,1390.0,679.0,74.0
23072.0,1751874456.4311876,0.007427615139497031,1359.0,1329.0,73.0
23076.0,1751874456.4593472,0.030475015422578654,1355.0,538.0,75.0
23078.0,1751874456.4849694,0.007133004210832002,1374.0,1332.0,75.0
23085.0,1751874456.516735,0.11513921113689095,1342.0,1332.0,73.0
23088.0,1751874456.5688035,0.06556160316674914,1364.0,749.0,73.0
23090.0,1751874456.5840266,0.09020569918852614,1391.0,3016.0,74.0
23095.0,1751874456.6205664,0.05198826597131682,515.0,837.0,73.0
23101.0,1751874456.692087,0.015618734038287004,1364.0,919.0,73.0
23103.0,1751874456.6963215,0.05061511423550088,1397.0,202.0,72.0
23105.0,1751874456.7285469,0.025650018705574262,1424.0,265.0,72.0
23106.0,1751874456.7330368,0.025817461191236377,1368.0,1073.0,74.0
23107.0,1751874456.7376485,0.013694334099937278,1357.0,604.0,73.0
23111.0,1751874456.7955034,0.00325210915775086,1212.0,939.0,74.0
23118.0,1751874456.866944,0.01113831765377322,1368.0,428.0,72.0
23119.0,1751874456.8747132,0.01865545702801387,1436.0,957.0,73.0
23121.0,1751874456.881809,0.06104361680940052,794.0,313.0,73.0
23124.0,1751874456.9651356,0.03378267973856209,1383.0,294.0,114.0
23128.0,1751874456.9858732,0.025061397633400314,1360.0,405.0,73.0
23130.0,1751874456.9905226,0.035096364432763906,641.0,354.0,107.0
23131.0,1751874457.0422091,0.004609631874153826,1337.0,1453.0,74.0
23139.0,1751874457.1446369,0.003910645735400921,1420.0,786.0,74.0
23140.0,1751874457.1516674,0.010613972219378178,1369.0,956.0,74.0
23143.0,1751874457.16772,0.006951004331010391,1303.0,839.0,73.0
23145.0,1751874457.191096,0.005809651089585703,745.0,1338.0,74.0
23148.0,1751874457.2243347,0.0037578629196961034,372.0,329.0,73.0
23153.0,1751874457.3025255,0.008408339544038678,1423.0,1333.0,75.0
23155.0,1751874457.3124323,0.01964630520734361,265.0,640.0,73.0
23158.0,1751874457.3435392,0.024941510695187165,670.0,1331.0,74.0
23159.0,1751874457.3515706,0.022450004430921926,907.0,1329.0,74.0
23160.0,1751874457.3538344,0.04299659975869255,1430.0,853.0,74.0
23161.0,1751874457.3668427,0.00834828457398118,1161.0,303.0,73.0
23162.0,1751874457.3711898,0.023559778131693118,987.0,841.0,74.0
23166.0,1751874457.4519615,0.059199134199134196,1061.0,1084.0,73.0
23167.0,1751874457.4568055,0.008581752484191508,1370.0,548.0,73.0
23172.0,1751874457.5320828,0.004128843338213763,891.0,276.0,80.0
23174.0,1751874457.5411625,0.03539901917075346,1430.0,1330.0,74.0
23175.0,1751874457.5521665,0.02065010378549571,1372.0,237.0,72.0
23176.0,1751874457.5539653,0.025831353919239904,1384.0,349.0,73.0
23180.0,1751874457.6059315,0.01833545918367347,954.0,583.0,74.0
23181.0,1751874457.6075625,0.014940676724769298,1423.0,467.0,73.0
23182.0,1751874457.6092536,0.01187279151943463,346.0,1337.0,74.0
23183.0,1751874457.630403,0.006923904275342834,520.0,470.0,73.0
23186.0,1751874457.6489697,0.020291322635924598,1419.0,244.0,73.0
23190.0,1751874457.6763482,0.02169037360561884,214.0,737.0,71.0
23192.0,1751874457.6917503,0.018559476872776228,429.0,741.0,73.0
23193.0,1751874457.7215078,0.004185774768501844,239.0,760.0,72.0
23196.0,1751874457.7454157,0.01552246340232206,1338.0,706.0,73.0
23200.0,1751874457.774391,0.05144163597104026,693.0,585.0,73.0
23202.0,1751874457.7878964,0.01846690876333643,205.0,1332.0,74.0
23203.0,1751874457.788226,0.3064985451018429,262.0,207.0,71.0
23205.0,1751874457.8135026,0.005423558897243108,633.0,301.0,72.0
23221.0,1751874458.0789087,0.021492182861666338,439.0,454.0,74.0
23224.0,1751874458.1143515,0.008549004477566478,2120.0,796.0,74.0
23232.0,1751874458.1557465,0.022725529793706383,1405.0,726.0,73.0
23235.0,1751874458.1977646,0.0028658952101338056,1376.0,524.0,73.0
23236.0,1751874458.1985629,0.050229809586342745,663.0,258.0,71.0
23238.0,1751874458.2043083,0.022661662817551963,531.0,1344.0,73.0
23239.0,1751874458.205831,0.019515265974189486,287.0,1038.0,74.0
23247.0,1751874458.2800744,0.11616897305171157,312.0,2526.0,75.0
23250.0,1751874458.308455,0.0076535961417487945,1369.0,943.0,74.0
23258.0,1751874458.3729124,0.01397244323694935,1339.0,841.0,73.0
23260.0,1751874458.4039354,0.022893405092778537,481.0,389.0,80.0
23261.0,1751874458.4157784,0.011784239086417753,1411.0,726.0,73.0
23262.0,1751874458.423471,0.02125030887076847,3256.0,1341.0,270.0
23265.0,1751874458.4648807,0.172196261682243,769.0,425.0,74.0
23267.0,1751874458.4909997,0.013852863757757412,1353.0,1090.0,101.0
23280.0,1751874458.6502838,0.013882679592460999,2556.0,1332.0,-104.0
23284.0,1751874458.711466,0.003397652338664437,740.0,839.0,73.0
23287.0,1751874458.7522502,0.005023780276544143,1388.0,874.0,74.0
23296.0,1751874458.9591825,0.0019332009179088647,1359.0,483.0,72.0
23298.0,1751874458.971666,0.00864151027010259,1405.0,1327.0,74.0
23303.0,1751874459.0486112,0.046687819724146866,792.0,1338.0,74.0
23307.0,1751874459.1103647,0.018091261993701018,549.0,465.0,74.0
23316.0,1751874459.2072904,0.008944560513356216,340.0,1336.0,74.0
23317.0,1751874459.219511,0.012292828528787998,1410.0,987.0,74.0
23320.0,1751874459.2596924,0.006504834045324506,1310.0,227.0,73.0
23329.0,1751874459.3254979,0.015940304427586892,1412.0,656.0,73.0
23333.0,1751874459.411519,0.0693792383933229,252.0,854.0,75.0
23336.0,1751874459.4401035,0.01617736759752831,1390.0,480.0,73.0
23340.0,1751874459.458128,0.0637297170181077,1369.0,285.0,73.0
23341.0,1751874459.458918,0.13745227351614023,1298.0,1330.0,74.0
23347.0,1751874459.5281534,0.004381028565050368,355.0,579.0,72.0
23349.0,1751874459.5839417,0.0027003653435464796,1422.0,514.0,73.0
23353.0,1751874459.629789,0.029771172446331682,715.0,784.0,73.0
23356.0,1751874459.6442628,0.025895983744758117,1373.0,902.0,73.0
23361.0,1751874459.6744223,0.03931712364200724,1407.0,215.0,72.0
23363.0,1751874459.706943,0.008011037813133273,1354.0,287.0,71.0
23376.0,1751874459.8211799,0.012482688924654714,821.0,1336.0,73.0
23383.0,1751874459.8633602,0.010061145080600334,1386.0,477.0,74.0
23384.0,1751874459.8845718,0.0066893373305293305,1317.0,833.0,74.0
23386.0,1751874459.8862946,0.034308779011099896,720.0,680.0,74.0
23388.0,1751874459.9591596,0.002112011034180097,1439.0,338.0,97.0
23391.0,1751874459.9886305,0.013936524401465594,1301.0,883.0,74.0
23392.0,1751874459.9983284,0.0189873417721519,1394.0,326.0,73.0
23395.0,1751874460.0191574,0.006469707110303725,384.0,457.0,73.0
23401.0,1751874460.0814102,0.04472630173564753,1392.0,1332.0,73.0
23413.0,1751874460.1879947,0.01436420440262865,1376.0,369.0,135.0
23415.0,1751874460.2506552,0.02669369825984119,1430.0,488.0,73.0
23431.0,1751874460.414458,0.010324531737773153,341.0,870.0,74.0
23432.0,1751874460.4585326,0.004366505444621579,387.0,3351.0,73.0
23435.0,1751874460.4938412,0.03570021278272519,1321.0,1335.0,74.0
23437.0,1751874460.53568,0.007081534248416526,499.0,860.0,74.0
23442.0,1751874460.6544826,0.0022149725274725274,728.0,1333.0,74.0
23443.0,1751874460.655102,0.15706168831168832,1325.0,966.0,74.0
23450.0,1751874460.74406,0.004992356049504888,1278.0,282.0,73.0
23451.0,1751874460.7456143,0.09391304347826086,1346.0,499.0,72.0
23454.0,1751874460.7619507,0.31282586027111575,1339.0,1338.0,74.0
23460.0,1751874460.8485968,0.010675318084605067,390.0,675.0,74.0
23469.0,1751874460.976217,0.1555977229601518,1415.0,671.0,74.0
23473.0,1751874461.0575042,0.00954561422635704,655.0,683.0,73.0
23474.0,1751874461.0609426,0.04972799553633701,1368.0,1282.0,74.0
23484.0,1751874461.1672459,0.07118919467858231,1135.0,420.0,74.0
23486.0,1751874461.2056842,0.0054229103591001415,225.0,640.0,74.0
23488.0,1751874461.214107,0.18181818181818182,1447.0,1742.0,76.0
23497.0,1751874461.3319564,0.0052809991079393395,682.0,1336.0,74.0
23500.0,1751874461.3468323,0.021442920779107345,269.0,811.0,74.0
23502.0,1751874461.350658,0.030052995237136917,987.0,411.0,130.0
23504.0,1751874461.3606353,0.015882396395065376,486.0,220.0,71.0
23506.0,1751874461.3943262,0.00366066905263846,1294.0,362.0,73.0
23508.0,1751874461.4117765,0.5679347826086957,676.0,1337.0,73.0
23509.0,1751874461.4123504,0.10139002452984465,1435.0,748.0,73.0
23511.0,1751874461.4139216,0.06520061728395062,1386.0,351.0,73.0
23512.0,1751874461.4190886,0.0186165358642088,450.0,900.0,73.0
23514.0,1751874461.4417562,0.013104288294342476,1367.0,462.0,73.0
23526.0,1751874461.5873,0.03407703407703408,1230.0,642.0,73.0
23535.0,1751874461.6977053,0.0025932347752022876,344.0,428.0,73.0
23537.0,1751874461.7309,0.008468766383030206,341.0,854.0,73.0
23538.0,1751874461.7627783,0.003817936816888756,1386.0,486.0,73.0
23541.0,1751874461.7944899,0.011941627704576274,646.0,983.0,74.0
23542.0,1751874461.8075254,0.01061046777527761,1419.0,1242.0,74.0
23545.0,1751874461.826681,0.04210791729702471,1466.0,1335.0,74.0
23547.0,1751874461.8461976,0.029451438848920864,1349.0,433.0,74.0
23554.0,1751874461.8721845,0.014580664607037903,926.0,623.0,73.0
23555.0,1751874461.8725471,0.13127413127413126,1364.0,863.0,73.0
23558.0,1751874461.895825,0.19021739130434784,1270.0,532.0,73.0
23562.0,1751874461.9626334,0.021821140616909533,1370.0,220.0,72.0
23565.0,1751874462.0443935,0.006868931473676857,215.0,796.0,73.0
23569.0,1751874462.0682557,0.017828356952096818,283.0,754.0,74.0
23576.0,1751874462.140917,0.03502626970227671,828.0,781.0,73.0
23578.0,1751874462.1845036,0.025058321937092752,1329.0,378.0,97.0
23580.0,1751874462.2043817,0.01061054653116748,548.0,865.0,73.0
23589.0,1751874462.2989721,0.023736792027642846,1320.0,668.0,74.0
23593.0,1751874462.3300166,0.0280998231479662,1347.0,907.0,73.0
23597.0,1751874462.3466816,0.036104001077731374,1380.0,1345.0,74.0
23598.0,1751874462.3649569,0.007831372243434895,1372.0,1040.0,73.0
23599.0,1751874462.3818192,0.01056805034286198,262.0,522.0,74.0
23609.0,1751874462.4509263,0.013146862528088003,1020.0,730.0,72.0
23616.0,1751874462.5386653,0.0864030131826742,904.0,455.0,73.0
23623.0,1751874462.6108768,0.06980994152046784,1366.0,279.0,89.0
23624.0,1751874462.660952,0.004222972972972973,857.0,406.0,73.0
23636.0,1751874462.7850955,0.0024601280528191594,1370.0,801.0,73.0
23639.0,1751874462.832391,0.014304639704678407,377.0,1336.0,75.0
23640.0,1751874462.8412356,0.0255304235300461,1343.0,700.0,73.0
23643.0,1751874462.880399,0.03924677898909812,227.0,354.0,73.0
23646.0,1751874462.9628766,0.027946149428954254,1781.0,615.0,73.0
23651.0,1751874463.0240378,0.04058205335489087,683.0,704.0,74.0
23654.0,1751874463.0407922,0.014105306039311538,1427.0,720.0,87.0
23658.0,1751874463.0801013,0.01446379293938529,1433.0,579.0,74.0
23665.0,1751874463.199103,0.01740264157360694,1324.0,531.0,72.0
23669.0,1751874463.2164776,0.045563549160671464,290.0,273.0,71.0
23670.0,1751874463.2174544,0.05190395343196701,728.0,700.0,74.0
23671.0,1751874463.2333994,0.009050513456880025,1486.0,508.0,73.0
23674.0,1751874463.2586577,0.018743349134178196,1319.0,1335.0,74.0
23675.0,1751874463.2894933,0.006291738807815978,2766.0,240.0,123.0
23683.0,1751874463.4011722,0.01464580748630738,435.0,715.0,73.0
23690.0,1751874463.4484224,0.008059623884218737,861.0,1226.0,74.0
23692.0,1751874463.4958808,0.004517557546847369,1338.0,504.0,73.0
23695.0,1751874463.5140114,0.02067641043547663,1394.0,835.0,75.0
23699.0,1751874463.5703452,0.009025180752929443,525.0,651.0,73.0
23708.0,1751874463.6305912,0.08776223776223777,1376.0,1196.0,74.0
23709.0,1751874463.6450458,0.006450445113623274,1408.0,757.0,74.0
23720.0,1751874463.724263,0.04548685145700071,1391.0,661.0,72.0
23727.0,1751874463.8188238,0.016962843295638127,226.0,206.0,72.0
23728.0,1751874463.8315477,0.005674817995146538,1379.0,454.0,203.0
23733.0,1751874463.8663752,0.003958709160152335,741.0,884.0,74.0
23746.0,1751874464.0727916,0.00501674126016031,1365.0,852.0,74.0
23753.0,1751874464.1392086,0.008777976929086814,693.0,1331.0,74.0
23758.0,1751874464.2121193,0.006480211297884974,586.0,1333.0,74.0
23761.0,1751874464.2871342,0.005942741910843595,1413.0,867.0,72.0
23766.0,1751874464.3589153,0.057839992223194324,1423.0,713.0,73.0
23770.0,1751874464.4634643,0.005668707169042415,217.0,367.0,75.0
23771.0,1751874464.4678035,0.033483863861658775,306.0,619.0,73.0
23774.0,1751874464.495129,0.005457545373778398,1357.0,387.0,72.0
23777.0,1751874464.5261216,0.03579275639662627,785.0,986.0,83.0
23785.0,1751874464.6481524,0.0102088772845953,793.0,829.0,73.0
23791.0,1751874464.7023244,0.02797710963756926,215.0,792.0,73.0
23804.0,1751874464.8095398,0.013939838591342627,1398.0,408.0,74.0
23806.0,1751874464.82428,0.0077951002227171495,2301.0,764.0,73.0
23807.0,1751874464.8268623,0.01896713615023474,290.0,861.0,73.0
23808.0,1751874464.8343241,0.007469118069520253,764.0,872.0,74.0
23809.0,1751874464.8729935,0.002137910639031964,1426.0,839.0,74.0
23811.0,1751874464.967514,0.002435447141919796,1435.0,1260.0,76.0
23813.0,1751874464.989904,0.01375755421258443,413.0,1333.0,74.0
23815.0,1751874465.0029383,0.0070632672332389046,494.0,1296.0,74.0
23816.0,1751874465.003957,0.11057911536707707,1390.0,937.0,73.0
23820.0,1751874465.0314667,0.008200642383653386,1305.0,309.0,73.0
23823.0,1751874465.0448968,0.028383627128772036,900.0,704.0,73.0
23825.0,1751874465.080806,0.0035808356430870937,816.0,320.0,74.0
23838.0,1751874465.1898496,0.18494722349701698,1350.0,1333.0,75.0
23843.0,1751874465.2471073,0.0040845918982119695,916.0,522.0,74.0
23851.0,1751874465.3292713,0.07213461103146457,470.0,1217.0,74.0
23858.0,1751874465.3989072,0.02161893177043017,1384.0,847.0,73.0
23861.0,1751874465.4263332,0.010767116114674695,1391.0,1335.0,74.0
23864.0,1751874465.4418223,0.01837148858902695,500.0,1832.0,77.0
23880.0,1751874465.6093144,0.011307366379090305,1354.0,1334.0,74.0
23895.0,1751874465.7403026,0.06521135880122098,660.0,229.0,73.0
23901.0,1751874465.7818706,0.033560915055860965,1425.0,945.0,74.0
23902.0,1751874465.786405,0.05607235142118863,496.0,397.0,72.0
23905.0,1751874465.8161776,0.03332823727258829,1418.0,677.0,73.0
23915.0,1751874466.0125663,0.01245370923426114,1325.0,861.0,73.0
23916.0,1751874466.0476058,0.005485232067510549,312.0,239.0,72.0
23924.0,1751874466.0968895,0.015057353475918151,1143.0,290.0,72.0
23930.0,1751874466.2114043,0.0041208371913187694,753.0,379.0,-410.0
23932.0,1751874466.2382734,0.012016631383359478,1320.0,2250.0,73.0
23938.0,1751874466.3408968,0.0053036542981698374,1371.0,292.0,72.0
23940.0,1751874466.3455422,0.0263040901007706,337.0,519.0,73.0
23941.0,1751874466.3590364,0.00567438571681103,602.0,221.0,72.0
23943.0,1751874466.3658216,0.006489698580867118,1284.0,829.0,73.0
23947.0,1751874466.4248042,0.004446768142814023,1408.0,771.0,74.0
23953.0,1751874466.5090704,0.029233565586186006,726.0,456.0,74.0
23959.0,1751874466.5521073,0.016633428098612468,1472.0,1336.0,73.0
23961.0,1751874466.6149385,0.0020951640579820064,1386.0,860.0,73.0
23964.0,1751874466.6305547,0.01793885033786855,1343.0,217.0,113.0
23972.0,1751874466.7444103,0.0091324200913242,611.0,280.0,74.0
23973.0,1751874466.7656069,0.006734572673995137,526.0,781.0,74.0
23981.0,1751874466.8669686,0.004676191858656658,1341.0,329.0,73.0
23984.0,1751874466.8741202,0.1420265780730897,808.0,814.0,73.0
23987.0,1751874466.96014,0.023044692737430168,3346.0,966.0,74.0
23993.0,1751874466.9907343,0.16428571428571428,660.0,607.0,73.0
23994.0,1751874466.9972014,0.014415277982598437,1415.0,653.0,74.0
24000.0,1751874467.0518417,0.03288066723695466,808.0,699.0,74.0
24004.0,1751874467.0962548,0.060859465737514516,998.0,895.0,73.0
24006.0,1751874467.12376,0.011402776328149462,1387.0,1325.0,74.0
24008.0,1751874467.1499174,0.006779584918790899,781.0,819.0,75.0
24010.0,1751874467.1573753,0.0337397695005846,1409.0,203.0,74.0
24011.0,1751874467.1689074,0.025218964010648458,1304.0,839.0,73.0
24012.0,1751874467.1707048,0.04418710955355783,1379.0,782.0,74.0
24026.0,1751874467.362034,0.007267768329857212,1331.0,1286.0,74.0
24028.0,1751874467.3979251,0.004606576027154553,498.0,636.0,73.0
24030.0,1751874467.438257,0.004235317986998165,1383.0,441.0,73.0
24031.0,1751874467.4432995,0.030918645022051234,220.0,828.0,72.0
24033.0,1751874467.4574702,0.026247191011235956,733.0,462.0,73.0
24036.0,1751874467.5071478,0.029432499118787453,844.0,319.0,73.0
24040.0,1751874467.524633,0.032366258594667116,1368.0,699.0,75.0
24050.0,1751874467.6731927,0.010539029682439582,739.0,721.0,73.0
24051.0,1751874467.678835,0.018915292386270183,1305.0,384.0,73.0
24053.0,1751874467.7209654,0.003731065273582797,1355.0,272.0,72.0
24054.0,1751874467.7280161,0.022082445639308782,1393.0,747.0,73.0
24055.0,1751874467.7395825,0.016862471245481434,2196.0,458.0,73.0
24068.0,1751874467.8905337,0.0043146888384983624,1339.0,677.0,73.0
24069.0,1751874467.8947506,0.0095372460496614,1226.0,931.0,74.0
24071.0,1751874467.9594412,0.003764649295631342,1418.0,275.0,74.0
24076.0,1751874468.0042415,0.004025258017131193,1248.0,541.0,74.0
24079.0,1751874468.0579276,0.012081824922580364,640.0,544.0,73.0
24081.0,1751874468.0651767,0.02924417235695785,3224.0,624.0,73.0
24090.0,1751874468.133304,0.01258324141030355,1295.0,712.0,73.0
24091.0,1751874468.1401403,0.014021715682749694,1338.0,936.0,73.0
24102.0,1751874468.2408853,0.5793103448275863,602.0,544.0,73.0
24106.0,1751874468.2629194,0.022341931696536484,609.0,898.0,74.0
24125.0,1751874468.4559362,0.048051948051948054,1368.0,1336.0,74.0
24126.0,1751874468.4667068,0.004396429833863556,418.0,497.0,74.0
24132.0,1751874468.4920182,0.025543542829986932,1369.0,1334.0,74.0
24136.0,1751874468.5340898,0.025930941096817876,351.0,733.0,74.0
24137.0,1751874468.539237,0.033580899439558935,860.0,341.0,73.0
24140.0,1751874468.573401,0.012828947368421053,578.0,1342.0,74.0
24146.0,1751874468.6375694,0.01892779726921272,1134.0,819.0,75.0
24147.0,1751874468.6688354,0.0055570398076409296,1257.0,876.0,73.0
24151.0,1751874468.7119176,0.07236376503892428,509.0,2728.0,74.0
24163.0,1751874468.8650653,0.0446875,1397.0,938.0,75.0
24167.0,1751874468.9721065,0.2434279705573081,1375.0,769.0,74.0
24177.0,1751874469.0427907,0.001698898547441742,1336.0,641.0,73.0
24187.0,1751874469.153666,0.012990886495443247,659.0,305.0,72.0
24191.0,1751874469.2091813,0.0046737136367607235,1436.0,767.0,75.0
24194.0,1751874469.283941,0.32098765432098764,1227.0,795.0,72.0
24195.0,1751874469.2992303,0.011472748357170468,1350.0,1180.0,73.0
24207.0,1751874469.4048285,0.015496377223929289,964.0,729.0,-865.0
24213.0,1751874469.4453976,0.02369321769182202,1239.0,1329.0,74.0
24215.0,1751874469.455602,0.027876241739967618,1372.0,1066.0,73.0
24216.0,1751874469.46145,0.03388870915561307,500.0,1465.0,75.0
24220.0,1751874469.4731207,0.1589430894308943,3497.0,306.0,72.0
24224.0,1751874469.4917915,0.05709292164287795,879.0,366.0,72.0
24231.0,1751874469.5911229,0.0632070831283817,1399.0,816.0,73.0
24232.0,1751874469.6064506,0.004786919896801467,467.0,1334.0,73.0
24242.0,1751874469.683631,0.009128555792514358,1392.0,466.0,73.0
24245.0,1751874469.7297463,0.026551566280818784,1405.0,832.0,74.0
24246.0,1751874469.732091,0.04634920634920635,508.0,838.0,73.0
24250.0,1751874469.7860763,0.046841477949940404,1358.0,496.0,73.0
24253.0,1751874469.812482,0.014876914130645473,1319.0,1260.0,74.0
24255.0,1751874469.820217,0.013915947676036738,1364.0,332.0,80.0
24270.0,1751874469.9792578,0.006451522615315719,1381.0,1331.0,74.0
24272.0,1751874469.9991326,0.007500540904392144,4351.0,289.0,72.0
24278.0,1751874470.0693703,0.012891113892365457,1366.0,966.0,74.0
24282.0,1751874470.104509,0.012285975689452359,650.0,668.0,73.0
24285.0,1751874470.1504812,0.003955440749112044,1444.0,1336.0,74.0
24286.0,1751874470.1614099,0.009210555034157627,1400.0,836.0,73.0
24294.0,1751874470.285386,0.3625170998632011,373.0,627.0,-874.0
24301.0,1751874470.3694336,0.08257446080109551,1410.0,653.0,74.0
24302.0,1751874470.3697937,0.35454545454545455,1479.0,995.0,74.0
24303.0,1751874470.3722992,0.049026808666911496,1364.0,621.0,75.0
24304.0,1751874470.3802485,0.015956330044089858,1374.0,2929.0,74.0
24305.0,1751874470.38384,0.02613590671491757,1389.0,1332.0,74.0
24328.0,1751874470.6356177,0.025521119872852865,591.0,435.0,73.0
24330.0,1751874470.6489923,0.008894663202078754,1403.0,778.0,74.0
24339.0,1751874470.7159169,0.08388941849380362,1426.0,646.0,72.0
24347.0,1751874470.764443,0.008826879271070615,629.0,272.0,72.0
24354.0,1751874470.8213804,0.012958758986000758,715.0,2453.0,-659.0
24356.0,1751874470.8412085,0.008815177092372012,1912.0,249.0,72.0
24362.0,1751874470.9897387,0.005596187150238303,761.0,846.0,73.0
24364.0,1751874471.04492,0.01029365406532651,625.0,2406.0,75.0
24368.0,1751874471.059862,0.0584593614575042,572.0,818.0,73.0
24370.0,1751874471.087835,0.01863896416741945,766.0,694.0,73.0
24371.0,1751874471.0900648,0.04256252742430891,1392.0,879.0,73.0
24373.0,1751874471.1123772,0.038786764705882354,980.0,402.0,72.0
24379.0,1751874471.1648626,0.006422018348623854,690.0,209.0,313.0
24384.0,1751874471.2351701,0.002819084832686519,544.0,662.0,73.0
24392.0,1751874471.3270967,0.004255277136030646,1337.0,1026.0,73.0
24397.0,1751874471.3594832,0.10435238594651285,1313.0,652.0,72.0
24402.0,1751874471.4019365,0.022836117276019155,1357.0,320.0,74.0
24405.0,1751874471.4156985,0.07861783259580077,1377.0,1333.0,74.0
24406.0,1751874471.4175932,0.023681674239295056,391.0,938.0,74.0
24407.0,1751874471.427242,0.021480582524271846,725.0,838.0,74.0
24414.0,1751874471.4637759,0.02281529098716969,292.0,790.0,73.0
24416.0,1751874471.4999611,0.003417861080485116,324.0,213.0,73.0
24420.0,1751874471.5356245,0.007384889624548392,444.0,305.0,72.0
24421.0,1751874471.5556786,0.005504761678298399,801.0,902.0,73.0
24424.0,1751874471.6027243,0.008255605121371879,633.0,204.0,72.0
24426.0,1751874471.6216784,0.009367410662657569,498.0,407.0,74.0
24431.0,1751874471.6825082,0.0047723379675735965,1363.0,735.0,72.0
24437.0,1751874471.7673025,0.01918816885588593,1372.0,1336.0,74.0
24446.0,1751874471.8695889,0.003626716339979961,228.0,235.0,74.0
24457.0,1751874471.9790087,0.042557565789473686,457.0,901.0,73.0
24460.0,1751874472.0296497,0.017435986259057186,1390.0,866.0,74.0
24466.0,1751874472.1936047,0.0007543840299988971,1347.0,949.0,73.0
24472.0,1751874472.2722175,0.01673754973247359,460.0,857.0,74.0
24479.0,1751874472.3295615,0.03646237393328161,235.0,2583.0,74.0
24487.0,1751874472.392227,0.24937903626428218,1298.0,195.0,72.0
24490.0,1751874472.4121351,0.02661888917327873,687.0,1334.0,-379.0
24492.0,1751874472.4288547,0.02268219059939629,1411.0,685.0,74.0
24497.0,1751874472.4659772,0.06035324398686429,1314.0,209.0,74.0
24499.0,1751874472.5422068,0.006582206808691344,1305.0,320.0,72.0
24505.0,1751874472.6174057,0.01114767309112887,1410.0,339.0,74.0
24507.0,1751874472.6366103,0.02565995938711464,707.0,696.0,73.0
24510.0,1751874472.6495264,0.03398184176394293,1358.0,799.0,74.0
24512.0,1751874472.693242,0.005827530952021672,1393.0,809.0,74.0
24513.0,1751874472.694267,0.07032085561497327,216.0,1115.0,73.0
24522.0,1751874472.8271675,0.0071575088377776805,1372.0,1332.0,74.0
24525.0,1751874472.8709972,0.03971034804952114,515.0,472.0,74.0
24540.0,1751874473.0249746,0.012627304165741298,1428.0,478.0,73.0
24541.0,1751874473.0282958,0.05169877408056042,1432.0,859.0,74.0
24547.0,1751874473.0891998,0.03105271262125956,1356.0,859.0,73.0
24548.0,1751874473.1075268,0.005101242041540549,982.0,1330.0,74.0
24551.0,1751874473.1285324,0.017943587426579744,1366.0,1334.0,73.0
24554.0,1751874473.1512318,0.014432046826413024,1308.0,322.0,74.0
24559.0,1751874473.2250798,0.009311173408089707,1426.0,775.0,74.0
24574.0,1751874473.3986576,0.009559630152013792,548.0,1248.0,76.0
24575.0,1751874473.4035423,0.029539573263024265,413.0,1340.0,74.0
24581.0,1751874473.4550421,0.015508492129246064,513.0,717.0,73.0
24585.0,1751874473.5444252,0.006723693548989578,1441.0,1331.0,74.0
24586.0,1751874473.5758302,0.0034592888733794066,290.0,849.0,73.0
24589.0,1751874473.5886009,0.08953761755485894,879.0,577.0,74.0
24594.0,1751874473.6154094,0.04918987096148249,1414.0,854.0,84.0
24599.0,1751874473.6902833,0.01488906474398429,1413.0,2305.0,74.0
24602.0,1751874473.704118,0.02759956942949408,938.0,752.0,74.0
24616.0,1751874473.863786,0.041165357462463956,619.0,1327.0,74.0
24617.0,1751874473.865991,0.045282611045066465,1463.0,506.0,73.0
24619.0,1751874473.890119,0.005794322397765643,1390.0,2441.0,74.0
24622.0,1751874473.9818149,0.03469047490991233,1328.0,847.0,74.0
24634.0,1751874474.0873888,0.03140136963420745,445.0,747.0,73.0
24635.0,1751874474.094166,0.020864381520119227,634.0,1030.0,74.0
24636.0,1751874474.1201565,0.008613752743233357,1384.0,524.0,73.0
24641.0,1751874474.1962352,0.012535045672424708,683.0,968.0,74.0
24646.0,1751874474.2595637,0.01090531417690843,1369.0,449.0,72.0
24647.0,1751874474.2839878,0.008047739503266952,1407.0,1334.0,73.0
24650.0,1751874474.338985,0.04657221950822342,536.0,390.0,73.0
24651.0,1751874474.3533463,0.013537683989432402,1369.0,467.0,81.0
24656.0,1751874474.381005,0.04144470487960793,1413.0,1331.0,74.0
24661.0,1751874474.426423,0.01134542210824146,1419.0,1284.0,76.0
24681.0,1751874474.6193151,0.009403789548796494,570.0,988.0,87.0
24688.0,1751874474.6947618,0.00849785956168935,247.0,616.0,73.0
24692.0,1751874474.758582,0.017775976375901104,1313.0,436.0,74.0
24696.0,1751874474.8171203,0.006673628723457159,1364.0,907.0,74.0
24702.0,1751874474.9624546,0.03857100794974973,1349.0,815.0,73.0
24703.0,1751874474.967273,0.03725109276347741,970.0,326.0,73.0
24705.0,1751874475.0125728,0.0063310910719120315,1056.0,576.0,74.0
24708.0,1751874475.052322,0.006493863344934969,1389.0,657.0,74.0
24714.0,1751874475.0962439,0.021228467026274577,1315.0,853.0,73.0
24717.0,1751874475.1166356,0.006774690226556199,1425.0,813.0,75.0
24720.0,1751874475.1377022,0.02012281530467643,380.0,721.0,74.0
24725.0,1751874475.2148242,0.0122800510981992,1366.0,341.0,73.0
24729.0,1751874475.2412877,0.3469387755102041,1363.0,1032.0,73.0
24732.0,1751874475.259178,0.011588313862708581,1453.0,396.0,73.0
24738.0,1751874475.3125849,0.47987616099071206,243.0,1234.0,76.0
24740.0,1751874475.357912,0.007456598588827983,199.0,919.0,75.0
24747.0,1751874475.4240448,0.5412621359223301,1347.0,227.0,73.0
24755.0,1751874475.5186315,0.010480807022140704,781.0,1330.0,75.0
24757.0,1751874475.5235112,0.056726951918835464,902.0,450.0,73.0
24764.0,1751874475.667004,0.005312327072686436,1331.0,635.0,73.0
24768.0,1751874475.6804507,0.1638935108153078,1332.0,866.0,73.0
24773.0,1751874475.74975,0.004305987558320373,1400.0,273.0,72.0
24778.0,1751874475.8306205,0.0075202239461011075,486.0,966.0,74.0
24784.0,1751874475.8764238,0.020854868720281167,1413.0,620.0,74.0
24787.0,1751874475.8847845,0.05634418863573104,675.0,700.0,73.0
24793.0,1751874476.0349524,0.046083269618405504,1304.0,1416.0,74.0
24794.0,1751874476.0450046,0.0094067088456488,1320.0,1327.0,74.0
24796.0,1751874476.0586684,0.015868726817165738,758.0,355.0,73.0
24800.0,1751874476.1049643,0.03361243056114645,1438.0,1334.0,73.0
24801.0,1751874476.1300814,0.00840623161729824,1364.0,1332.0,74.0
24810.0,1751874476.2764819,0.020074201669537564,2576.0,355.0,73.0
24820.0,1751874476.388347,0.09727187206020696,1376.0,617.0,73.0
24821.0,1751874476.3918388,0.027267093575707498,223.0,670.0,72.0
24824.0,1751874476.4047632,0.018476173054056525,3423.0,294.0,73.0
24825.0,1751874476.420841,0.002945332837486054,1305.0,558.0,73.0
24832.0,1751874476.5265534,0.004938232524275686,1388.0,722.0,74.0
24835.0,1751874476.5419493,0.029490616621983913,1379.0,798.0,75.0
24836.0,1751874476.5463421,0.024372993852347532,1481.0,216.0,71.0
24838.0,1751874476.5692523,0.009289296958234076,1369.0,1008.0,74.0
24839.0,1751874476.572889,0.026110363391655452,424.0,3346.0,74.0
24848.0,1751874476.679176,0.010218110206963178,1440.0,1334.0,74.0
24849.0,1751874476.6969085,0.005329077285146211,1004.0,319.0,72.0
24852.0,1751874476.7203057,0.02000537890229017,1335.0,1337.0,73.0
24856.0,1751874476.8053641,0.003051630065745852,1333.0,728.0,73.0
24866.0,1751874476.9595098,0.0025470276223877567,594.0,2701.0,75.0
24873.0,1751874477.0361724,0.02783882783882784,1445.0,567.0,73.0
24874.0,1751874477.0413392,0.02509293680297398,284.0,332.0,73.0
24875.0,1751874477.0569408,0.007933717535197274,1295.0,1332.0,73.0
24880.0,1751874477.089352,0.026304209651395884,1336.0,407.0,73.0
24883.0,1751874477.1356077,0.007326850181051918,1218.0,420.0,72.0
24885.0,1751874477.1730564,0.006033164194323727,1629.0,2079.0,402.0
24900.0,1751874477.3081949,0.01012570543772793,957.0,273.0,72.0
24910.0,1751874477.4770477,0.0013447458857179448,1357.0,508.0,73.0
24911.0,1751874477.4828777,0.00829722880732445,999.0,221.0,75.0
24918.0,1751874477.5720966,0.006355021824185268,1396.0,664.0,74.0
24919.0,1751874477.6501813,0.001146697816075786,1359.0,588.0,74.0
24930.0,1751874477.8113475,0.0584359782297336,914.0,397.0,71.0
24936.0,1751874477.872022,0.006369703689210635,259.0,494.0,72.0
24940.0,1751874477.9597592,0.13396375098502758,234.0,616.0,74.0
24949.0,1751874478.0487316,0.0028537489174211197,904.0,1331.0,74.0
24952.0,1751874478.1059124,0.004076663407795466,385.0,671.0,75.0
24960.0,1751874478.161214,0.03124269575379821,1318.0,841.0,75.0
24963.0,1751874478.196772,0.010823037260433894,613.0,1024.0,74.0
24966.0,1751874478.2189355,0.021809410126330447,1422.0,628.0,74.0
24971.0,1751874478.299422,0.011586768087741022,1370.0,693.0,73.0
24974.0,1751874478.3299296,0.014916323065728838,1416.0,380.0,76.0
24978.0,1751874478.3499048,0.020147018785733734,1106.0,618.0,73.0
24979.0,1751874478.3534377,0.007846320346320346,1370.0,651.0,73.0
24984.0,1751874478.4553008,0.02131495910876425,253.0,601.0,73.0
24985.0,1751874478.4597633,0.025097693874181298,370.0,628.0,67.0
24990.0,1751874478.5308537,0.026340634441087613,3212.0,624.0,74.0
25000.0,1751874478.64038,0.012955896707782412,534.0,620.0,286.0
25005.0,1751874478.6706495,0.011947218259629102,431.0,664.0,73.0
25012.0,1751874478.778477,0.013687754934435654,1361.0,791.0,73.0
25013.0,1751874478.7848945,0.01652892561983471,2607.0,416.0,73.0
25014.0,1751874478.813651,0.006366056517353704,1360.0,1321.0,75.0
25015.0,1751874478.8290842,0.0055206519034585715,1359.0,1336.0,73.0
25017.0,1751874478.8788443,0.003883178945654284,1388.0,364.0,72.0
25023.0,1751874478.9975765,0.0071296256408047215,1328.0,803.0,73.0
25026.0,1751874479.0655153,0.0034366315034515733,1362.0,1336.0,74.0
25030.0,1751874479.1087894,0.005962974091108697,1403.0,320.0,73.0
25031.0,1751874479.1125333,0.02504334424966288,1357.0,894.0,73.0
25037.0,1751874479.1540706,0.2679794520547945,226.0,731.0,74.0
25052.0,1751874479.3138015,0.011387133412936483,1355.0,596.0,73.0
25053.0,1751874479.3412077,0.00794008139232834,1306.0,412.0,74.0
25058.0,1751874479.4306817,0.004494498114377228,229.0,1334.0,72.0
25059.0,1751874479.4384787,0.008592321755027423,269.0,538.0,74.0
25064.0,1751874479.4818137,0.015334512911249583,418.0,1280.0,75.0
25065.0,1751874479.4973392,0.005702660213926821,610.0,315.0,72.0
25066.0,1751874479.5071821,0.003895692824620779,1341.0,326.0,73.0
25071.0,1751874479.5946267,0.016257483385511067,603.0,672.0,74.0
25076.0,1751874479.6630707,0.006677943664043539,1401.0,882.0,73.0
25079.0,1751874479.7145658,0.005179584855787919,2149.0,734.0,74.0
25088.0,1751874479.789673,0.0048051762690898715,1437.0,1087.0,74.0
25090.0,1751874479.811446,0.028623865026724194,343.0,510.0,85.0
25094.0,1751874479.8425155,0.0028587553985080488,1328.0,297.0,72.0
25100.0,1751874479.900632,0.0036075572746206487,1324.0,995.0,74.0
25103.0,1751874479.9748425,0.008763463099998469,1330.0,660.0,73.0
25104.0,1751874479.9750926,0.3456614509246088,347.0,506.0,74.0
25106.0,1751874480.0163484,0.007975747482370085,1334.0,210.0,72.0
25113.0,1751874480.0807974,0.010413663268940486,615.0,1248.0,74.0
25119.0,1751874480.1231613,0.039884497383143834,1062.0,367.0,72.0
25129.0,1751874480.2214377,0.0795125980999587,384.0,213.0,72.0
25137.0,1751874480.341879,0.010009399690064274,1260.0,569.0,73.0
25141.0,1751874480.3885076,0.008849961224396697,739.0,457.0,72.0
25146.0,1751874480.4464185,0.013730807832753208,417.0,402.0,74.0
25148.0,1751874480.4567165,0.03408894272365461,1428.0,684.0,74.0
25162.0,1751874480.5771723,0.11707953063885267,1335.0,1334.0,74.0
25172.0,1751874480.6788726,0.0032874631896727354,1055.0,619.0,171.0
25174.0,1751874480.6920815,0.14185185185185184,1405.0,794.0,75.0
25183.0,1751874480.7846308,0.02709444348873215,1355.0,1338.0,73.0
25184.0,1751874480.7969038,0.016914749661705007,1375.0,643.0,73.0
25190.0,1751874480.8459742,0.021718963165075034,1664.0,1538.0,443.0
25193.0,1751874480.9593346,0.004426646425163782,2228.0,672.0,73.0
25195.0,1751874480.994462,0.00809770343820523,808.0,568.0,72.0
25199.0,1751874481.040344,0.021316856536010814,1510.0,704.0,68.0
25207.0,1751874481.1875699,0.004860796835453646,1417.0,198.0,73.0
25208.0,1751874481.2126334,0.007687854139577263,625.0,457.0,354.0
25209.0,1751874481.2352376,0.01039078620457321,1522.0,781.0,74.0
25224.0,1751874481.4121077,0.004754858670160191,1348.0,1332.0,74.0
25225.0,1751874481.4178848,0.034467120181405894,1384.0,1148.0,74.0
25230.0,1751874481.46138,0.019243179818128484,1385.0,620.0,74.0
25246.0,1751874481.6809013,0.009777949039063628,1398.0,1067.0,74.0
25249.0,1751874481.7125487,0.004680658311943228,1410.0,877.0,75.0
25255.0,1751874481.807207,0.009685797219534551,1329.0,705.0,73.0
25274.0,1751874482.0170743,0.01308165581506481,1363.0,428.0,73.0
25275.0,1751874482.0458372,0.00438988834774542,3429.0,776.0,73.0
25276.0,1751874482.0488815,0.013549479796757804,1317.0,1294.0,73.0
25277.0,1751874482.0545366,0.016409870975823627,1433.0,855.0,73.0
25278.0,1751874482.0633438,0.016627206198880758,1254.0,777.0,73.0
25287.0,1751874482.1926003,0.011885819450568411,1431.0,561.0,73.0
25292.0,1751874482.2513134,0.012029646522234892,216.0,376.0,73.0
25295.0,1751874482.2912529,0.014581479861875538,371.0,298.0,72.0
25296.0,1751874482.3124323,0.006052652419363962,865.0,298.0,71.0
25297.0,1751874482.3197844,0.012708550573514077,1374.0,632.0,73.0
25307.0,1751874482.444692,0.06464864864864865,806.0,577.0,73.0
25309.0,1751874482.4492378,0.055943525125246696,1930.0,550.0,73.0
25316.0,1751874482.5697873,0.015796352065458263,1366.0,667.0,73.0
25317.0,1751874482.5844276,0.012990172229249782,1436.0,266.0,74.0
25318.0,1751874482.5876803,0.03301175761230027,1359.0,289.0,73.0
25320.0,1751874482.6160033,0.009672212859889392,1432.0,858.0,74.0
25321.0,1751874482.6270237,0.01693080453797523,762.0,1337.0,75.0
25329.0,1751874482.7149823,0.011656285287582413,1441.0,594.0,73.0
25330.0,1751874482.7177806,0.08278939106006775,1052.0,457.0,73.0
25331.0,1751874482.723103,0.025950292397660817,1304.0,514.0,72.0
25336.0,1751874482.7856069,0.004544163589889236,923.0,434.0,73.0
25339.0,1751874482.8404808,0.05622617534942821,794.0,566.0,74.0
25341.0,1751874482.894304,0.030766137140559018,1376.0,1341.0,73.0
25342.0,1751874482.8983407,0.013290990355210539,1403.0,233.0,73.0
25345.0,1751874482.9718413,0.027968116347364003,1369.0,207.0,-816.0
25346.0,1751874482.9745355,0.02321620652563643,1443.0,339.0,74.0
25352.0,1751874483.008347,0.03679292507925914,343.0,942.0,73.0
25354.0,1751874483.027731,0.217439293598234,903.0,335.0,71.0
25363.0,1751874483.1180282,0.037880972983366984,740.0,1336.0,74.0
25366.0,1751874483.157425,0.016096855440013966,1375.0,1335.0,74.0
25369.0,1751874483.1897025,0.008864010720567297,773.0,982.0,73.0
25372.0,1751874483.2198322,0.01097871897601332,403.0,1336.0,73.0
25375.0,1751874483.241858,0.044605809128630707,1395.0,559.0,73.0
25381.0,1751874483.3188455,0.006867939940456358,294.0,1337.0,74.0
25388.0,1751874483.388728,0.024522990303409445,1362.0,310.0,74.0
25391.0,1751874483.403232,0.020638750209015122,992.0,767.0,74.0
25397.0,1751874483.477577,0.020155872077398548,1386.0,738.0,74.0
25404.0,1751874483.5427053,0.00900684520235379,1367.0,255.0,71.0
25408.0,1751874483.6230671,0.004199441495598048,757.0,842.0,73.0
25409.0,1751874483.6474028,0.003606499539387287,1515.0,323.0,77.0
25410.0,1751874483.6503284,0.025867714472822528,1311.0,1334.0,74.0
25415.0,1751874483.7208989,0.013341103502820155,1104.0,487.0,73.0
25418.0,1751874483.7312615,0.06721536351165981,341.0,1042.0,74.0
25430.0,1751874483.8465297,0.00353566513217218,1354.0,1338.0,74.0
25434.0,1751874483.862368,0.07148530579825259,1395.0,1338.0,73.0
25436.0,1751874483.87064,0.14723203769140164,1367.0,1107.0,73.0
25440.0,1751874483.8999557,0.4563758389261745,1263.0,1341.0,73.0
25449.0,1751874484.0119753,0.006459319559350528,1408.0,901.0,74.0
25451.0,1751874484.0159595,0.12343864805290228,336.0,733.0,73.0
25452.0,1751874484.0296178,0.006832643694147919,653.0,886.0,74.0
25455.0,1751874484.0446277,0.03319919517102616,1375.0,259.0,72.0
25461.0,1751874484.082691,0.010620715814570972,961.0,263.0,72.0
25472.0,1751874484.2442818,0.007911392405063292,1455.0,261.0,73.0
25476.0,1751874484.3484654,0.007099501409061348,274.0,872.0,73.0
25477.0,1751874484.3617694,0.014772341603701123,1330.0,879.0,73.0
25478.0,1751874484.3804417,0.008216232818858941,706.0,1337.0,73.0
25479.0,1751874484.383776,0.046699563755989416,389.0,973.0,74.0
25480.0,1751874484.3930364,0.01480946360845223,1383.0,534.0,72.0
25495.0,1751874484.5968072,0.010288787559920496,1373.0,1333.0,73.0
25503.0,1751874484.7619252,0.007006743661922426,1400.0,1334.0,74.0
25504.0,1751874484.769077,0.020994734547405844,1366.0,1114.0,73.0
25505.0,1751874484.7712553,0.01961463020653052,431.0,1332.0,75.0
25507.0,1751874484.7729185,0.205685618729097,1393.0,1012.0,74.0
25511.0,1751874484.814648,0.011362789657998659,349.0,680.0,74.0
25513.0,1751874484.8538485,0.0026051930180827115,1454.0,871.0,74.0
25516.0,1751874484.8877978,0.011914809114828973,843.0,351.0,72.0
25519.0,1751874484.9622,0.05665958036787134,1342.0,745.0,74.0
25523.0,1751874485.0376334,0.03684922244759973,886.0,277.0,73.0
25524.0,1751874485.038084,0.10581683168316831,1410.0,340.0,73.0
25526.0,1751874485.0616012,0.011889403623995778,1389.0,238.0,72.0
25531.0,1751874485.1204717,0.007382097841364888,832.0,660.0,74.0
25536.0,1751874485.1566806,0.04104908807717429,1315.0,327.0,73.0
25537.0,1751874485.1605372,0.041887758287034144,1410.0,860.0,73.0
25547.0,1751874485.325279,0.02392878900697218,1381.0,1335.0,74.0
25550.0,1751874485.3457172,0.016411997736276173,279.0,421.0,72.0
25555.0,1751874485.3936274,0.006572064701306365,557.0,766.0,72.0
25556.0,1751874485.4058366,0.005081021697335897,690.0,702.0,74.0
25561.0,1751874485.4346466,0.016245235196679107,667.0,458.0,80.0
25573.0,1751874485.5609405,0.00916605559629358,770.0,1336.0,74.0
25577.0,1751874485.6282647,0.014611670401110865,421.0,459.0,73.0
25579.0,1751874485.6409557,0.010136462453181068,548.0,834.0,72.0
25583.0,1751874485.6687412,0.024411378032747698,1326.0,821.0,74.0
25584.0,1751874485.6691694,0.2231204527081649,1373.0,372.0,74.0
25586.0,1751874485.721235,0.017819385711106164,896.0,1340.0,74.0
25590.0,1751874485.7627132,0.02376784533395573,710.0,359.0,74.0
25591.0,1751874485.7667668,0.04870261798339815,1399.0,846.0,74.0
25597.0,1751874485.8450181,0.02274590894506043,555.0,481.0,74.0
25598.0,1751874485.8453145,0.18232044198895028,1391.0,511.0,72.0
25599.0,1751874485.860508,0.0072726137711467635,1525.0,900.0,73.0
25603.0,1751874485.8920364,0.008606683353093576,1397.0,507.0,73.0
25606.0,1751874485.9075503,0.011396766498807316,1389.0,840.0,73.0
25615.0,1751874486.055679,0.01675549095607235,1395.0,832.0,74.0
25617.0,1751874486.093607,0.0063028643016659796,1416.0,1330.0,73.0
25619.0,1751874486.10468,0.05139562092595688,1341.0,428.0,74.0
25623.0,1751874486.2280016,0.004829103071358026,1384.0,1337.0,74.0
25625.0,1751874486.2433417,0.06907711757269279,673.0,1329.0,74.0
25627.0,1751874486.252993,0.04615681730397837,1179.0,902.0,74.0
25631.0,1751874486.3011653,0.004433425696368674,1389.0,739.0,73.0
25632.0,1751874486.3178442,0.011727321952748724,726.0,658.0,73.0
25635.0,1751874486.360577,0.019245792202258364,450.0,377.0,73.0
25637.0,1751874486.3926327,0.003684010634257501,231.0,262.0,89.0
25640.0,1751874486.4289432,0.005099667774086379,500.0,273.0,74.0
25646.0,1751874486.4718468,0.2010126582278481,1374.0,1427.0,73.0
25651.0,1751874486.4948287,0.09606986899563319,686.0,1069.0,73.0
25657.0,1751874486.539064,0.017949771454984335,1505.0,1336.0,74.0
25660.0,1751874486.564163,0.01633067666822941,1327.0,261.0,72.0
25662.0,1751874486.5702567,0.028349853628473115,1361.0,1248.0,73.0
25670.0,1751874486.7020545,0.008787878787878787,1438.0,457.0,73.0
25672.0,1751874486.7302177,0.010970734980888746,1412.0,819.0,73.0
25680.0,1751874486.811405,0.012863992515495264,1351.0,1335.0,74.0
25692.0,1751874486.959229,0.001829756584215777,777.0,545.0,74.0
25696.0,1751874486.9775443,0.007089387934830471,1326.0,1139.0,73.0
25697.0,1751874486.9890845,0.0045600858369098714,426.0,773.0,73.0
25698.0,1751874487.0230696,0.003291270430386129,1388.0,463.0,72.0
25705.0,1751874487.102504,0.014687797294475254,402.0,1336.0,73.0
25708.0,1751874487.1253166,0.028217089543747867,1481.0,231.0,115.0
25711.0,1751874487.159069,0.011312217194570135,1361.0,262.0,72.0
25717.0,1751874487.2052138,0.08392156862745098,1729.0,787.0,73.0
25720.0,1751874487.242787,0.04837545126353791,835.0,502.0,73.0
25721.0,1751874487.2515407,0.01806047398529011,3331.0,302.0,140.0
25723.0,1751874487.2688231,0.013395653640437526,1322.0,853.0,73.0
25725.0,1751874487.2945454,0.018434012560430126,1402.0,713.0,73.0
25726.0,1751874487.3082778,0.01303780964797914,1379.0,1333.0,74.0
25730.0,1751874487.392223,0.008179052452951339,502.0,817.0,73.0
25734.0,1751874487.436548,0.011249715695365398,1318.0,661.0,74.0
25740.0,1751874487.4882576,0.010962906904634272,1352.0,2384.0,74.0
25741.0,1751874487.4999416,0.013515737502571488,1379.0,870.0,73.0
25746.0,1751874487.5659866,0.011285109726264664,748.0,1082.0,73.0
25752.0,1751874487.6345716,0.005629439322956022,500.0,341.0,74.0
25757.0,1751874487.6780193,0.012252297305744828,3037.0,884.0,75.0
25758.0,1751874487.6810079,0.033732405759585825,293.0,1334.0,73.0
25767.0,1751874487.7564635,0.02482240211465389,1366.0,733.0,74.0
25769.0,1751874487.77622,0.035291386115625725,1379.0,642.0,73.0
25776.0,1751874487.8518107,0.005502973060565774,1310.0,629.0,74.0
25777.0,1751874487.8592768,0.01658920733281694,1378.0,1335.0,74.0
25781.0,1751874488.013115,0.0020664118490205446,600.0,1928.0,74.0
25789.0,1751874488.103041,0.0328744263662912,1350.0,432.0,75.0
25791.0,1751874488.1380203,0.015414859998530168,1405.0,400.0,73.0
25793.0,1751874488.147768,0.040301779726592726,3345.0,498.0,74.0
25795.0,1751874488.192179,0.005802778967986778,941.0,1337.0,74.0
25796.0,1751874488.1929355,0.1508637236084453,1273.0,355.0,72.0
25797.0,1751874488.1955974,0.07184649802099466,807.0,285.0,73.0
25798.0,1751874488.2062738,0.016540949481836292,632.0,218.0,72.0
25809.0,1751874488.3862,0.0298183336813531,442.0,548.0,76.0
25816.0,1751874488.453763,0.04563418089627917,1384.0,866.0,74.0
25819.0,1751874488.472827,0.019798299019380024,633.0,663.0,74.0
25825.0,1751874488.567046,0.007784333005571944,1365.0,1339.0,73.0
25833.0,1751874488.6567755,0.004704109818364443,696.0,472.0,73.0
25836.0,1751874488.7044888,0.011018942676736412,1409.0,286.0,73.0
25837.0,1751874488.706747,0.010860396457191059,1380.0,829.0,74.0
25838.0,1751874488.7264583,0.004652564334357861,1323.0,1332.0,74.0
25840.0,1751874488.7375073,0.07346938775510205,1390.0,399.0,132.0
25852.0,1751874488.9640594,0.03276622558286074,1368.0,502.0,73.0
25861.0,1751874489.0136538,0.0070629590652157405,3314.0,479.0,73.0
25864.0,1751874489.0430028,0.0033538204719629713,1329.0,1331.0,74.0
25875.0,1751874489.090066,0.03853992959051325,1426.0,474.0,73.0
25880.0,1751874489.1514587,0.03431592151240928,352.0,829.0,72.0
25887.0,1751874489.2313156,0.031756077584602214,702.0,676.0,74.0
25888.0,1751874489.2384846,0.02846230488209897,1287.0,313.0,109.0
25889.0,1751874489.2431986,0.00794026397433875,1340.0,1333.0,73.0
25897.0,1751874489.3541243,0.011648917765560724,541.0,490.0,72.0
25915.0,1751874489.679338,0.046078243665837,1393.0,292.0,71.0
25923.0,1751874489.7659826,0.003300296415511393,1334.0,675.0,73.0
25927.0,1751874489.8439052,0.028035390683296024,200.0,1336.0,73.0
25929.0,1751874489.9002192,0.0017268754587012936,1386.0,583.0,74.0
25941.0,1751874490.1198175,0.008301647655259823,1899.0,819.0,74.0
25945.0,1751874490.1595795,0.008569039988853281,1406.0,1330.0,74.0
25953.0,1751874490.2707372,0.005291707761171383,461.0,697.0,74.0
25958.0,1751874490.3375437,0.0072104302284839656,1293.0,293.0,74.0
25959.0,1751874490.372429,0.0036595274020769183,1408.0,1336.0,74.0
25971.0,1751874490.648339,0.0014511525269242762,1445.0,487.0,73.0
25975.0,1751874490.697426,0.010433329778536135,622.0,506.0,74.0
25982.0,1751874490.7770538,0.008042004519473614,725.0,674.0,73.0
25988.0,1751874490.8760464,0.00415285556444546,496.0,1264.0,74.0
25992.0,1751874490.9697568,0.01745386867609342,1403.0,466.0,73.0
26007.0,1751874491.094974,0.007518460104667001,345.0,2411.0,-859.0
26008.0,1751874491.102898,0.018365305936903355,350.0,830.0,73.0
26009.0,1751874491.143786,0.0035568927917526737,500.0,3447.0,73.0
26012.0,1751874491.1603193,0.01570253259725474,1366.0,639.0,73.0
26014.0,1751874491.188597,0.011392657260328558,1344.0,528.0,72.0
26015.0,1751874491.2183256,0.003285958752781817,1330.0,834.0,73.0
26016.0,1751874491.2294786,0.006385531841947373,1394.0,272.0,71.0
26028.0,1751874491.4085982,0.037548108514033604,1360.0,744.0,73.0
26034.0,1751874491.4754055,0.011995306184536486,1453.0,1329.0,74.0
26049.0,1751874491.7192104,0.20020222446916078,1310.0,327.0,73.0
26058.0,1751874491.813473,0.01658130834332207,3956.0,1327.0,74.0
26059.0,1751874491.8186755,0.0278217176886573,284.0,461.0,73.0
26066.0,1751874491.8659627,0.01675159773642276,548.0,569.0,72.0
26068.0,1751874491.886294,0.007558117341680345,1365.0,1331.0,74.0
26072.0,1751874491.9016154,0.007714799027723958,1470.0,240.0,72.0
26074.0,1751874491.9682271,0.020854460826377513,1351.0,504.0,74.0
26076.0,1751874491.9949367,0.0036266844119114956,1340.0,570.0,73.0
26080.0,1751874492.0089319,0.019651741293532338,594.0,382.0,72.0
26088.0,1751874492.1348577,0.05375808860129418,1340.0,511.0,73.0
26090.0,1751874492.1502826,0.013423457730388423,832.0,396.0,75.0
26091.0,1751874492.1734617,0.005999426675949056,1363.0,289.0,73.0
26099.0,1751874492.2592611,0.0032745984718540464,287.0,612.0,74.0
26101.0,1751874492.2870724,0.002540599325553129,1413.0,641.0,74.0
26103.0,1751874492.3172102,0.004912581246536,1296.0,396.0,74.0
26106.0,1751874492.3421745,0.040211747938511656,1004.0,1082.0,74.0
26110.0,1751874492.3674335,0.014536433820972342,212.0,738.0,74.0
26116.0,1751874492.4237537,0.012939325056828117,2140.0,797.0,73.0
26123.0,1751874492.562494,0.0267777065983344,1170.0,447.0,73.0
26142.0,1751874492.7929633,0.0073444549365229254,1391.0,782.0,73.0
26144.0,1751874492.8063302,0.02107795172863666,407.0,980.0,73.0
26148.0,1751874492.8667502,0.004338025772976651,1370.0,850.0,73.0
26151.0,1751874492.9037712,0.013351971464378675,1338.0,1328.0,74.0
26159.0,1751874492.9921713,0.08760520275439938,1374.0,428.0,73.0
26164.0,1751874493.0407236,0.05660628662759723,1456.0,700.0,74.0
26168.0,1751874493.0592463,0.004451864218141347,1381.0,571.0,74.0
26169.0,1751874493.0691037,0.0038202084189656424,1341.0,205.0,71.0
26171.0,1751874493.0795155,0.005966744175843461,871.0,587.0,74.0
26173.0,1751874493.0936542,0.004062323237517355,1355.0,239.0,129.0
26179.0,1751874493.1345115,0.011802575107296138,1420.0,1329.0,73.0
26184.0,1751874493.225455,0.00663828676746424,1412.0,448.0,73.0
26194.0,1751874493.3487813,0.004495726165898084,702.0,1863.0,74.0
26203.0,1751874493.5029655,0.009279300278601,1368.0,1088.0,73.0
26209.0,1751874493.5565727,0.03491694945525987,251.0,1335.0,75.0
26220.0,1751874493.6920664,0.0062132947484892335,287.0,1335.0,74.0
26244.0,1751874494.0025115,0.08400247066090179,1388.0,445.0,87.0
26248.0,1751874494.0623033,0.028871391076115485,1006.0,418.0,75.0
26257.0,1751874494.1434221,0.006191903363709665,818.0,1331.0,73.0
26261.0,1751874494.2066138,0.008138351983723296,1373.0,884.0,74.0
26262.0,1751874494.2144837,0.005630221576462042,1379.0,715.0,73.0
26263.0,1751874494.2151446,0.04331728989263236,1378.0,858.0,74.0
26265.0,1751874494.3032458,0.00265770165595257,563.0,2786.0,74.0
26271.0,1751874494.3523052,0.011735063679977911,1269.0,876.0,73.0
26279.0,1751874494.453427,0.009734682191257874,672.0,200.0,75.0
26280.0,1751874494.4812355,0.0026956484532112447,2101.0,841.0,73.0
26290.0,1751874494.5966916,0.014457378895981976,1450.0,911.0,74.0
26292.0,1751874494.619309,0.013838335279170387,1392.0,565.0,87.0
26297.0,1751874494.6796985,0.21804001356391997,1377.0,641.0,74.0
26298.0,1751874494.6811473,0.033125556544968834,1374.0,1256.0,75.0
26299.0,1751874494.6942115,0.016859188887689374,1436.0,348.0,73.0
26314.0,1751874494.9915729,0.01692420897718911,1390.0,877.0,74.0
26315.0,1751874495.0037742,0.015967634757456124,1428.0,561.0,77.0
26325.0,1751874495.1013813,0.01838789281736586,1394.0,411.0,73.0
26326.0,1751874495.1163259,0.012252396166134185,1359.0,682.0,74.0
26327.0,1751874495.1180518,0.026240386065450157,1128.0,1336.0,73.0
26330.0,1751874495.1439838,0.04185997469422185,1403.0,862.0,74.0
26334.0,1751874495.1831613,0.040477084898572505,1284.0,404.0,72.0
26340.0,1751874495.2419164,0.027146714671467148,810.0,211.0,74.0
26346.0,1751874495.37496,0.006797472672048338,1324.0,488.0,74.0
26355.0,1751874495.4701178,0.004395165318150035,1410.0,459.0,73.0
26362.0,1751874495.5570614,0.008930510970046584,362.0,230.0,72.0
26363.0,1751874495.560263,0.0500037427951194,393.0,1335.0,75.0
26366.0,1751874495.5892258,0.09460946094609461,1474.0,549.0,73.0
26370.0,1751874495.6325693,0.037706205813040065,1372.0,875.0,72.0
26372.0,1751874495.6536403,0.009304427424307381,1284.0,1084.0,-581.0
26376.0,1751874495.693956,0.01357698769156924,1330.0,719.0,74.0
26377.0,1751874495.694246,0.24070631970260223,214.0,886.0,75.0
26380.0,1751874495.7580097,0.48175182481751827,1440.0,1327.0,74.0
26383.0,1751874495.7784016,0.026847636471939752,1410.0,423.0,72.0
26384.0,1751874495.7837944,0.023750332948592738,3314.0,359.0,73.0
26386.0,1751874495.7873733,0.07222877358490566,1345.0,869.0,74.0
26387.0,1751874495.798882,0.008158728161244992,933.0,491.0,73.0
26389.0,1751874495.8084095,0.06522111758656153,740.0,197.0,72.0
26392.0,1751874495.8521378,0.006687487664139509,682.0,495.0,73.0
26393.0,1751874495.852579,0.10106761565836299,1338.0,333.0,74.0
26408.0,1751874496.0387154,0.011252956727424516,1410.0,616.0,72.0
26409.0,1751874496.0390503,0.18538713195201745,414.0,248.0,73.0
26414.0,1751874496.1102557,0.010436254230913877,348.0,422.0,74.0
26415.0,1751874496.1278024,0.0053005464480874315,1213.0,710.0,80.0
26416.0,1751874496.1356857,0.011824477575830888,547.0,795.0,74.0
26418.0,1751874496.1609933,0.008562511234210828,1319.0,953.0,73.0
26430.0,1751874496.3317099,0.02274753210736571,1433.0,891.0,73.0
26434.0,1751874496.4008515,0.015052037042346398,1379.0,318.0,73.0
26437.0,1751874496.408553,0.12165867032213845,1441.0,240.0,73.0
26441.0,1751874496.4829998,0.003951505537772994,1430.0,402.0,74.0
26452.0,1751874496.6262603,0.014102654867256637,1110.0,497.0,74.0
26459.0,1751874496.789879,0.13735558408215662,876.0,763.0,75.0
26461.0,1751874496.7979994,0.02801021131754361,1322.0,560.0,78.0
26463.0,1751874496.820137,0.002859799225618152,1205.0,807.0,75.0
26466.0,1751874496.8358607,0.01338199513381995,1337.0,679.0,74.0
26473.0,1751874496.9595337,0.002521326726972438,366.0,261.0,154.0
26475.0,1751874496.9623394,0.04457346193463808,1396.0,1980.0,74.0
26481.0,1751874497.033386,0.014284306964831052,1426.0,198.0,72.0
26484.0,1751874497.0432496,0.012332838038632986,840.0,249.0,71.0
26486.0,1751874497.0553448,0.03283668450744973,1300.0,1340.0,74.0
26488.0,1751874497.0618975,0.03166308023363049,1323.0,441.0,73.0
26492.0,1751874497.0979786,0.015097976228718278,1385.0,812.0,74.0
26495.0,1751874497.1337755,0.12287847929395791,703.0,1337.0,73.0
26497.0,1751874497.1582143,0.04447873339594794,3306.0,249.0,74.0
26511.0,1751874497.303888,0.015108992349390643,1290.0,1341.0,73.0
26518.0,1751874497.3800225,0.04716181869528382,1398.0,437.0,73.0
26519.0,1751874497.4010944,0.0042769556265853746,2611.0,656.0,77.0
26520.0,1751874497.4071207,0.007613505002590983,1372.0,286.0,73.0
26527.0,1751874497.4585025,0.0029128672745694023,1385.0,1329.0,74.0
26529.0,1751874497.492871,0.019625543296556337,1468.0,501.0,73.0
26534.0,1751874497.6184075,0.0029089717194686004,1378.0,998.0,73.0
26535.0,1751874497.6317096,0.014966641692532734,491.0,439.0,73.0
26537.0,1751874497.6901207,0.00461312764323618,1397.0,2662.0,74.0
26542.0,1751874497.77466,0.016336409015277567,1365.0,458.0,73.0
26554.0,1751874498.087341,0.03082380764682696,3384.0,713.0,73.0
26556.0,1751874498.103228,0.0028879574729094256,1443.0,277.0,73.0
26557.0,1751874498.115025,0.012892780043175822,709.0,3344.0,73.0
26566.0,1751874498.1947877,0.003224339630441073,501.0,579.0,-268.0
26572.0,1751874498.2828343,0.027796827138481233,1410.0,412.0,72.0
26580.0,1751874498.3414462,0.0366447985004686,1389.0,709.0,73.0
26589.0,1751874498.4035432,0.03321930824781452,548.0,462.0,74.0
26597.0,1751874498.4950514,0.0033937468409271426,1361.0,249.0,73.0
26600.0,1751874498.543235,0.021586628470890757,645.0,239.0,72.0
26605.0,1751874498.6474562,0.00306691282149966,464.0,501.0,73.0
26606.0,1751874498.6486208,0.047765118317265556,1404.0,1334.0,73.0
26608.0,1751874498.659763,0.030567847978877693,1376.0,1337.0,73.0
26613.0,1751874498.7413902,0.01911963273021874,1410.0,314.0,73.0
26614.0,1751874498.747555,0.008746355685131196,1387.0,1336.0,73.0
26616.0,1751874498.7969172,0.009319200398378032,1377.0,808.0,74.0
26632.0,1751874499.027191,0.00950795120893846,900.0,439.0,74.0
26633.0,1751874499.0302246,0.03204547326797924,1371.0,379.0,74.0
26637.0,1751874499.0801497,0.011421172651026166,1354.0,1330.0,74.0
26641.0,1751874499.1332152,0.01160524606281932,1284.0,615.0,73.0
26648.0,1751874499.2321906,0.031102043958581932,1338.0,1330.0,74.0
26652.0,1751874499.305975,0.015300284227234137,1429.0,1137.0,74.0
26657.0,1751874499.353227,0.013871134911038176,1334.0,1336.0,75.0
26663.0,1751874499.4715803,0.028711723385391803,1389.0,479.0,74.0
26668.0,1751874499.5315957,0.03845908946195479,312.0,817.0,74.0
26674.0,1751874499.611971,0.016832092638544252,1403.0,796.0,74.0
26675.0,1751874499.6123137,0.35600425079702447,1460.0,511.0,74.0
26679.0,1751874499.64924,0.006533797123249036,1363.0,366.0,73.0
26682.0,1751874499.681374,0.01463963963963964,1331.0,540.0,73.0
26685.0,1751874499.7105598,0.021890849191555768,251.0,813.0,74.0
26687.0,1751874499.7522511,0.017587756145669722,370.0,694.0,74.0
26694.0,1751874499.8484154,0.0033466955978080984,948.0,414.0,78.0
26697.0,1751874499.8665397,0.00293811869999548,1412.0,307.0,74.0
26699.0,1751874499.8767023,0.019600094839168577,986.0,545.0,73.0
26702.0,1751874499.9591444,0.0020039802557152687,1405.0,369.0,79.0
26706.0,1751874500.0569754,0.004982320797171327,585.0,2790.0,73.0
26707.0,1751874500.0713995,0.007940849786973028,294.0,2211.0,75.0
26709.0,1751874500.081299,0.025322361723786904,1305.0,517.0,73.0
26722.0,1751874500.2447338,0.015657955066483265,1319.0,249.0,70.0
26727.0,1751874500.3295171,0.0030440376384322366,926.0,300.0,73.0
26730.0,1751874500.3690443,0.025058962264150945,1397.0,579.0,73.0
26732.0,1751874500.3763816,0.017248053679728162,1341.0,835.0,74.0
26736.0,1751874500.4265049,0.09041980624327234,1128.0,817.0,74.0
26751.0,1751874500.5552182,0.03380612136077637,469.0,752.0,72.0
26757.0,1751874500.6281729,0.009053116195973338,797.0,1331.0,74.0
26760.0,1751874500.6451063,0.03783211397766654,1184.0,440.0,123.0
26762.0,1751874500.6527908,0.14166059723233795,350.0,666.0,271.0
26763.0,1751874500.65606,0.0286568470176462,1409.0,381.0,74.0
26764.0,1751874500.7131228,0.0021464335378152313,1343.0,707.0,72.0
26766.0,1751874500.724343,0.007533407868817548,2016.0,331.0,71.0
26775.0,1751874500.8254492,0.030624263839811542,1351.0,910.0,73.0
26783.0,1751874500.959204,0.0023683681120722764,490.0,862.0,73.0
26790.0,1751874501.0381823,0.022717446841960462,476.0,1330.0,74.0
26814.0,1751874501.3416927,0.008603261108425263,1356.0,220.0,72.0
26819.0,1751874501.3778117,0.011159907718820358,1425.0,3213.0,74.0
26825.0,1751874501.494571,0.00560765592603797,1332.0,1019.0,73.0
26827.0,1751874501.5079896,0.0117472872143539,1371.0,622.0,73.0
26831.0,1751874501.5281892,0.028169655046873576,1323.0,311.0,73.0
26833.0,1751874501.5392053,0.020305449496702533,332.0,1337.0,74.0
26836.0,1751874501.567568,0.010734277247283503,1384.0,468.0,74.0
26837.0,1751874501.5736432,0.023829315599889166,921.0,371.0,72.0
26840.0,1751874501.5982742,0.008182338355903108,1403.0,1000.0,73.0
26843.0,1751874501.6222847,0.012488808631390461,405.0,1096.0,74.0
26844.0,1751874501.6317813,0.009876355142559728,1410.0,898.0,74.0
26848.0,1751874501.69502,0.005856642723048934,389.0,209.0,72.0
26849.0,1751874501.7087083,0.010869945126000488,1405.0,597.0,74.0
26860.0,1751874501.8800955,0.012332593282245936,1439.0,499.0,74.0
26875.0,1751874502.0359244,0.013409090909090909,273.0,1338.0,73.0
26881.0,1751874502.125059,0.002762396015069913,1318.0,329.0,73.0
26882.0,1751874502.140108,0.00443145539160406,521.0,374.0,74.0
26884.0,1751874502.1911695,0.008699039210594652,1327.0,1029.0,74.0
26885.0,1751874502.2007685,0.00968109339407745,3364.0,598.0,73.0
26887.0,1751874502.2130282,0.031007232788641842,313.0,754.0,72.0
26894.0,1751874502.2770483,0.0130029788642489,466.0,1337.0,73.0
26903.0,1751874502.347996,0.18533886583679116,1419.0,1335.0,74.0
26906.0,1751874502.4457076,0.0020704210748127756,774.0,629.0,73.0
26910.0,1751874502.5026155,0.03653475185596539,3796.0,231.0,73.0
26913.0,1751874502.5646222,0.00818478921034619,618.0,466.0,72.0
26920.0,1751874502.6259482,0.0233391808405156,390.0,883.0,73.0
26921.0,1751874502.650116,0.005968823993685872,1455.0,781.0,73.0
26926.0,1751874502.7130733,0.009845340910507098,597.0,1331.0,74.0
26932.0,1751874502.7687757,0.02346268656716418,1397.0,427.0,72.0
26934.0,1751874502.776014,0.016957656030503712,1454.0,681.0,73.0
26940.0,1751874502.903481,0.011897930295726692,1389.0,705.0,74.0
26953.0,1751874503.1031861,0.02127874142799516,458.0,772.0,73.0
26968.0,1751874503.3475974,0.01566881081972621,326.0,368.0,73.0
26974.0,1751874503.3791406,0.5589123867069486,1327.0,660.0,74.0
26981.0,1751874503.4794657,0.03128480307785765,1382.0,727.0,74.0
26983.0,1751874503.4942837,0.00594883997620464,1429.0,698.0,73.0
26986.0,1751874503.5316656,0.005487054965154048,1321.0,568.0,74.0
26997.0,1751874503.7241697,0.01233211391046937,626.0,796.0,73.0
26999.0,1751874503.7462347,0.008872312824314306,1609.0,582.0,-702.0
27015.0,1751874503.9941266,0.003773277040119113,1334.0,1332.0,73.0
27018.0,1751874504.0662732,0.0065106382978723405,238.0,333.0,75.0
27021.0,1751874504.1052682,0.02412897067402026,1294.0,740.0,75.0
27026.0,1751874504.1931818,0.004383244716064697,1484.0,1876.0,74.0
27028.0,1751874504.230157,0.008600621698100058,1347.0,496.0,73.0
27037.0,1751874504.3235514,0.4987405541561713,574.0,2014.0,75.0
27039.0,1751874504.3329258,0.04077526658171819,237.0,645.0,73.0
27043.0,1751874504.40041,0.008370260955194485,420.0,1337.0,74.0
27047.0,1751874504.4504862,0.012583194675540765,1390.0,450.0,73.0
27052.0,1751874504.5246289,0.006822587548148335,1465.0,872.0,93.0
27053.0,1751874504.5282364,0.05374495934421895,1373.0,549.0,73.0
27054.0,1751874504.5395942,0.009268664296597258,1366.0,833.0,74.0
27056.0,1751874504.5406034,0.09658246656760773,1361.0,843.0,74.0
27062.0,1751874504.5783997,0.05341747400231091,1350.0,926.0,74.0
27071.0,1751874504.630156,0.3969035890218156,1412.0,1180.0,74.0
27081.0,1751874504.7642992,0.004430039029204612,228.0,675.0,75.0
27083.0,1751874504.7721155,0.016719404772085864,1384.0,387.0,73.0
27087.0,1751874504.7991095,0.01391357646337726,1353.0,269.0,73.0
27091.0,1751874504.8349044,0.022738775215096523,878.0,707.0,74.0
27105.0,1751874505.031705,0.05154136712562447,850.0,609.0,73.0
27109.0,1751874505.0860548,0.011089066817827535,1367.0,565.0,73.0
27110.0,1751874505.0882177,0.05015180479028449,666.0,708.0,73.0
27113.0,1751874505.107581,0.012294459134980699,1352.0,524.0,72.0
27115.0,1751874505.1314125,0.007345118556625909,582.0,537.0,73.0
27126.0,1751874505.2482247,0.012527781027020703,1122.0,838.0,73.0
27133.0,1751874505.3144324,0.01770375894164112,1403.0,217.0,73.0
27138.0,1751874505.3551042,0.008423133029033927,1356.0,406.0,73.0
27139.0,1751874505.364504,0.018045572717540908,271.0,638.0,71.0
27155.0,1751874505.5146227,0.03263427644997646,236.0,807.0,75.0
27158.0,1751874505.554741,0.010155926150314085,379.0,734.0,72.0
27166.0,1751874505.664585,0.003818018194616461,765.0,1334.0,73.0
27167.0,1751874505.6660242,0.04728481714074621,1386.0,370.0,72.0
27174.0,1751874505.7281594,0.007529024706589478,1913.0,878.0,73.0
27179.0,1751874505.7767918,0.024978431453103817,781.0,578.0,74.0
27184.0,1751874505.8246074,0.058052060448705145,324.0,306.0,73.0
27185.0,1751874505.8400075,0.01026780166521685,1288.0,842.0,74.0
27191.0,1751874505.8692286,0.03201954397394137,1381.0,1336.0,73.0
27200.0,1751874506.0531363,0.03415821501014199,683.0,797.0,73.0
27206.0,1751874506.1757488,0.004311736325162408,1307.0,839.0,74.0
27220.0,1751874506.3155162,0.010060960499578728,1314.0,909.0,80.0
27222.0,1751874506.3256013,0.045018281535649,724.0,334.0,72.0
27228.0,1751874506.3897479,0.05883864337101747,679.0,531.0,74.0
27230.0,1751874506.4454854,0.04666917576213775,611.0,331.0,74.0
27231.0,1751874506.4477062,0.047900909788446785,1374.0,1329.0,74.0
27234.0,1751874506.505905,0.060303128023218314,1441.0,1137.0,73.0
27244.0,1751874506.647141,0.018809067885601334,1391.0,777.0,74.0
27246.0,1751874506.6549857,0.03539982030548068,1392.0,723.0,73.0
27247.0,1751874506.681049,0.007805526713663771,1354.0,341.0,72.0
27255.0,1751874506.724744,0.011283517852592236,1376.0,676.0,73.0
27257.0,1751874506.7400634,0.026579404300788034,1249.0,647.0,73.0
27260.0,1751874506.763685,0.01051462421325435,1328.0,889.0,74.0
27263.0,1751874506.8167634,0.017075476945325102,1384.0,511.0,74.0
27266.0,1751874506.8344462,0.01023832057128108,554.0,1616.0,-63.0
27268.0,1751874506.8491104,0.026963657678780773,1379.0,789.0,74.0
27269.0,1751874506.8756578,0.006127593910086755,1369.0,691.0,73.0
27271.0,1751874506.906926,0.0048981728444300425,925.0,964.0,73.0
27273.0,1751874506.9888263,0.00666527304303081,1185.0,1340.0,75.0
27283.0,1751874507.1294963,0.010569210866752912,1419.0,283.0,72.0
27287.0,1751874507.1771603,0.3240371845949535,1421.0,572.0,73.0
27294.0,1751874507.2151575,0.0842835894893406,402.0,213.0,72.0
27301.0,1751874507.2548776,0.026266902838380783,1299.0,383.0,72.0
27304.0,1751874507.277072,0.007778909629708027,1376.0,1321.0,73.0
27309.0,1751874507.344763,0.04074494233314426,505.0,1272.0,74.0
27313.0,1751874507.4228885,0.008415790021872722,804.0,410.0,73.0
27314.0,1751874507.433619,0.018040435458786936,1302.0,2632.0,73.0
27315.0,1751874507.445503,0.01672381639896529,873.0,234.0,75.0
27317.0,1751874507.457921,0.017262900698483522,1245.0,341.0,72.0
27320.0,1751874507.4943857,0.03433252004182642,1293.0,885.0,75.0
27328.0,1751874507.6032133,0.005708598026874323,1346.0,1332.0,74.0
27336.0,1751874507.7321322,0.2225,1383.0,753.0,74.0
27351.0,1751874507.869412,0.2880382775119617,1449.0,579.0,73.0
27353.0,1751874507.8797288,0.5465686274509803,1306.0,2228.0,24.0
27354.0,1751874507.9038684,0.008176125321450305,350.0,772.0,74.0
27360.0,1751874508.0380025,0.24524714828897337,306.0,228.0,72.0
27362.0,1751874508.0644243,0.010955236521097709,843.0,1333.0,74.0
27363.0,1751874508.0646846,0.4491017964071856,284.0,457.0,73.0
27368.0,1751874508.1453245,0.13189897100093545,1432.0,442.0,73.0
27370.0,1751874508.1598086,0.01590706922714667,483.0,632.0,74.0
27371.0,1751874508.1815693,0.006629119915848527,1327.0,292.0,71.0
27372.0,1751874508.1936107,0.015990693455843207,622.0,355.0,73.0
27375.0,1751874508.2282217,0.01075565361279647,850.0,287.0,73.0
27377.0,1751874508.2334907,0.018952546296296297,1399.0,686.0,73.0
27382.0,1751874508.2718544,0.030339142956452653,521.0,1337.0,75.0
27387.0,1751874508.3230138,0.00748754370027803,349.0,1333.0,74.0
27390.0,1751874508.3409343,0.006022344976533621,2116.0,260.0,72.0
27391.0,1751874508.3417807,0.03544088460447973,1398.0,848.0,73.0
27393.0,1751874508.3750112,0.027553100545801276,1430.0,569.0,74.0
27394.0,1751874508.3834229,0.035993170813624784,1390.0,774.0,74.0
27399.0,1751874508.478441,0.00785813297643516,688.0,286.0,74.0
27407.0,1751874508.6039295,0.027060354867438515,1374.0,891.0,75.0
27409.0,1751874508.6246562,0.034051424600416956,1433.0,626.0,74.0
27425.0,1751874508.828678,0.009707240082119928,287.0,839.0,-431.0
27430.0,1751874508.8861408,0.009566597024772616,857.0,236.0,72.0
27433.0,1751874508.906047,0.007756685037762809,1376.0,879.0,74.0
27434.0,1751874508.906444,0.16747572815533981,512.0,704.0,75.0
27436.0,1751874508.9595428,0.0028253206875249828,1365.0,1335.0,73.0
27442.0,1751874508.9773958,0.008635578583765112,239.0,311.0,75.0
27451.0,1751874509.1122272,0.013795918367346938,401.0,273.0,134.0
27452.0,1751874509.1192322,0.0247939400006674,522.0,549.0,73.0
27453.0,1751874509.1196535,0.25605282465150403,708.0,600.0,74.0
27454.0,1751874509.1218047,0.04332010582010582,1429.0,279.0,72.0
27461.0,1751874509.1922355,0.026989852853398385,626.0,1192.0,73.0
27469.0,1751874509.2967703,0.02704587724736516,794.0,1339.0,74.0
27470.0,1751874509.3081567,0.013685423870900135,1711.0,564.0,74.0
27480.0,1751874509.4602852,0.01586078760139575,1360.0,1006.0,73.0
27482.0,1751874509.4714065,0.020825937758845108,1433.0,1333.0,74.0
27484.0,1751874509.4798772,0.029649595687331536,1370.0,577.0,74.0
27489.0,1751874509.5399244,0.12345679012345678,748.0,1322.0,74.0
27503.0,1751874509.6609926,0.01192740529402441,1414.0,563.0,73.0
27506.0,1751874509.683149,0.009379618180173115,1317.0,1334.0,73.0
27512.0,1751874509.7572858,0.1767881241565452,1456.0,402.0,73.0
27517.0,1751874509.9024642,0.020532552438027787,824.0,970.0,73.0
27521.0,1751874509.9602919,0.2114587259705993,1377.0,1332.0,74.0
27524.0,1751874510.0079331,0.013094044834773201,695.0,549.0,73.0
27530.0,1751874510.1025603,0.043707885631032596,1420.0,794.0,74.0
27531.0,1751874510.1029086,0.1003690036900369,2193.0,277.0,73.0
27537.0,1751874510.211617,0.002110122925281822,1361.0,673.0,74.0
27543.0,1751874510.2894,0.004462121158886648,1752.0,824.0,85.0
27549.0,1751874510.357887,0.012810036000618415,898.0,437.0,74.0
27552.0,1751874510.3635135,0.08331279270396845,1378.0,362.0,73.0
27555.0,1751874510.3894973,0.03848593783040812,841.0,383.0,73.0
27558.0,1751874510.4391508,0.02187045530820002,1397.0,830.0,73.0
27563.0,1751874510.500317,0.017402881460700872,597.0,1326.0,74.0
27564.0,1751874510.515745,0.00662293033427054,791.0,792.0,73.0
27565.0,1751874510.5161176,0.14973664409330323,1389.0,882.0,74.0
27569.0,1751874510.569182,0.006029245456697262,1316.0,205.0,71.0
27571.0,1751874510.581194,0.04272731383098974,789.0,934.0,88.0
27573.0,1751874510.5926378,0.01256426735218509,528.0,229.0,75.0
27582.0,1751874510.7388327,0.03557240881184543,451.0,540.0,73.0
27584.0,1751874510.765414,0.005245577137201534,334.0,324.0,73.0
27585.0,1751874510.7662442,0.05806053119209389,708.0,345.0,73.0
27592.0,1751874510.846768,0.00450820634436122,1336.0,327.0,73.0
27599.0,1751874510.8898654,0.008652956091278625,1380.0,970.0,74.0
27605.0,1751874511.0114806,0.01219200584048184,475.0,885.0,73.0
27607.0,1751874511.0147326,0.104437564499484,1369.0,788.0,74.0
27620.0,1751874511.1902463,0.015536577837226052,761.0,320.0,73.0
27629.0,1751874511.371162,0.005054176966390726,1365.0,1337.0,74.0
27631.0,1751874511.3984733,0.01758010288815976,1378.0,1328.0,74.0
27632.0,1751874511.4132693,0.008543020786408392,494.0,1324.0,74.0
27633.0,1751874511.417044,0.014308733483725427,493.0,461.0,73.0
27637.0,1751874511.4613504,0.011275200686316563,743.0,2470.0,73.0
27640.0,1751874511.5569067,0.007351581283521361,2745.0,4039.0,74.0
27641.0,1751874511.590492,0.0020874306852310728,536.0,318.0,73.0
27643.0,1751874511.6239326,0.004290530186944529,1420.0,347.0,74.0
27646.0,1751874511.6375031,0.02218203737191079,1426.0,263.0,73.0
27651.0,1751874511.7075007,0.0067948816444296485,823.0,380.0,73.0
27652.0,1751874511.715218,0.021662328002975084,509.0,200.0,71.0
27655.0,1751874511.7459548,0.012705095474836147,1336.0,355.0,74.0
27664.0,1751874511.8386123,0.0077948202162434,588.0,320.0,73.0
27674.0,1751874511.9690802,0.026584867075664622,1363.0,503.0,73.0
27676.0,1751874511.9884982,0.01637606462696933,1378.0,786.0,73.0
27677.0,1751874512.0226576,0.0032311868854289524,1126.0,442.0,72.0
27687.0,1751874512.1695912,0.2660300136425648,509.0,842.0,74.0
27691.0,1751874512.218741,0.00853622898626513,1364.0,325.0,109.0
27697.0,1751874512.2588603,0.04010152284263959,1354.0,502.0,78.0
27698.0,1751874512.2602854,0.033477883781439725,1363.0,977.0,75.0
27699.0,1751874512.2949805,0.0027104734064818054,475.0,3407.0,73.0
27705.0,1751874512.3562117,0.002271604938271605,838.0,699.0,74.0
27710.0,1751874512.4079845,0.02262443438914027,1364.0,769.0,74.0
27716.0,1751874512.4487572,0.004974081192847574,1353.0,1334.0,73.0
27718.0,1751874512.4785402,0.004066787898826253,1471.0,255.0,72.0
27719.0,1751874512.486656,0.013817839713059329,628.0,1336.0,73.0
27722.0,1751874512.5723724,0.003653214558869843,411.0,347.0,73.0
27723.0,1751874512.575376,0.013837190483897071,1366.0,1285.0,74.0
27729.0,1751874512.6083093,0.017932600887386435,458.0,958.0,74.0
27739.0,1751874512.755045,0.008033372570885737,1405.0,503.0,74.0
27744.0,1751874512.8251743,0.0064833390419337476,658.0,1309.0,75.0
27750.0,1751874512.9861033,0.006688461332332922,573.0,1336.0,-294.0
27751.0,1751874512.9915576,0.017269555231659378,949.0,1187.0,74.0
27754.0,1751874513.0093784,0.029059449866903283,1929.0,1340.0,74.0
27760.0,1751874513.0595405,0.008091773602199816,1382.0,813.0,73.0
27763.0,1751874513.092416,0.023816629857338983,1375.0,298.0,72.0
27765.0,1751874513.110234,0.023438328560822994,1259.0,1329.0,74.0
27775.0,1751874513.1848588,0.021410847217298832,1354.0,2550.0,74.0
27785.0,1751874513.2679546,0.03048780487804878,1212.0,359.0,-879.0
27786.0,1751874513.2934666,0.005583369004857531,1849.0,535.0,72.0
27788.0,1751874513.2998137,0.034286558782236014,325.0,767.0,74.0
27795.0,1751874513.4257524,0.0021870013056724215,1423.0,850.0,72.0
27797.0,1751874513.4440672,0.017349553742378274,436.0,387.0,73.0
27798.0,1751874513.4490266,0.028181206117149176,1360.0,1061.0,74.0
27808.0,1751874513.5025651,0.008814576352845849,281.0,2736.0,74.0
27810.0,1751874513.542099,0.01384638290128869,406.0,2321.0,74.0
27812.0,1751874513.580651,0.0152170554611463,1338.0,246.0,72.0
27813.0,1751874513.6175745,0.0038933116392585276,1338.0,601.0,73.0
27817.0,1751874513.6545815,0.00965989607935758,1390.0,314.0,72.0
27826.0,1751874513.794585,0.004180566699041426,675.0,3084.0,74.0
27836.0,1751874513.8968227,0.02676669739644594,1328.0,573.0,74.0
